Date,Close,High,Low,Open,Volume
2020-01-01,605.529296875,606.19233129956,601.7405948043777,604.3453274779305,3673698
2020-01-02,609.38916015625,609.9811449630853,605.7188543538712,605.7188543538712,6137166
2020-01-03,600.6988525390625,608.5603994443895,598.4256076891043,607.234330313411,10855550
2020-01-06,587.6988525390625,597.5732060182935,585.3546156735159,596.7207247157202,10890186
2020-01-07,597.0047607421875,602.1431767378965,593.050314229868,596.1996846178865,14724494
2020-01-08,595.4419555664062,597.7388448014235,587.2725661329978,590.5402756575533,11332110
2020-01-09,602.1195068359375,604.2033046016976,598.1887051911852,599.0885335231053,9546316
2020-01-10,607.4710693359375,609.4601728526172,603.871813491343,608.1341038414974,9214580
2020-01-13,609.033935546875,614.0066076489296,604.2980573544421,607.4710726189669,7451568
2020-01-14,610.6914672851562,612.1359331976332,605.0084136927392,610.4546733854722,7886290
2020-01-15,608.2051391601562,609.9573909159484,603.3982113725496,609.2233645040944,11787448
2020-01-16,609.8153686523438,611.4018762888768,605.8845666176381,607.163288419645,7150400
2020-01-17,605.3162841796875,608.513001967246,602.3563603023184,607.0211887708494,16918814
2020-01-20,594.305419921875,617.9611105177366,593.1687974902289,617.9611105177366,22178450
2020-01-21,589.3089599609375,591.9847425595085,586.4911357107582,591.9847425595085,14984804
2020-01-22,587.6514282226562,594.3527073618872,584.5968099426914,591.0612951746068,18368310
2020-01-23,589.5457153320312,590.49289085823,582.9865363753064,587.2488262432006,11508920
2020-01-24,589.4036865234375,593.8790678577712,586.8225984717415,590.0903656704809,11831756
2020-01-27,574.5567016601562,584.8809389292223,573.8700224675994,584.8809389292223,18888552
2020-01-28,579.2926025390625,581.4711527758164,574.5804268199824,577.2088623646235,13412158
2020-01-29,585.2835083007812,588.1960850182678,578.8427253732511,580.2871913795456,13788350
2020-01-30,580.642333984375,586.7515702363573,576.4510357873509,586.7515702363573,12111984
2020-01-31,580.7606811523438,586.2069402792469,577.8954521394406,583.1996118168922,11178268
2020-02-03,564.8955688476562,567.3344998460584,557.744346592457,566.8846145462204,13077010
2020-02-04,582.4182739257812,584.4073194738172,567.3581594243379,567.3581594243379,20897704
2020-02-05,589.4510498046875,591.0375573266558,581.234313274247,584.8335688880729,18020682
2020-02-06,587.1541748046875,591.3690599560683,585.9228002816666,589.4510640616896,11827550
2020-02-07,588.290771484375,590.5640161625739,583.270752115284,590.0904283388669,6815448
2020-02-10,587.3909912109375,588.6459526743174,580.6423648340666,588.6459526743174,9219834
2020-02-11,587.5331420898438,594.352819469064,586.3255276213613,588.8118641171482,11613520
2020-02-12,591.5111694335938,593.3581734383829,589.1669329193304,589.7115126471815,6297930
2020-02-13,587.9119262695312,596.6733008644125,584.2179181807978,596.6733008644125,9112140
2020-02-14,577.4693603515625,591.2271111621104,575.4092646698865,588.764419540286,14688858
2020-02-17,576.4274291992188,583.9337846168844,575.1487073930117,580.1450820402947,10152690
2020-02-18,574.5804443359375,577.0667804849288,569.9629629163823,576.3090515064869,10529116
2020-02-19,581.1869506835938,582.513019706518,574.8882673522369,578.9611110497709,10012268
2020-02-20,576.4037475585938,582.5130422467998,574.9829840409186,582.5130422467998,11123414
2020-02-24,573.017578125,575.2908228585611,568.3054022887617,572.5439902897593,16568084
2020-02-25,568.4474487304688,572.5676393882633,567.3581736866331,570.1997004329769,13886680
2020-02-26,567.9501953125,570.5312258169903,561.5094124980089,567.1214166243225,13814786
2020-02-27,568.044921875,569.4893879376268,559.3072491927961,565.937479073151,20655098
2020-02-28,557.7207641601562,561.2016234268023,554.1451526333246,556.7025386820304,24313056
2020-03-02,558.6441650390625,568.8500053945262,552.2744321654279,568.4000622917009,14664898
2020-03-03,559.68603515625,561.3672370094275,553.1505009757981,556.4656152795914,22369550
2020-03-04,544.081298828125,558.833569448218,536.6222914393035,558.0521380643305,34288870
2020-03-05,545.265380859375,551.7298668268896,541.1925367522988,546.0468124046383,19549708
2020-03-06,537.474853515625,540.3163805679825,521.4202141076019,532.7863223170319,23053566
2020-03-09,524.4038696289062,529.66068340419,504.371079677857,525.6825337487523,34420590
2020-03-11,527.4821166992188,530.4183379455845,517.1578794969449,523.3145209195276,35538240
2020-03-12,483.67523193359375,511.4748425848141,475.2217009586306,509.10690349877325,59000770
2020-03-13,506.6442565917969,512.1615082677355,435.32191586076743,464.13972221452224,66342364
2020-03-16,473.35101318359375,491.1105559493614,471.2198680517016,490.1633803351871,31986322
2020-03-17,461.7955017089844,478.3237292625368,452.1343268968877,477.3765535610268,42676838
2020-03-18,415.2891540527344,470.2726861593095,409.6534476614327,466.4839837531922,61181406
2020-03-19,424.12158203125,435.67713682679727,376.50233075855004,401.1288983050212,67220048
2020-03-20,418.1070251464844,433.143439503964,390.49685905227716,414.3893720565236,88637464
2020-03-23,365.3966979980469,397.22180713467804,362.2947033776795,376.3128921030309,50276954
2020-03-24,363.5733947753906,383.606154859156,349.86302086691546,376.62073413795537,61057272
2020-03-25,405.7463684082031,410.81376390855485,357.67720424895873,364.87574495834104,47228042
2020-03-26,426.75,444.08333265034827,398.2873817820586,412.06877665250437,57043156
2020-03-27,428.33648681640625,468.2125849223154,413.0159043103058,447.51679250707997,55235936
2020-03-30,393.85931396484375,420.0723877005265,392.13070689519276,416.75727302870723,39268444
2020-03-31,408.1853332519531,413.72628734505696,396.8665733565511,404.3492547580676,35211092
2020-04-01,392.9121398925781,409.10881994288405,388.3420059433593,409.10881994288405,29103504
2020-04-03,385.429443359375,399.70812797666855,383.6061417785563,399.2345401473123,34996280
2020-04-07,424.38201904296875,429.68620822188024,400.3474380216403,413.9157401505629,60412638
2020-04-08,420.97222900390625,447.5404944115309,410.1744034746511,416.73361219107665,56219352
2020-04-09,438.0924072265625,440.86291331760424,421.4931599122434,432.3856797751441,44457146
2020-04-13,424.02685546875,448.3456080798709,419.6935441323949,442.33103680896863,34158056
2020-04-15,408.848388671875,440.67349824915425,399.23456101454815,440.67349824915425,57978752
2020-04-16,416.6388854980469,421.8246779187658,405.50957170526016,409.6534651387446,53854396
2020-04-17,431.1069641113281,435.7007715050366,420.1907712150475,433.33283252946575,55883462
2020-04-20,447.4694519042969,455.0942333496393,442.8046233171163,450.38202863591187,66232986
2020-04-21,436.4822082519531,442.3310060307355,430.0177232076101,438.0687158227306,33178006
2020-04-22,439.7736511230469,441.8574491550055,429.68623603919485,435.29826921581855,38289354
2020-04-23,452.2526550292969,453.9338858625016,432.172521651164,442.8045730635775,40901222
2020-04-24,444.2490539550781,453.8865835478693,438.54232643857176,441.8574412172651,33284568
2020-04-27,440.2945861816406,453.4129741043949,438.684376089416,447.61152351828474,27421072
2020-04-28,441.0997314453125,446.972203393988,436.6479941295112,446.972203393988,29441436
2020-04-29,462.74261474609375,470.1306015606987,442.3783399213504,442.804580491512,55877778
2020-04-30,474.44024658203125,482.58596242566557,469.84643919589695,474.25082880760095,43793134
2020-05-04,437.12152099609375,454.64426885834234,434.5167882057595,453.46029940819045,26722324
2020-05-05,431.651611328125,447.06688862405014,430.04140122638694,444.22536178957523,29672858
2020-05-06,448.20355224609375,449.908456941775,428.90484738253866,435.2272336099908,33785846
2020-05-07,438.0687561035156,446.73540787559705,436.3401489091201,445.4093676922772,21831730
2020-05-08,439.98675537109375,447.04322540288103,438.1634538388063,446.119723379116,20807484
2020-05-11,433.7117004394531,451.8027601380309,432.8592481825579,443.75176755695486,28550784
2020-05-12,426.9631042480469,430.680786073331,412.5423489795209,426.7026367214937,49568418
2020-05-13,439.3237609863281,454.64431568712365,436.69532541185623,450.3820252275569,44346966
2020-05-14,423.24542236328125,431.43848551680225,421.4931417233304,425.28184412084346,39554890
2020-05-15,420.61700439453125,422.62975248836386,414.3893134361181,421.7299241312722,24349628
2020-05-18,396.227294921875,420.54601998851155,393.69358252571084,420.54601998851155,46649964
2020-05-19,393.38568115234375,410.74265506947523,391.23083373776507,407.6880082616409,47460692
2020-05-20,405.912109375,409.1798768985452,394.11978998824173,396.13253822530055,40014306
2020-05-21,407.0724182128906,418.65164657168174,403.63890640560027,407.97224666252146,48478908
2020-05-22,397.2691345214844,412.16347736443464,394.52233092393,402.54965032024086,42047432
2020-05-26,403.686279296875,412.8501922779216,401.9576721489945,405.8647717604575,38005152
2020-05-27,427.9576416015625,430.87018932741387,405.93580815185277,407.23817464619043,56025754
2020-05-28,447.6589050292969,449.908447265625,432.83561144259414,435.7008120888158,75488806
2020-05-29,450.6898498535156,452.276357450958,437.33466786286783,447.0668915536171,53025166
2020-06-01,467.739013671875,471.21987252480557,457.53317320786255,461.7481162931512,39190230
2020-06-02,474.0614013671875,475.95575262140204,461.842841558605,467.2891014144718,41623594
2020-06-03,484.1251525878906,495.49126035224316,480.9047611690921,483.0595799849826,50546088
2020-06-04,474.3929138183594,492.03403078925146,469.3728657021748,486.87196992255116,54275882
2020-06-05,489.3819580078125,493.667950866198,474.91385601288056,475.0559265765521,35195984
2020-06-08,481.1178894042969,505.152471843992,476.6188050067185,502.0031012034842,49812664
2020-06-09,467.5732727050781,486.25631893617447,463.9029669132541,483.05960098845674,61844146
2020-06-10,469.7280578613281,473.5167603419333,463.2636015970991,468.8519319748906,36497730
2020-06-11,458.7171325683594,468.0941941542392,457.0122280466569,466.4839840683493,30897714
2020-06-12,465.4184265136719,467.2654305596224,439.4894935687484,439.4894935687484,42644876
2020-06-15,449.8373718261719,461.27452905224675,446.5933068750192,458.43300217923496,32009936
2020-06-16,469.0414123535156,470.7226434189499,450.85562757807895,461.7481479922552,45399970
2020-06-17,463.7608947753906,473.0669074428646,460.9193677203461,468.37837623983796,36957838
2020-06-18,483.0359191894531,485.3801847591436,460.3273766683835,464.11607935701215,40870126
2020-06-19,489.3819580078125,493.9520919935411,479.34191943493755,482.088722986111,47877752
2020-06-22,487.20343017578125,495.3491168924699,484.85916487645915,492.27079631298744,29694474
2020-06-23,493.6205749511719,494.8992388553897,481.42566049492433,492.0577121251195,28830512
2020-06-24,488.9794616699219,500.81915807839454,487.8191945462986,496.55686737134437,39429246
2020-06-25,487.20343017578125,496.79358275032274,476.9028959290515,483.9593654349899,70646790
2020-06-26,500.3218688964844,503.42389248729955,486.84831747595854,493.00495962302807,39969138
2020-06-29,509.604248046875,512.7062138929917,491.11061869299635,491.11061869299635,46005956
2020-06-30,504.7735290527344,510.7881286085143,500.25080039283444,508.6332810624773,35746130
2020-07-01,513.6533813476562,519.0522945133749,502.6188188972583,504.77360897345386,34846718
2020-07-02,515.9265747070312,526.2744568521122,513.9374712071245,516.3528153006549,36954496
2020-07-03,508.6095886230469,518.9575281785096,506.738939959749,517.6314592299118,27597254
2020-07-06,522.3673095703125,530.3709544341806,520.9465462623243,524.7115459040901,35558216
2020-07-07,523.3856201171875,526.4875858251261,517.65521873679,525.3983684647952,24349850
2020-07-08,525.8482055664062,532.7389312253459,523.314522382233,524.2616979883546,30056350
2020-07-09,532.7625732421875,535.0121152953822,524.3800922946875,529.4711611519176,20114484
2020-07-10,523.3618774414062,530.4183473749359,520.7334997816465,529.4238245358104,17562978
2020-07-13,511.59320068359375,527.103200519176,507.3546131659067,525.6350899595362,29922114
2020-07-14,501.4584655761719,506.21804642380647,497.26722481493465,503.2344199505109,26612674
2020-07-15,498.759033203125,511.0012670090253,497.3145672016317,506.8336709933505,20974394
2020-07-16,503.2108154296875,504.6078765246582,489.7372058138159,498.9958718157995,23662456
2020-07-17,520.2125244140625,522.8409599731156,501.1980194464601,501.553210316007,28405738
2020-07-20,536.5987548828125,545.9994624639867,532.3838113117391,537.522228097427,65124096
2020-07-21,539.2034301757812,548.3909875427954,537.0485824919947,545.5968656816383,47512422
2020-07-22,533.4255981445312,542.0212281345551,529.2580602600719,539.1797013815561,24718012
2020-07-23,535.3436279296875,541.7370628385348,528.6423494074719,532.7862424039471,20149122
2020-07-24,529.9920654296875,531.7917220922633,521.5385352402088,531.7917220922633,19598440
2020-07-27,511.2380065917969,522.3673193800389,509.27260574996956,520.8755063164347,37970094
2020-07-28,514.624267578125,518.2945735498025,501.766345418367,511.001308830975,35596450
2020-07-29,504.18157958984375,515.5003400046988,499.89564452262283,511.9484313689292,33592086
2020-07-30,497.5750732421875,513.2034718863025,495.7043665966615,508.6333376902901,26956266
2020-07-31,489.12152099609375,500.9138114020133,483.08324741798464,500.9138114020133,37726696
2020-08-03,474.53497314453125,486.3509655689854,470.27268296658633,485.87737777143593,31783542
2020-08-04,493.3127746582031,502.50039012196834,475.0085934673722,477.3765326172594,60306168
2020-08-05,486.6351623535156,500.01401757537576,483.0595513733578,496.29630713217466,33221360
2020-08-06,492.86279296875,499.63512153192795,486.0194724854418,491.1105412593453,33646888
2020-08-07,494.3546142578125,495.9411218281457,483.3436978902163,490.09232405100107,24836784
2020-08-10,497.5750732421875,503.89745931328554,494.3310081161424,494.4257025592764,22172854
2020-08-11,505.1524658203125,507.2125612998036,496.55683522207664,496.55683522207664,20136148
2020-08-12,503.75537109375,504.8446462692065,496.3200650001205,504.371058420924,20666432
2020-08-13,501.55322265625,507.37831837353264,500.34555054567113,505.76810816309927,19892740
2020-08-14,489.90289306640625,504.7972645640739,486.51678643130293,504.7972645640739,20924512
2020-08-17,489.09783935546875,495.84646604229073,483.1543177737902,495.84646604229073,19561012
2020-08-18,500.34552001953125,502.78450879716246,484.006740615202,486.8482674681288,24040824
2020-08-19,505.1287536621094,506.6442693619533,500.2271313221259,504.3710247176938,17715624
2020-08-20,501.5295104980469,506.24168626831124,498.2143956977765,499.6114566677705,19216734
2020-08-21,514.150634765625,515.6424479794565,504.1815879057319,504.56048129086855,28924302
2020-08-24,529.0213012695312,531.8154231788657,514.1506320521144,514.3163762281067,36779740
2020-08-25,530.2763061523438,533.7335206706247,523.8828700129884,529.9448177732289,27601738
2020-08-26,529.6842651367188,535.983006159888,525.445677344286,530.8919371815633,25190062
2020-08-27,526.677001953125,535.1068882558171,523.906524774149,533.1651897600997,20645996
2020-08-28,527.8136596679688,532.7863321009106,518.5786965782196,526.6059875241332,38696610
2020-08-31,528.4530029296875,544.0577576301962,521.2781352761166,534.917488792034,38501166
2020-09-01,533.8756103515625,541.5950576766639,524.7353416550061,534.2070987245911,28877884
2020-09-02,537.11962890625,539.4165182338052,530.7498381439231,532.3600482680174,19761682
2020-09-03,535.5803833007812,542.7078440555674,534.2069673013697,538.5876538683357,19833362
2020-09-04,530.0868530273438,532.9757270743686,523.0303831737506,525.6824633183799,23661370
2020-09-07,525.9192504882812,530.1815406768401,520.4729908029005,528.6660828453123,17615466
2020-09-08,526.8427124023438,529.8500411093245,522.3673309236393,527.576796599215,14624918
2020-09-09,519.2890625,525.6824982900137,516.8027263594391,521.4202077633379,15728872
2020-09-10,516.47119140625,523.2434621677486,513.369168233938,522.3673363118392,15188088
2020-09-11,510.8354797363281,523.2434566732622,507.21252159133104,519.2653076868147,20794730
2020-09-14,501.0322265625,518.1050911266838,498.38014625056275,515.2635641186764,21650590
2020-09-15,506.9757385253906,509.6515211503377,501.10323825911115,505.7917690286008,16505110
2020-09-16,517.9393310546875,519.0522508698061,505.9575360808241,506.83366198587436,18710112
2020-09-17,513.1797485351562,518.1050734094782,510.52766831390994,513.3691952247481,18318686
2020-09-18,500.7244567871094,517.2526264985989,495.94117325465527,517.1579320530325,23481778
2020-09-21,496.9356994628906,507.3782757200217,493.2416915148514,499.6351267865274,19842878
2020-09-22,490.35284423828125,501.1269672278319,487.5586645161511,499.185268712797,18620678
2020-09-23,495.9648132324219,499.6351186060683,489.85551917731163,495.37282849473695,16079828
2020-09-24,487.9848937988281,495.84643992793775,485.42750804788557,491.5841496133709,19809510
2020-09-25,494.4256896972656,498.19068978463525,485.7353646637358,497.26721664954874,20321544
2020-09-28,499.2561950683594,501.5294394480504,493.7862911094248,496.76985932038747,16152422
2020-09-29,503.2108154296875,506.69167471915534,497.7408523955099,501.0559674923401,12644446
2020-09-30,510.811767578125,514.742569273699,498.2143442013941,502.00304643866707,18813842
2020-10-01,524.2379760742188,525.6824419445059,516.2580334501458,516.2580334501458,21203080
2020-10-05,527.7426147460938,536.1014519504577,526.1561069937795,526.6296948488595,16940126
2020-10-06,541.8318481445312,543.6788523235131,533.3546140591651,537.5459127845144,19371990
2020-10-07,550.4274291992188,551.6587459363651,538.7534781835764,542.210692302306,21248778
2020-10-08,564.4219360351562,569.7260960158046,550.948329086166,558.8335771393595,35060674
2020-10-09,584.1942749023438,585.8281297469175,564.350933803847,568.7789683314858,44972388
2020-10-12,574.7698364257812,588.5512296372209,570.9574315684628,583.247069481048,19220546
2020-10-13,567.5712890625,578.9373965283816,565.9374342386844,574.6514615247294,18353952
2020-10-14,573.7516479492188,575.0777169789134,556.7024863097868,566.1979452917092,22582918
2020-10-15,553.7426147460938,576.3564354466505,551.2562784387027,575.0303662916343,28246896
2020-10-16,567.99755859375,569.9629596720636,555.5185306982389,558.8336455446905,25822848
2020-10-19,569.986572265625,584.8808842087241,564.8007516016243,584.8808842087241,42359556
2020-10-20,579.6478271484375,581.2817399211143,571.0996011238872,571.8573301233379,27411978
2020-10-21,590.4218139648438,592.4582643768715,578.5821204321325,582.7970628919784,35640752
2020-10-22,584.0758666992188,591.9847599679864,579.1978891526778,587.2251793734391,21913060
2020-10-23,585.2598876953125,591.2507277442996,583.081337338208,588.9064910130453,15866230
2020-10-26,573.467529296875,588.1960996171958,570.4839027686133,582.4183510706442,19571976
2020-10-27,583.9810791015625,585.3544952237552,567.2871098809821,580.6186174306827,24317780
2020-10-28,572.851806640625,583.4601852065834,569.0157569202192,581.5658339559128,16571186
2020-10-29,562.243408203125,570.4127976829093,558.1232175029422,568.5894962307826,23060024
2020-10-30,560.5149536132812,567.9739626582729,557.1050862203874,560.0413657374088,11522716
2020-11-02,575.527587890625,580.1450690524712,557.6496480075795,565.6295910686702,21926080
2020-11-03,591.0139770507812,592.3400462511466,580.3819521733202,580.8318375389686,28164230
2020-11-04,595.4893188476562,598.9938801743824,582.5130014005952,592.9319331329635,23404822
2020-11-05,601.0775756835938,604.2979956500186,593.0976333063729,599.5621179411627,21433928
2020-11-06,619.2871704101562,620.400090307665,599.3254307514122,599.6806216428098,35705724
2020-11-09,634.8681030273438,637.4254307157104,622.8626069068144,622.8626069068144,26288440
2020-11-10,660.0157470703125,660.6550791330761,640.0777092909375,642.658740059917,41517356
2020-11-11,658.2633666992188,670.0320702645637,649.0521067328153,662.9756001906362,36116194
2020-11-12,649.620361328125,657.6003619970146,644.0794071994167,652.3198464713761,27053948
2020-11-13,643.5111083984375,648.2469862706338,637.9227493848422,648.2469862706338,22472480
2020-11-14,648.6732788085938,651.1596151122721,646.5421334054408,647.7735081094111,1835066
2020-11-17,667.0247802734375,668.9901814015474,653.8353702909427,656.2980617830259,31059900
2020-11-18,667.1431274414062,672.0211050279592,662.5730513057764,664.4437000382147,18862776
2020-11-19,650.8753662109375,662.7624081519232,647.8680953131696,658.14492720945,20266882
2020-11-20,664.7515258789062,667.0010679250034,646.4710483928237,650.0703041043771,20405362
2020-11-23,660.465576171875,674.2233257581156,651.349010444153,670.126779466313,25246636
2020-11-24,681.1140747070312,684.3344954571203,663.993918872267,666.8117436703291,40154400
2020-11-25,664.3489990234375,693.5219963829492,661.6021666174429,687.3180076712156,24152602
2020-11-26,675.64404296875,678.1777261235598,656.8662752328055,670.1267335648304,27943126
2020-11-27,682.3690185546875,684.8080074601961,670.3872810499112,678.0830833467495,17994580
2020-12-01,678.7933959960938,686.2287011031041,675.0993881452553,682.3689490895632,17147574
2020-12-02,666.3143310546875,678.0830341152878,660.5602855423987,677.7041407514697,17892150
2020-12-03,652.22509765625,678.1777323249325,650.7333423290647,676.7569689192239,37933222
2020-12-04,656.2032470703125,663.7096021718844,650.3781517907096,654.0247547427127,26912322
2020-12-07,649.8809204101562,653.5275236928608,643.17964084008,651.1832869841245,24316318
2020-12-08,651.7988891601562,657.718736450316,646.518373815132,651.1832019175762,19457896
2020-12-09,666.4328002929688,667.7825719160998,651.2069971437802,652.1304703281169,22069074
2020-12-10,656.3216552734375,663.9701099711853,651.5384299521099,662.0757587301833,19727966
2020-12-11,654.8773193359375,660.6550681335584,650.2361351594091,658.3108313387821,21356384
2020-12-14,649.83349609375,657.3398509855255,647.8680952076361,654.9719120410531,17222050
2020-12-15,658.9027099609375,660.6312591314887,646.9209158475564,653.9300382066189,21561436
2020-12-16,668.0902709960938,670.9792027585718,660.4181719366511,664.9172559333512,16832092
2020-12-17,682.8189697265625,684.334427687693,665.1541201988684,671.8316971698117,21924478
2020-12-18,668.3981323242188,681.8243349393504,666.0065486123938,679.5984953959074,22995918
2020-12-21,650.0703735351562,674.3180483184574,647.2524911424747,671.3107770346853,23761824
2020-12-22,650.283447265625,655.8244596437975,636.9756406113383,655.8244596437975,22851558
2020-12-23,651.4910888671875,654.0010695985399,644.5767183346328,647.6313366151035,15467394
2020-12-24,661.6495361328125,664.9173036746126,652.1304324501009,658.0029330191164,14952188
2020-12-28,669.1085815429688,672.9683340782458,664.9173406374786,665.3909284869355,11699194
2020-12-29,675.9044799804688,679.4800909681309,672.4946709703752,672.9919612810602,14495346
2020-12-30,678.41455078125,681.9191122043819,669.1795883098822,681.9191122043819,16216726
2020-12-31,680.2141723632812,683.8607752565193,674.8863096751678,679.5984851060285,22145750
2021-01-01,674.8862915039062,683.3871690618734,672.7787911885241,681.9664057166303,8810938
2021-01-04,670.6004028320312,681.0193356443933,662.549409295206,681.0193356443933,15740192
2021-01-05,675.667724609375,677.5857784188031,667.2852432584963,672.1158159334071,14386824
2021-01-06,672.7551879882812,681.9664477871121,669.2269241099976,679.5985087322957,22134050
2021-01-07,670.71875,678.4618992939315,668.9664981906012,678.4145520741395,19894842
2021-01-08,678.0120239257812,682.9136463718647,673.962824881487,678.1777681029891,13768764
2021-01-11,687.3889770507812,693.7587675349387,680.2141682562502,686.7022978773078,17331392
2021-01-12,701.383544921875,704.5565601168332,686.276082257034,687.8625898545131,20388156
2021-01-13,696.4818725585938,708.9135516468576,692.4326739597276,707.0192005476937,16934650
2021-01-14,695.5820922851562,704.6986575797872,689.5438477393617,696.7187145853906,12297166
2021-01-15,694.5875854492188,696.9555245413233,684.3343976182036,695.7478524799448,14165236
2021-01-18,702.3780517578125,711.731410769727,694.7532997710615,696.1267159476713,42825632
2021-01-19,712.2050170898438,715.8990251352752,694.7533178392471,706.4983186612751,17360254
2021-01-20,706.593017578125,710.8553078986365,703.751490697784,710.8553078986365,13346052
2021-01-21,698.447265625,707.7058718326775,695.2978953954342,706.592952136487,26333054
2021-01-22,683.6477661132812,695.1796187343615,682.0375558560813,695.1796187343615,15392364
2021-01-25,692.7879028320312,701.3835329786784,689.1412998903074,693.853475383822,20344718
2021-01-27,667.5693969726562,697.073942054867,665.9355420753217,695.2269379463488,23556276
2021-01-28,649.5020141601562,663.6386573049136,635.5548755229009,658.2397444156159,42704446
2021-01-29,658.5238647460938,667.1668424746923,646.2105814067206,658.9264028315245,28704502
2021-02-01,699.370849609375,702.0939797162,663.496570375984,667.8772579391374,26370544
2021-02-02,739.0574951171875,747.5583733559366,709.1504127425507,710.8553173311757,42420206
2021-02-03,745.80615234375,749.0738621856243,730.272448092601,747.7951981441097,20237254
2021-02-04,747.842529296875,752.0574725376579,730.9591116288991,741.6385402984712,24484684
2021-02-05,756.6038208007812,766.3834199558067,733.1138786291295,733.1138786291295,27054716
2021-02-08,760.2268676757812,772.7295980086683,755.7040807536468,767.2122882010688,17447580
2021-02-09,763.3524780273438,771.0009325010271,751.4417333862714,762.4763521662492,18421366
2021-02-10,749.0975341796875,764.7732794572811,742.1121138356696,761.6949586277138,19788006
2021-02-11,744.6458129882812,756.698657949199,740.7860606113193,749.2159471102909,13648618
2021-02-12,749.1921997070312,754.1885741389179,744.9536120066047,745.3798525902982,9910106
2021-02-15,765.60205078125,769.5801999926454,756.1776416929837,757.7878518274786,10355244
2021-02-16,770.361572265625,777.1575453320123,761.7422400012975,767.7804841834933,13897358
2021-02-17,751.3471069335938,768.0647807827121,749.6895494962994,767.2122995476974,12794426
2021-02-18,736.0975341796875,760.5582975853896,733.1139079415677,760.5582975853896,14720560
2021-02-19,728.8989868164062,740.7860292853279,726.0101127375784,731.6931664576377,17139508
2021-02-22,733.1139526367188,745.3798888586701,729.064753611122,731.7168916782571,29451838
2021-02-23,724.1868896484375,737.7077884015558,721.1085685500753,735.8371394738815,18239906
2021-02-24,760.795166015625,764.3470748323017,718.0775657714667,722.931841154258,14314332
2021-02-25,760.7714233398438,774.9080070475392,758.6876255402033,762.3579308447829,20109570
2021-02-26,726.6731567382812,752.4836927211386,720.3270684390092,751.6075668233725,27912846
2021-03-01,738.2760009765625,744.7404857285171,729.6566687036201,740.6912870896532,13536018
2021-03-02,742.6803588867188,751.8206264779094,734.53467191637,746.2322673582679,16110038
2021-03-03,751.5128173828125,755.8461574794367,741.1649351223799,750.1631036638017,11222410
2021-03-04,735.031982421875,744.0064482821596,728.8989856058892,733.3744250896104,16291438
2021-03-05,724.5894165039062,731.9773754629191,720.3744730417781,725.0630043578303,17445822
2021-03-08,719.61669921875,736.4290669859535,716.3015844477521,730.272425268386,15117050
2021-03-09,739.9810180664062,741.4964760669994,728.4965126660156,731.6932306640625,15066696
2021-03-10,736.7842407226562,745.9008061309231,735.0793361565595,744.4800426906737,11055016
2021-03-12,734.9845581054688,757.7404748656829,726.9809705885083,757.7404748656829,15631204
2021-03-15,723.9500732421875,733.3034332122131,717.6276870525,733.3034332122131,12230386
2021-03-16,716.1358032226562,729.5146585706096,715.1175778906098,725.0155744712979,13722366
2021-03-17,708.179443359375,728.8515605873579,705.7404548400427,721.8661411470307,21064428
2021-03-18,706.1194458007812,720.8243708649012,701.4546172951518,715.9463931517981,18065540
2021-03-19,709.1978149414062,715.6859454495183,698.0922028335087,703.2779667365531,21235020
2021-03-22,695.7715454101562,707.9664315664949,691.6276520560606,707.9664315664949,14015632
2021-03-23,710.4527587890625,713.9099150865279,695.7478342871996,696.1740748748355,19761428
2021-03-24,700.3417358398438,713.4363936460627,696.6477274847226,706.0721372637486,16368900
2021-03-25,693.024658203125,708.2742192275458,686.8206699198174,705.7404783853448,23964356
2021-03-26,706.2615356445312,709.9081387163341,698.0684432741003,707.5401996278873,12021258
2021-03-30,735.8134155273438,740.0047142264807,711.1158555293341,713.5311419893512,25607644
2021-03-31,707.3744506835938,733.1139368392285,704.698667969491,733.1139368392285,30774506
2021-04-01,704.106689453125,710.0975869218903,693.8061543963869,710.0975869218903,35763762
2021-04-05,686.5128173828125,703.2778359432572,677.7040964544115,700.9098971016974,16006586
2021-04-06,682.0848999023438,692.6932792880586,678.4856438101414,691.4382599253059,15075734
2021-04-07,685.3762817382812,689.87536610547,673.228800195683,681.6349841449041,25088180
2021-04-08,678.556640625,691.8644465891563,677.4673655322455,688.123091309579,17613592
2021-04-09,673.3234252929688,678.5565933792059,670.1740549980798,675.3361733552125,28157816
2021-04-12,647.4182739257812,662.54938215217,640.7643417097112,659.7078551379362,22549128
2021-04-13,663.1886596679688,666.0775336661652,644.5529914266166,647.8681060041231,18600682
2021-04-15,677.2779541015625,680.4036222634213,658.7606812378839,665.3909109555909,34444984
2021-04-16,676.5912475585938,684.3343968185246,674.1522587343736,679.5748161245511,15606526
2021-04-19,668.8953857421875,671.4053662659722,649.9045275050281,658.2870080077744,24069242
2021-04-20,658.9500732421875,675.5256461606865,655.4218094629292,674.8626116817444,23186270
2021-04-22,673.6786499023438,675.7151005800558,649.3125805575211,653.551168270815,38485312
2021-04-23,669.7241821289062,679.4090292715103,663.1175977980581,667.285193457898,22713528
2021-04-26,665.296142578125,676.7569438349715,664.3252644958056,669.1795392853847,30170952
2021-04-27,681.350830078125,682.9136931382856,665.2962478960185,666.4565150269433,20592906
2021-04-28,699.3944702148438,700.4363402266798,677.7041263450838,680.1904622383832,24103940
2021-04-29,697.3580322265625,712.1103036895167,691.9117725521276,703.8461619317026,24078552
2021-04-30,668.8480224609375,688.5019146739703,666.5747780685216,684.3343192248765,35232902
2021-05-03,669.8662109375,673.3944745779464,652.2724711950027,659.7077762015139,22473700
2021-05-04,657.505615234375,673.9154441830442,655.1140315140075,667.7351002247756,21486328
2021-05-05,664.2542724609375,667.5693872393219,654.3562753461298,663.4965435023666,14421612
2021-05-06,663.44921875,668.1377499432683,660.6550389228186,666.6222341637894,11477044
2021-05-07,670.00830078125,674.838872933729,667.877155806155,669.1558196668091,12048334
2021-05-10,672.4236450195312,677.2305728857831,669.0848856230303,675.8098094461626,11060050
2021-05-11,664.7042236328125,674.4837660986876,660.678727067445,661.128612382698,14519034
2021-05-12,662.7860717773438,667.0957088419191,657.7423505585303,662.9044687176398,13774926
2021-05-14,656.7952270507812,662.5019831493979,654.664081956677,660.3471355409549,10604142
2021-05-17,682.0848999023438,683.1978197859106,654.166919312643,660.7260994627449,15120692
2021-05-18,699.34716796875,702.2123976389103,689.0703345571502,690.9409834750115,22165280
2021-05-19,690.585693359375,700.3652928007363,687.9099685903982,696.2687468484748,10130916
2021-05-20,678.556640625,694.2323856507859,676.5201899075936,690.6567745433202,10684184
2021-05-21,709.10302734375,711.2815196347564,683.3871869956029,683.3871869956029,19341646
2021-05-24,715.093994140625,720.066666865737,709.6714360552681,711.9209784785331,22146102
2021-05-25,700.41259765625,716.8934749022702,696.4108041907768,715.354314675395,19236974
2021-05-26,699.5130004882812,704.2251767645505,696.1741828136444,700.910061608295,12283990
2021-05-27,702.1650390625,705.172310355068,692.5985297827585,697.6422519596574,20439496
2021-05-28,712.0155639648438,716.5383506375555,700.3179682784436,706.0720716848272,17750020
2021-05-31,717.8881225585938,719.6167297533075,704.4619187285587,710.3817667851011,15661054
2021-06-01,715.9227294921875,723.1686467192825,713.8152866847665,719.9956312497015,11030162
2021-06-02,712.2760620117188,715.2122832918838,707.0665961326437,715.1175888548506,10624016
2021-06-03,720.1138916015625,722.1976314967843,704.5801899489626,714.1703420890846,10287260
2021-06-04,710.8316040039062,720.1613185961918,710.002825332082,717.9591237059993,9424476
2021-06-07,710.3106689453125,717.0119480537238,708.4873674295712,715.1175968039121,8091668
2021-06-08,702.3544921875,710.9974705499297,701.6204078871059,708.7479282364206,9872540
2021-06-09,701.0520629882812,711.3288954100806,697.1449635294709,702.7569675535597,10223442
2021-06-10,701.4072265625,705.1722264064853,697.90266531903,701.9044590603982,11483540
2021-06-11,703.9172973632812,708.7479281753265,701.4073164160874,706.1194924532565,7205974
2021-06-14,700.6494750976562,703.7514984338662,692.645887212192,700.0811928397461,8881964
2021-06-15,705.7642822265625,708.4874123207096,698.4473731849562,703.7515338961059,7569602
2021-06-16,703.0885009765625,707.5402382681639,700.0101799934681,704.6987112068459,7702098
2021-06-17,694.3271484375,700.3180464153616,691.4382740601372,694.279801213809,9283802
2021-06-18,700.8152465820312,705.6458189970701,689.0702460676088,695.9372691383855,11938060
2021-06-21,705.0301513671875,706.4983198306301,690.9646164997872,692.0775362938388,7260472
2021-06-22,702.7096557617188,714.17045829429,700.909998856465,708.960992086573,14366824
2021-06-23,703.5147094726562,709.3398628067645,700.2469419391567,705.645854671328,7844868
2021-06-24,713.3416748046875,716.7514840843272,704.6986968360997,705.6458725038901,14785024
2021-06-25,717.5328979492188,720.8006654850395,713.6968481510871,715.6385466601647,10383176
2021-06-28,714.3361206054688,721.2741931855088,712.749613095332,719.853429837146,9356786
2021-06-29,714.431396484375,717.3565209322027,709.722573184588,716.7857791036568,10971692
2021-06-30,712.4574584960938,717.7370233979096,710.6500126812062,712.5050106362283,9679022
2021-07-01,707.154052734375,714.4075246053683,705.3704121103602,714.4075246053683,16911442
2021-07-02,704.1337890625,708.3431694594663,702.516609898695,706.321710020015,14827036
2021-07-05,711.2919921875,715.5965342788664,706.1075904984567,708.6759862463011,7373882
2021-07-06,729.9609375,732.4818397834853,711.5537872182427,712.0294247765438,17669032
2021-07-07,732.2439575195312,735.0264253821098,726.6314115936917,729.627951175681,9629190
2021-07-08,723.1829833984375,731.3877299302179,719.853521037715,725.3471571573934,8420922
2021-07-09,714.4075317382812,721.0664568010882,712.2671629680933,719.4255306350982,10695842
2021-07-12,707.2730102539062,714.4075732356201,705.8460976575634,714.4075732356201,14458978
2021-07-13,714.336181640625,716.3576410548972,705.8936158516059,711.601265962492,18178142
2021-07-14,713.052001953125,716.95220640485,709.2230966806467,712.2671884304233,9788494
2021-07-15,723.3019409179688,726.1795710886405,713.2898061320276,715.8344552077314,10438802
2021-07-16,724.0867919921875,727.7016256569119,722.3983135745475,726.7503505840253,5170628
2021-07-19,699.6627807617188,708.1528987460736,697.2845931996463,707.2729809603507,25111600
2021-07-20,686.416259765625,691.5769149534121,683.0867973139923,685.8692650363275,24174250
2021-07-22,689.0560302734375,698.4736760969855,687.2961947294137,692.5757594227039,13207114
2021-07-23,686.2260131835938,693.217861311592,682.6825369811414,690.3878413695973,13126684
2021-07-26,682.3258056640625,686.8205568594655,679.2579089216915,680.161631792961,13167166
2021-07-27,684.799072265625,689.6268043734378,683.0629838249257,683.0629838249257,22401430
2021-07-28,674.12109375,684.2996904317964,667.7950913834882,682.5636598981887,20670342
2021-07-29,674.5728759765625,680.1378114327916,672.2184936053619,679.3292509173456,13702230
2021-07-30,678.4730834960938,680.9939854514296,669.6737898129428,674.9296073725011,11655488
2021-08-02,676.6657104492188,682.5398220441142,673.6216187944088,682.5398220441142,13258786
2021-08-03,682.3971557617188,684.8705058077147,670.6489317422132,670.6489317422132,12033120
2021-08-04,696.95166015625,701.3275019831323,684.9180080404954,685.393645546079,22053948
2021-08-05,706.2503051757812,716.8094921374355,693.1940794890436,697.8077398506728,18822408
2021-08-06,709.9603881835938,713.4563125026119,701.0897364192333,705.632098166656,13339270
2021-08-09,715.3112182617188,716.9521443443277,702.0409209486176,709.6511206336975,10998048
2021-08-10,717.0949096679688,722.8501119757157,708.224258418714,708.224258418714,14838346
2021-08-11,711.0542602539062,722.4220081617676,709.1993204454371,720.5432632537157,12585786
2021-08-12,714.1221313476562,717.0710605291638,708.3669293933626,712.0293148021268,8597674
2021-08-13,725.9179077148438,728.2009908715206,713.9318662953315,714.0269705680195,16658428
2021-08-16,728.0107421875,730.1035587891065,723.6586474723767,725.8941785477451,6252778
2021-08-17,720.4243774414062,724.8715766174648,715.9771782653477,721.6372182742111,8282666
2021-08-18,719.6395874023438,744.539200641727,717.4278612617312,740.424924369185,22985932
2021-08-20,720.4719848632812,722.8739777352771,706.8212102890742,706.8212102890742,13150406
2021-08-23,725.1569213867188,729.2236452390042,717.570526480986,727.6540182634369,10843054
2021-08-24,741.447509765625,744.1348732691891,726.5124805626797,727.725379419533,18381314
2021-08-25,740.7578735351562,744.2776027396884,736.2868693056814,738.2369714945701,7727974
2021-08-26,739.521240234375,747.2265448434088,734.122707926727,737.2381569110653,11119002
2021-08-27,736.5009155273438,741.3524532058019,734.978898644625,738.1894519957664,6382138
2021-08-30,745.9185791015625,746.75094480437,737.9992023740358,739.9017525518813,9049166
2021-08-31,752.1731567382812,753.100626642032,743.040881869667,743.6592338463132,12062576
2021-09-01,751.0792236328125,760.0687847011596,748.8913025732014,749.1291213418814,12422558
2021-09-02,755.7880249023438,757.2149374729586,747.3454588595391,748.701014189379,9618524
2021-09-03,749.6285400390625,760.0687604261853,745.9423492422521,754.4086623001291,10735334
2021-09-06,744.70556640625,751.9590378515261,742.9219258869199,751.4834003797047,7876896
2021-09-07,746.3941650390625,752.4585433116437,739.7114347769459,743.1836118359313,7245496
2021-09-08,749.794921875,751.7450238964017,744.6580139570113,747.6783002895594,6724080
2021-09-09,746.0849609375,751.2456161314306,742.4701275979534,748.6534150154891,8250948
2021-09-13,739.8779296875,753.4097932161694,738.9742068333936,742.9457683103893,8959164
2021-09-14,736.5485229492188,744.134918355455,735.620994925657,741.994549462774,9758506
2021-09-15,735.7161254882812,739.521225577569,730.1035796320939,730.1035796320939,14822998
2021-09-16,741.9707641601562,744.0398339272692,730.7219826841075,731.4116338989961,10260550
2021-09-17,752.5298461914062,755.7879512981008,741.6139312525427,746.2752017537572,20498102
2021-09-20,741.9232177734375,752.3158865869241,741.0432999217188,743.8971252102491,8781610
2021-09-21,738.1655883789062,746.1087693954601,727.2259259755568,742.9457684361612,14774996
2021-09-22,729.4851684570312,737.3094397175464,727.725333033006,736.7624450118473,10582202
2021-09-23,746.7509155273438,747.702190578971,733.4330648045631,733.4330648045631,13664304
2021-09-24,761.7572631835938,764.8012967419484,749.1290643037012,751.031614308282,20806702
2021-09-27,772.95849609375,777.9051377473095,764.8251063880609,768.487491944163,16415462
2021-09-28,768.1783447265625,776.2403768870238,752.458502595142,776.2403768870238,12773790
2021-09-29,758.0947875976562,764.1591654813507,753.9567647367983,759.5930572752828,16263036
2021-09-30,758.6179809570312,764.0402598802681,752.9816883907416,754.3610487049043,15975348
2021-10-01,752.7913818359375,755.7879210469525,744.4915314151935,752.9340962978766,11128596
2021-10-04,754.2421875,761.6621211029538,753.2195552330974,755.7880094198329,7051028
2021-10-05,758.8558349609375,759.8309150717456,749.7236180793985,757.2149087913734,10257178
2021-10-06,768.1069946289062,773.7908394129953,754.8366970384816,759.1174344507981,18600830
2021-10-07,766.0142822265625,774.1952249469945,764.3495507842819,773.6720352488085,11265724
2021-10-08,762.280517578125,771.4840923948822,761.0914237242488,766.7277169793773,7245562
2021-10-11,777.0965576171875,782.4236743028476,760.5443496718865,760.9724350269096,13080848
2021-10-12,775.098876953125,780.7827800509983,772.9109560129631,772.9109560129631,8176946
2021-10-13,779.7601318359375,783.8506027379818,775.2891277080766,778.6185902197064,6225644
2021-10-14,802.5908203125,803.8274663407793,779.0943135302938,779.0943135302938,14757288
2021-10-18,794.4573364257812,820.4746843514532,792.9115145567133,810.9619343879581,28856456
2021-10-19,803.2090454101562,804.9926860848645,794.7902846500209,796.9068483595202,8987540
2021-10-20,796.1458740234375,807.9892602226093,791.6748695952446,803.3993464110135,10908568
2021-10-21,797.3111572265625,799.998462628159,789.962523081634,795.1707884960194,9738190
2021-10-22,799.427734375,812.3888563513312,794.6713593378141,799.1185583853392,12175554
2021-10-25,788.13134765625,803.827385358517,767.5838306159519,803.827385358517,16426766
2021-10-26,786.10986328125,796.1458027295024,783.0657717264866,784.8018601809484,12090656
2021-10-27,781.3773803710938,791.9603157232438,778.7613738795511,786.109950708577,13249642
2021-10-28,757.9759521484375,784.8019203094409,754.9081133208074,784.8019203094409,17797750
2021-10-29,752.8628540039062,761.9713243308421,741.9945480375242,756.2636739613226,12406874
2021-11-01,763.5408935546875,766.252004050304,753.1957780437663,753.885429186674,8122320
2021-11-02,764.2305297851562,771.484001438633,761.0437818569678,763.8738016710508,13237722
2021-11-03,752.1968994140625,765.728821094555,749.3906846195152,763.4457378753382,10207338
2021-11-04,758.142333984375,759.9973317587402,756.3111413083693,758.6417765602017,1096808
2021-11-08,761.138916015625,763.2554796846038,746.9648951674751,757.2624587445608,18943580
2021-11-09,747.821044921875,758.4515312291761,746.2990281757783,758.4515312291761,12695476
2021-11-10,739.7352905273438,746.2753067593006,737.2381934205965,745.7996692151582,13714126
2021-11-11,736.4295043945312,739.5687000261834,730.3888738006117,737.2618699516246,7999404
2021-11-12,738.6650390625,741.5426691680743,734.8837441539887,737.2381265594817,14914092
2021-11-15,740.6864624023438,747.6307579669023,739.330907202677,742.9932925577368,9533594
2021-11-16,736.2869262695312,740.662768498323,733.2428343419601,739.6163891144192,8245406
2021-11-17,728.10595703125,734.3843492276189,727.0119674834298,731.0073343634929,7598878
2021-11-18,732.1964111328125,734.1465133558511,725.4661286012387,725.8466618423676,9152874
2021-11-22,720.7572631835938,738.5223119294355,713.0044068868091,735.3355639518028,15261272
2021-11-23,720.8524780273438,726.6790377392206,711.7202026626078,714.407566305228,11235214
2021-11-24,722.04150390625,730.7456350037625,720.1389539752681,724.8715237040991,30802286
2021-11-25,725.7990112304688,729.294993262682,716.7857039376246,720.4956996177941,10251652
2021-11-26,708.65234375,716.6430191487968,706.3217083190601,713.4562710293536,18624936
2021-11-29,714.0507202148438,717.0948115002752,695.3819503441143,710.9828818936928,12990996
2021-11-30,710.388427734375,727.2497542737889,707.058965157582,711.0780789007943,25221542
2021-12-01,715.66796875,716.8095103506997,708.2717824753072,711.0780553091722,8677634
2021-12-02,725.7039184570312,727.15463606218,713.4562527842353,715.596621542588,11203110
2021-12-03,719.9011840820312,730.5554179694886,716.8095402344054,725.7277436410184,8124694
2021-12-06,715.2637329101562,722.3982957810733,712.1958360389292,719.6395749131635,7029532
2021-12-07,725.6801147460938,728.6766542380091,718.165077039117,720.0913740885894,12427534
2021-12-08,739.0455932617188,739.6401401548495,729.6279472500399,730.5792222790491,15295534
2021-12-09,726.2271118164062,739.4736046987022,723.9202815328325,734.9550484079257,11747744
2021-12-10,724.181884765625,726.7740858657247,717.4753496970789,725.2996212566436,7779384
2021-12-13,718.7596435546875,731.3640377223576,716.8808405306988,725.8228490514963,10322142
2021-12-14,714.62158203125,721.0664937719724,712.0531858243114,714.6453871321823,9191100
2021-12-15,713.456298828125,724.5624236009718,711.387287173768,714.8832114257813,10115148
2021-12-16,713.5038452148438,721.5421310623909,710.6024679019197,719.5444766662719,13210432
2021-12-17,700.6378784179688,716.3101116196879,698.0931712139019,712.0293739008451,14994768
2021-12-20,678.0926513671875,693.4795137394923,672.599014710812,690.6256885800706,21156668
2021-12-21,685.7742309570312,690.0311637314365,680.1616847395859,684.6802413864573,9118750
2021-12-22,687.391357421875,692.5282661369407,682.8728007403497,690.7684304433625,8577484
2021-12-23,686.8681640625,693.3844332367066,683.4197918766113,691.2202591921077,9779166
2021-12-24,684.3948364257812,690.6256763008242,679.2103758660999,687.5340324330864,5561024
2021-12-27,690.0548706054688,691.5768872980073,676.4278453611157,679.6383983110893,4705098
2021-12-28,694.811279296875,697.7126564182305,691.2915502045277,694.7636690981695,5450678
2021-12-29,691.5055541992188,694.906373869757,688.4377156088801,692.5519915154243,7668702
2021-12-30,695.1442260742188,697.6888751595437,687.2962071004079,693.7173135335258,7215918
2021-12-31,703.6580810546875,706.2265349915142,695.1441587739171,695.1441587739171,6325736
2022-01-03,722.8025512695312,724.3959253104654,704.1813312029835,706.3216999908345,9069184
2022-01-04,727.0357666015625,729.1047782359835,717.166287896205,722.9690425129386,8857352
2022-01-05,744.3013305664062,747.7021503050373,726.8216524342752,730.9597335226943,14332638
2022-01-06,732.36279296875,739.4973550044904,727.749132743457,733.9086147431605,9628930
2022-01-07,737.499755859375,745.2050602081262,730.5316548059,734.3843069802756,11179384
2022-01-10,741.5902099609375,747.7021401431209,735.0977465592833,741.0432152309048,8856496
2022-01-11,744.80078125,746.1325314282669,736.191754015291,742.731769713943,8389198
2022-01-12,740.4011840820312,749.9139348284391,738.1894579212469,745.7996585183731,21085530
2022-01-13,726.774169921875,739.6163836574055,723.1593361863409,739.6163836574055,41963896
2022-01-14,734.9312744140625,736.6197526556398,722.4933425207672,727.7253548760855,11208968
2022-01-17,723.6824951171875,740.0919897485006,722.5647585444003,727.7254140843227,22989372
2022-01-18,727.36865234375,737.6662159084163,724.3959179463994,729.1522929821604,12341152
2022-01-19,722.2317504882812,732.3628526288228,719.8060108107658,729.6279369589961,14317626
2022-01-20,717.7369995117188,727.0119309169397,713.5038140786304,726.9881258170541,15197846
2022-01-21,723.7300415039062,727.6303040191038,706.6070907204011,713.4562826460474,11537694
2022-01-24,707.1065063476562,723.5635523601698,698.0218416410312,718.1888253449379,11868508
2022-01-25,707.7723388671875,711.0779959583617,686.820485728344,693.788586063523,13594248
2022-01-27,701.54150390625,706.321683981928,682.5398091003816,689.6743715648455,28617838
2022-01-28,695.9765625,707.1302385002696,694.4307406458227,702.7543967837006,24925208
2022-01-31,706.6546630859375,709.4371891168743,697.6651601162798,700.4951802272873,12842546
2022-02-01,712.029296875,721.5420463322478,700.8280111646047,717.4991278129174,14739484
2022-02-02,728.296142578125,730.1035883666477,716.1198337589774,719.1401203787386,13969290
2022-02-03,720.7572631835938,732.457933895551,717.7369767162163,727.1308172000766,10564762
2022-02-04,724.8715209960938,729.0809010904223,720.1626983222618,726.9643375245986,11579958
2022-02-07,698.3072509765625,722.4934077542481,694.4307934965123,719.211497186438,12268042
2022-02-08,695.3106079101562,703.206178118259,687.082114705199,702.2311561639202,13981130
2022-02-09,712.3147583007812,713.313585508527,697.7602613931682,701.0897241264689,11308342
2022-02-10,725.3947143554688,730.3413557953064,714.2410385936968,720.1151499017218,14314530
2022-02-11,722.4220581054688,725.3472405566795,713.2184834195023,713.5752115705957,10711104
2022-02-14,700.947021484375,713.1946881745109,698.8542627513499,708.6999366331057,14656620
2022-02-15,721.9226684570312,725.2996833180713,700.6378889247106,702.0409964179948,13135066
2022-02-16,720.9475708007812,729.9846836790362,716.7857425015849,729.7944170588287,10032264
2022-02-17,716.5478515625,723.9202323784434,714.4074829385164,719.687047265433,7351208
2022-02-18,719.3304443359375,721.5421705778376,708.9139702743486,712.6477715282304,7796128
2022-02-21,723.9678344726562,728.0583054018553,711.3396935564448,715.3588072476773,7468066
2022-02-22,718.5455932617188,723.9678727153232,707.7248394554956,708.6048153348694,9536196
2022-02-23,713.8843383789062,725.6801135920207,711.3872414933543,725.3947427030585,9029562
2022-02-24,675.1199340820312,701.5415645216091,669.2933742326196,689.6268790132194,23630766
2022-02-25,692.5757446289062,697.2370153028564,681.5171728738023,684.8941874749454,18318654
2022-02-28,678.3780517578125,684.2284168134124,672.5752969059163,678.2591423710013,24880832
2022-03-02,653.6448364257812,665.1314936990638,644.2034436334029,659.4713958190617,38505560
2022-03-03,652.0990600585938,662.0874482870623,648.2464076398575,656.8554354054835,17527922
2022-03-04,649.9586181640625,659.2335490489504,635.8797603305272,646.8669745357665,21219364
2022-03-07,630.1245727539062,633.7156009825043,616.9256323482289,627.1280333292115,27054458
2022-03-08,631.551513671875,634.5004430311901,614.5236674634915,619.3751468768733,39212492
2022-03-09,652.1703491210938,653.8588273559873,627.2944854329724,632.5978550025679,23134694
2022-03-10,662.4203491210938,678.7347392382749,656.4986852373013,678.7347392382749,22273206
2022-03-11,664.3704833984375,670.149432575976,652.9075731964616,660.1848501728542,15150780
2022-03-14,686.1309204101562,689.6743966720176,673.0270836488999,673.0270836488999,25018126
2022-03-15,677.3078002929688,689.436556548215,671.4812409154484,686.5827315469807,18867928
2022-03-16,688.7944946289062,692.052600068531,683.1105913586209,688.2474998619687,13364108
2022-03-17,703.96728515625,708.6047506498716,699.4487290342597,700.1383801652347,14823954
2022-03-21,707.03515625,710.4359760473683,700.5189456092843,707.2729750042046,12257876
2022-03-22,710.6737670898438,712.5049598135698,693.0989270027054,704.561836957358,10461814
2022-03-23,703.5867919921875,722.3982788795391,700.8994284281059,716.785732994576,31188256
2022-03-24,686.178466796875,699.0206795927611,682.3258145703531,697.2845910655177,20160044
2022-03-25,680.5896606445312,690.6255995491529,674.929563195763,690.1499620838986,16366462
2022-03-28,681.493408203125,683.9666998878296,666.6534839112492,680.589685374062,15754886
2022-03-29,690.5305786132812,694.5496924552175,680.16165739494,685.3936701441318,12377448
2022-03-30,702.4927978515625,705.2515186367268,691.6007453109708,700.1384153992661,20109742
2022-03-31,699.3536376953125,706.1790247075883,697.2370738898979,699.6628137051833,14295714
2022-04-01,716.3101196289062,718.2126697474425,699.3298830454588,702.2312603639822,14568556
2022-04-04,788.0362548828125,819.0953496497071,743.2074192757403,751.5072706543655,97450970
2022-04-05,764.9439697265625,792.7449569360995,761.9712355056448,792.7449569360995,30922582
2022-04-06,737.6423950195312,756.1685102240006,735.9776637926485,755.1696250388968,27027860
2022-04-07,721.4232177734375,733.1238893042467,719.9725000942207,733.1001422646726,40781732
2022-04-08,720.4243774414062,725.7039422730295,712.1720781256234,719.211478547381,41256322
2022-04-11,711.6251220703125,718.2126904332335,710.2457615824013,716.3101402599004,20799066
2022-04-12,710.3646240234375,716.7143731950656,704.0148748518094,705.8460676603825,27435402
2022-04-13,696.78515625,714.5502639320367,695.691224799288,708.6998992573039,28892520
2022-04-18,663.7283325195312,680.9464450214841,661.15993644386,674.8582617385757,45620376
2022-04-19,638.400634765625,660.9221170332797,631.1709679279387,656.8078410106541,74096022
2022-04-20,644.1558837890625,646.8194421533099,635.142518406885,644.2271829644586,49325736
2022-04-21,653.6923828125,656.2846420095574,643.6802483309051,649.2451838249173,52446270
2022-04-22,644.7742309570312,654.1680722750773,641.7063920801837,646.8670477236759,20659148
2022-04-25,649.6019287109375,651.9325641201308,628.9116970441421,642.1106379350289,20935488
2022-04-26,652.5984497070312,657.3072144691479,645.5114394033479,652.5746446077407,17016842
2022-04-27,652.8363037109375,655.9041425017765,645.0120316413157,646.8670295884091,18054334
2022-04-28,652.2655029296875,655.9041415782432,647.8658558596376,652.5746789306378,20773722
2022-04-29,658.5676879882812,668.1517954743881,652.3606532888389,656.5462285607915,28401476
2022-05-02,667.65234375,668.9603468911126,647.8420880799416,647.8420880799416,19494316
2022-05-04,644.9644775390625,667.6048118935288,642.1106524172083,665.8925284326605,29055916
2022-05-05,643.5137329101562,654.0015630179496,640.4458942572139,654.0015630179496,17862912
2022-05-06,626.699951171875,634.9760551888268,624.5120303093106,632.5978677162095,26731268
2022-05-09,627.7701416015625,630.9331425829555,616.1883801102291,618.32874885627,32762434
2022-05-10,637.8536987304688,643.537543685614,625.4871236116026,625.4871236116026,20113812
2022-05-11,641.4447631835938,644.4888549965599,631.9558176573953,643.5375799338344,17102924
2022-05-12,626.9856567382812,638.4133907389254,622.1498973824371,635.6706993369925,22382290
2022-05-13,621.3558959960938,634.1790269142665,619.2628282539157,630.3537672039511,16768238
2022-05-16,627.9719848632812,631.292053906236,618.4448991695826,625.0368734940553,9804356
2022-05-17,632.2544555664062,633.6979588896172,624.6519812363082,631.580808934981,16641444
2022-05-18,632.2063598632812,641.5410265716883,630.3297937681616,637.0902245927911,15732384
2022-05-19,619.2869873046875,623.7858941010936,615.0767694162303,618.8779477207698,20537506
2022-05-20,635.5984497070312,637.1622447317521,621.837065236746,626.9615129880896,13919350
2022-05-23,627.4427490234375,639.9290287015857,625.0850152898169,632.2544265466233,19486320
2022-05-24,634.63623046875,637.5473190805823,624.0265159854545,625.5181243809486,12870796
2022-05-25,639.375732421875,642.8160348600121,636.6811460213428,639.9531102298189,12887112
2022-05-26,657.6118774414062,659.6809220627428,644.7647232414845,645.7992455521528,26992428
2022-05-27,669.8095092773438,671.0845566723668,659.5606139411736,660.0658635123912,24031718
2022-05-30,674.3807373046875,683.4988434000511,672.889070171654,678.566873569111,12624674
2022-05-31,668.3179931640625,675.9445497927891,664.0115648431159,671.6621446200909,13485388
2022-06-01,671.1568603515625,673.8513881488794,663.6025497657505,664.0115306279351,12091896
2022-06-02,666.4654541015625,667.860852355906,663.3378636546508,667.4999765351084,11475020
2022-06-03,664.1558837890625,673.995741003826,662.231212745682,672.8169034842749,6957244
2022-06-06,663.2656860351562,667.3796939444019,654.7009350100217,662.2312223234171,6173266
2022-06-07,655.6392211914062,661.2689195958052,651.5492949621544,655.3505322636607,10253966
2022-06-08,657.9487915039062,664.4926611407994,652.9446351687653,660.7876929692908,5986588
2022-06-09,662.9048461914062,664.9979730840081,653.0168832680971,655.4708272698372,7311816
2022-06-10,650.1057739257812,658.2134392480132,646.4970155862447,654.4362839332251,9155430
2022-06-13,638.3171997070312,639.9531819947298,629.5118640988112,636.873696288998,10892572
2022-06-14,631.2921142578125,638.0284630380025,627.9239398677174,630.9312384303023,11870356
2022-06-15,629.102783203125,633.1205811087782,624.7482500861813,626.3120453531265,11810470
2022-06-16,616.520263671875,635.4060979237764,614.9323865969412,630.3297546494468,12169192
2022-06-17,620.5861206054688,625.0369224008559,611.8529139840168,613.4888961209325,14723922
2022-06-20,636.1759033203125,637.5472195547377,622.7032073599105,627.779491488929,15936840
2022-06-21,643.1047973632812,651.5011513361289,637.0902003236198,643.2731943331319,13220684
2022-06-22,640.0734252929688,643.2972258536737,636.6811690239211,641.0357608318419,8159698
2022-06-23,642.43115234375,648.6141463686242,634.419697319756,640.193710492177,15372244
2022-06-24,651.4049682617188,655.1821236118307,644.0671595693715,644.0671595693715,8013432
2022-06-27,652.5838012695312,662.0868649193548,650.5388382056451,659.1998582409274,9804164
2022-06-28,647.6036987304688,650.0576425546589,643.9949405371601,646.6894682409041,9770574
2022-06-29,646.6654052734375,649.9373696255954,640.5545980485462,640.5545980485462,9994046
2022-06-30,648.6141357421875,651.5011422810993,642.8401226643639,642.8401226643639,12475822
2022-07-01,651.380859375,654.3881578947369,639.9772068826776,646.6653918015329,11472452
2022-07-04,652.2951049804688,654.4843831117648,645.8474450575549,651.3567925787985,8487480
2022-07-05,650.8275146484375,663.6987525096566,648.7585284770123,656.3128389795442,14325718
2022-07-06,659.8013305664062,660.8358530598603,648.1811167165542,648.6141794738492,15049078
2022-07-07,671.6139526367188,672.6724981664967,661.3409744346241,664.0114788767993,17743142
2022-07-08,672.2394409179688,678.4465165399553,671.1087084709948,678.4465165399553,12474030
2022-07-11,676.5940551757812,678.3984342696596,670.3869793455802,670.7478551643559,7462880
2022-07-12,669.6893310546875,676.1610141176355,668.5345166503326,676.1610141176355,9876974
2022-07-13,653.3535766601562,670.8440115296884,651.6213846159309,668.8231306008078,15945610
2022-07-14,650.0817260742188,660.4749379498609,649.215600611124,655.350489555198,10372410
2022-07-15,655.3746337890625,656.7459502891783,648.036824746082,651.020041649362,13595646
2022-07-18,648.3976440429688,657.3232708257327,645.7512213402739,648.6141460423058,20332220
2022-07-19,648.63818359375,653.690444771779,643.3212566690205,643.3212566690205,15792538
2022-07-20,656.8179931640625,659.7290225107647,652.1025262039135,654.3399677588443,20347862
2022-07-21,654.7490234375,658.9592412990309,653.473917137891,654.6528133808986,12640278
2022-07-22,670.0260620117188,672.1913167902127,655.5429251294964,657.2751172050325,12729592
2022-07-25,671.9989013671875,675.8482435588785,665.5994052152816,671.2290446761094,10143126
2022-07-26,670.6276245117188,674.5972588810258,667.0429478788055,671.7102520669844,8527964
2022-07-27,675.7520141601562,676.5218708292028,666.0564720450384,668.2939138771885,9212778
2022-07-28,681.7424926757812,685.1828537236895,678.9276731770548,680.8764259957169,17420406
2022-07-29,690.0907592773438,692.2079091114783,680.9967358477592,691.9192202105274,20019736
2022-08-01,695.8407592773438,696.9474098698968,688.0939701842794,692.4003980885738,13193036
2022-08-02,688.1901245117188,695.0948694760442,684.7257404575668,693.8438451640611,15036510
2022-08-03,689.8021240234375,690.8366465072402,681.8147505490226,685.6400109407862,10975498
2022-08-04,688.984130859375,696.1053785024752,679.8659665183745,692.8815779882993,12012206
2022-08-05,686.6505126953125,691.4140267889854,683.8116110098687,689.5134375282818,9268982
2022-08-08,703.4913330078125,704.6701705018421,686.6744848885744,687.1075476112192,15357736
2022-08-10,705.5363159179688,708.0383647964982,697.2361719881424,703.154500244152,17353102
2022-08-11,714.8709716796875,717.4211844953526,709.5059977383994,715.2559294113627,18301766
2022-08-12,714.6063842773438,716.6032424347316,710.1796051866049,714.5341973586324,8850370
2022-08-16,722.7861938476562,725.8415975092017,716.0017398840251,719.2496224051965,12563756
2022-08-17,726.5151977539062,727.8865140946783,714.8949848396419,721.7516252798,12384350
2022-08-18,727.3812866210938,728.4398909455316,721.5832502964957,721.7516472669315,8342138
2022-08-19,718.407470703125,727.5255752850977,716.9398856976162,726.563239868054,8063702
2022-08-22,707.4850463867188,716.1460665835506,706.2099399993691,714.4379561754013,8234066
2022-08-23,705.2957153320312,710.1795210324121,697.8857201939286,699.2811184238794,14966884
2022-08-24,708.6879272460938,709.9630335639699,702.1199755407531,703.4191637412739,13455520
2022-08-25,704.838623046875,715.400291243383,701.0614676554292,712.0802217563679,11823040
2022-08-26,704.9588623046875,712.9943990116683,703.0822963230394,708.303013425697,7706176
2022-08-29,692.5929565429688,695.7686523374972,687.3963207073368,691.438142053239,8653178
2022-08-30,715.0634155273438,716.9158997056655,694.3732012935722,695.9851015854548,10135400
2022-09-01,708.3511352539062,716.6753023262013,702.023767412422,704.7904820543832,22403136
2022-09-02,714.774658203125,717.1804968372654,705.0069298539969,708.351080797229,12038086
2022-09-05,719.369873046875,721.2704621778411,714.101050906599,715.0633864131738,12131932
2022-09-06,716.627197265625,724.951423073854,715.2317990033503,721.2223729044177,12238696
2022-09-07,713.2349853515625,716.9399535633776,707.9421400567993,707.9421400567993,9776206
2022-09-08,720.5968627929688,721.7516772237872,713.1628440120845,716.9881044068499,11164690
2022-09-09,721.0780029296875,726.0821594471598,718.8887248344994,719.9231885431478,15128888
2022-09-12,718.6481323242188,723.6763119278681,716.9399632796035,721.7516408855068,11080492
2022-09-13,728.054931640625,729.4022248737516,721.0539759192867,721.2223728893526,13001966
2022-09-14,735.537109375,740.4690789237419,718.0706961615213,718.8887165967504,20219760
2022-09-15,731.7117919921875,741.4554391702014,727.5256559583752,736.1866756721654,13539372
2022-09-16,718.26318359375,728.8247925761237,713.5717978693896,723.2432582308112,20560046
2022-09-19,723.002685546875,728.4880099183553,712.1283056005058,716.4588155669953,12076038
2022-09-20,731.7117919921875,733.299669100902,726.5152154056927,728.4879914821296,10781668
2022-09-21,730.5810546875,732.0967448746909,724.1574768560039,725.6009801321287,9072304
2022-09-22,715.0153198242188,726.6355334380704,713.4515245419652,722.7140042906975,12048144
2022-09-23,695.8407592773438,709.7224372346395,691.438062580459,708.4473309391279,15806252
2022-09-26,686.4579467773438,691.1733552416581,682.2958342078718,685.8324052401812,8923486
2022-09-27,680.299072265625,692.881621797613,677.0030846314178,689.2247583187195,12639700
2022-09-28,668.6066284179688,678.7351736760943,666.8503544937673,676.5218139126857,11816132
2022-09-29,665.1422119140625,674.6933797809945,663.434101683277,671.8545371114053,14410388
2022-09-30,683.9078369140625,688.7676199193113,656.7940432846984,663.4341823816585,15781756
2022-10-03,679.9862670898438,682.22370896109,674.1641488370536,678.4224718418965,11541112
2022-10-04,699.13671875,701.5425574242946,686.2173768162974,687.8292769808156,11538526
2022-10-06,691.4381103515625,703.7559939592081,690.0908170525987,702.4808875755999,12549198
2022-10-07,688.4547729492188,690.4515719276419,683.4265352110768,688.1901072180511,13297994
2022-10-10,680.8524169921875,686.1452626366498,672.7687746952154,677.4842424911661,13109302
2022-10-11,673.9476318359375,681.8147129301799,673.3701952846903,674.1641338324686,14521620
2022-10-12,678.350341796875,680.7802037798269,672.3357447059547,675.1745875438293,9225050
2022-10-13,670.5553588867188,676.6421426191388,665.9361602736982,674.6212615810351,14714234
2022-10-14,692.400390625,696.249732615966,680.9726565893199,681.8147001498437,12849920
2022-10-17,696.033203125,701.3500712981873,686.6263505116987,690.475692350587,18410500
2022-10-18,694.7340087890625,703.9002774553204,692.8815247929514,701.5666257336586,10561108
2022-10-19,701.8553466796875,710.8772419458467,699.329216005163,704.4295823817055,12967040
2022-10-20,697.1159057617188,699.0886819198254,694.0845252418784,694.8062769145736,7898078
2022-10-21,692.2079467773438,701.3742163513118,689.9945867678867,698.6556066854753,10492606
2022-10-24,703.0101318359375,703.948385410148,699.7622496749542,699.7622496749542,2167794
2022-10-25,698.1262817382812,706.2580282452401,695.287380341186,703.0341691638182,13773394
2022-10-27,699.8104248046875,706.0415240061888,698.2947345638005,704.6702075925484,15937276
2022-10-28,701.87939453125,705.8731104708331,696.4422340345699,697.6932584749202,10474278
2022-10-31,720.1637573242188,720.7892989018973,705.9933903964011,708.2789372387135,12830528
2022-11-01,728.1270751953125,735.7054670237125,721.2223299433629,723.4356897777316,19073756
2022-11-02,728.5841674804688,735.34459771333,727.33314310533,729.931460645262,12720406
2022-11-03,725.3844604492188,731.4952673413037,720.3081172240958,720.6449111524606,10332352
2022-11-04,720.38037109375,729.4984772519798,716.7475307718796,723.2914009917648,10818060
2022-11-07,725.9859008789062,727.5256141338776,717.9503644757295,726.5632786654467,9835834
2022-11-09,725.7693481445312,730.38854669658,723.6762802249166,728.9932072410344,9269790
2022-11-10,733.6605224609375,734.7431498920162,719.3698638652188,720.3562225050898,12774182
2022-11-11,775.2334594726562,787.6716345011165,740.0360255728266,743.4041999414936,56722338
2022-11-14,777.1099853515625,783.341084117066,768.9060518544665,775.6424002436796,19195390
2022-11-15,779.0106201171875,781.0074781111963,772.3945632755499,781.0074781111963,11030202
2022-11-16,785.6988525390625,790.0774674383857,775.6424345375626,778.8422119111716,13578150
2022-11-17,778.6016845703125,785.0493448148255,776.5567214275272,778.577602685876,12100930
2022-11-18,776.5567016601562,780.9353167659891,772.3945885635269,779.9729811938807,10459232
2022-11-21,768.59326171875,775.6423807100551,765.1529007022125,773.549312831949,8344816
2022-11-22,767.4625244140625,771.9614309133688,765.537853506441,769.8683630485893,8546314
2022-11-23,769.45947265625,772.2742924421901,766.9814468242063,772.2742924421901,10185738
2022-11-24,781.9698486328125,785.2658362595581,769.4594860453441,772.7313917879773,17197960
2022-11-25,778.3610229492188,785.1213945985398,776.6528539412901,784.1590590980275,8410496
2022-11-28,769.9887084960938,773.4530928760762,767.0054918764588,771.2638148082744,16105980
2022-11-29,768.8339233398438,775.8108561300074,766.4280844466838,768.5452344199248,12638236
2022-11-30,773.9342651367188,776.0754969244954,768.4730227722782,768.4730227722782,15184806
2022-12-01,779.2511596679688,787.6715951691663,777.0859048248036,780.4540790252827,20446366
2022-12-02,773.2847290039062,778.8181584847341,772.3464753255907,774.680127315897,7811078
2022-12-05,776.0994873046875,776.893425827618,768.0399276122688,774.6559840761946,11592622
2022-12-06,775.2334594726562,776.4604020366052,769.8684271238768,770.3495948908293,12353092
2022-12-07,774.8966064453125,778.8181354914701,772.0095998448971,776.6769624240152,11674720
2022-12-08,779.2511596679688,782.378749996985,772.2742273955479,774.6800661101757,14803634
2022-12-09,784.8087158203125,786.637118107019,779.4917884600618,782.3787950839879,11963384
2022-12-12,790.9194946289062,795.6589852525027,780.1654070879796,781.897599252911,14434808
2022-12-13,793.1088256835938,797.2949616133573,791.5209486143468,793.9267873639345,17031702
2022-12-14,799.8211669921875,801.3849623254555,793.9268615052546,795.3703648898096,14227640
2022-12-15,785.1695556640625,803.2614512642567,782.8840088582007,797.3190413162754,18182648
2022-12-16,788.9467163085938,791.5690570624564,774.1989129626363,779.5158401167187,14647958
2022-12-19,791.4006958007812,792.3149263180803,782.4750101040391,791.0398199705028,9604542
2022-12-20,785.9393920898438,787.3828952985053,779.5879427299554,779.5879427299554,7174698
2022-12-21,778.3369750976562,791.4247737186288,773.0201064666394,789.5963126931921,9269198
2022-12-22,775.6665649414062,783.1005838558391,774.1989796768327,780.5503710559809,9747096
2022-12-23,768.7376708984375,771.8652612871225,762.867389080973,763.6132225912555,10693152
2022-12-26,784.0387573242188,788.6339327760353,765.0567133092716,769.6278068793584,9907322
2022-12-27,784.832763671875,787.1664156857469,776.3642223890472,785.7469942121562,7926772
2022-12-28,784.2072143554688,785.7469276450677,780.9833552219441,780.9833552219441,8691870
2022-12-29,789.7406616210938,790.7992071900476,775.1612551160126,779.5398699494827,11012896
2022-12-30,783.4132080078125,791.520872062532,779.4916794779951,791.520872062532,7122640
2023-01-02,783.6778564453125,788.994783343364,778.7940509867589,782.8598948008254,4381378
2023-01-03,788.8023681640625,790.5586422632767,780.5503292014555,780.5503292014555,8378030
2023-01-04,774.7041625976562,791.8818278494382,773.2365774595456,786.709274515468,10351600
2023-01-05,769.72412109375,778.5535973840347,764.7681278994141,777.0860120710504,10941436
2023-01-06,767.1738891601562,774.2470317456477,759.3789361975485,770.8307523930382,9092462
2023-01-09,768.6654663085938,775.4258965646997,765.0567082508069,767.9437146970364,10729340
2023-01-10,754.6154174804688,769.8684118966518,753.0275403864125,769.8684118966518,16371766
2023-01-11,765.48974609375,768.9060251968651,750.6216516314828,754.4469115539331,15195798
2023-01-12,769.5797119140625,771.7449667913606,762.2419037187744,763.998177755398,9250070
2023-01-13,770.1812133789062,774.6320153125537,763.1320937043018,769.2669828560861,9244546
2023-01-16,762.7952880859375,780.1173277789237,760.3894492396894,777.0859473381312,14748094
2023-01-17,774.1507568359375,775.1611973011755,759.0420786732492,764.960465126677,10786354
2023-01-18,787.8159790039062,789.884965083016,769.724024650822,772.274237215273,19090642
2023-01-19,791.087890625,793.9267921137573,785.7469403162216,787.6716113274065,11172162
2023-01-20,799.195556640625,803.068980550622,790.7510978089086,791.0878917418223,18843404
2023-01-23,805.0418090820312,809.6129030380878,799.4121694938297,801.7458215030824,15444400
2023-01-24,815.8199462890625,819.1400156177996,805.9560070977172,805.9800889805086,24983940
2023-01-25,793.2772216796875,814.5929177332151,791.6653214666925,813.8471429635326,14704142
2023-01-27,777.4708251953125,787.6715573611841,765.0325926486802,785.2657187620357,35179948
2023-01-30,776.6768798828125,782.0419116590099,761.2073260790175,767.462506381816,18512822
2023-01-31,771.552490234375,780.7908875770869,767.4625643428925,779.3473843212695,18596244
2023-02-01,783.1246337890625,801.1443434244188,772.7554447685386,781.4164646974513,17302790
2023-02-02,771.4802856445312,781.6569951120864,764.4552483744704,773.7658324138648,17497106
2023-02-03,798.1610107421875,798.9789723443195,773.2365001850776,775.1611710007219,14411100
2023-02-06,794.7688598632812,803.2614827057959,792.0983552594887,798.7384939446326,11167672
2023-02-07,795.9476318359375,801.0961617651983,785.5544206626682,798.449739262286,10264588
2023-02-08,795.8513793945312,802.6839372708745,793.9267085858384,795.9716713200746,8444826
2023-02-09,794.1914672851562,799.5324176572361,786.9739509076702,798.738479108453,11777336
2023-02-10,797.3430786132812,798.0167252205403,790.173667284601,793.3494214707791,8172116
2023-02-13,797.9445190429688,799.5805011250109,791.3044393965116,796.3326188427218,5736944
2023-02-14,805.3303833007812,807.1588441172931,797.7519917688305,801.1442476633639,10908592
2023-02-15,803.6945190429688,807.3994872360046,797.1746725138561,807.3994872360046,11438712
2023-02-16,800.7835083007812,809.2761316878249,799.2197129563453,805.0899366009373,8062500
2023-02-17,796.7657470703125,802.6600524376097,790.5345890116744,799.2196910269881,8956270
2023-02-20,789.283447265625,803.2854159842882,786.61300169689,798.7384045852328,8086706
2023-02-21,792.24267578125,799.8691726347396,786.2280790929624,789.1150855033404,12389296
2023-02-22,776.7009887695312,790.0533943514464,774.2230217496752,788.6339729282492,10359102
2023-02-23,771.4321899414062,778.9383950431011,766.0671578181314,776.1235754720026,27882010
2023-02-24,764.5514526367188,778.4812938723913,762.7470736219656,778.4812938723913,17061740
2023-02-27,766.4521484375,769.3872600713753,758.9459430133319,763.0839740657053,14312972
2023-02-28,769.6759643554688,772.4186559261975,764.4312238388164,766.0191009974646,18993992
2023-03-01,768.9302368164062,776.1236720304117,767.8235273667264,775.6425042238213,14137256
2023-03-02,762.3861694335938,772.7312753996731,761.2073320156976,766.9813446479279,17391814
2023-03-03,777.5189208984375,779.491696778829,764.0943299288768,767.9436716413649,14986234
2023-03-06,783.0042724609375,788.8504134058667,778.5534709474247,779.4917245287281,27004710
2023-03-08,784.568115234375,788.8745431955432,779.4917718675084,779.4917718675084,20099774
2023-03-09,784.6402587890625,791.9780672791738,782.859961535162,784.27938296168,20700166
2023-03-10,764.4072265625,776.4845264268987,762.6509523697192,774.8966492145099,27387000
2023-03-13,754.7357177734375,771.6968814107662,753.0034668384583,764.0463022356049,26443550
2023-03-14,752.7147216796875,761.9772004206781,750.2848599011005,755.5536230150942,33185612
2023-03-15,741.91259765625,761.6404762620406,739.3623849761033,759.2827424375032,37264754
2023-03-16,746.7241821289062,750.188566152108,737.1730148168983,740.5171069124015,21753342
2023-03-17,756.70849609375,759.8601097073861,740.9983568458301,749.4187927190782,22950876
2023-03-20,751.4636840820312,754.5190873460873,743.5966036348024,754.446900441081,26503114
2023-03-21,759.9804077148438,761.4479929018443,748.793257108229,756.3716494546454,33050494
2023-03-22,758.2241821289062,763.156151684689,753.1719206327385,762.1697342790129,14177324
2023-03-23,752.1373901367188,765.225129615806,749.9240302046185,754.350750068819,28364178
2023-03-24,750.9344482421875,757.3099208232004,748.1917568712191,750.6216774626521,31477748
2023-03-27,754.2063598632812,759.9803728144399,750.092410877359,751.6802291971494,31872006
2023-03-28,760.3412475585938,761.6404357125624,752.5944586072359,753.3643152523856,39276302
2023-03-29,763.9981689453125,770.8307274292553,761.1592675027767,762.1697080199377,39763612
2023-03-31,774.4635009765625,776.0994241800914,766.2114631109374,767.7511762682442,34711228
2023-04-03,774.9447631835938,777.422730170773,771.1916311425683,773.5012598964762,40025398
2023-04-05,795.7311401367188,796.8137675382653,777.5670581774376,778.8180825386323,43365392
2023-04-06,801.7938232421875,803.1651395050825,792.531344577113,793.2290730170381,44637344
2023-04-10,797.99267578125,804.0313548734133,795.8515026694348,800.3023046039525,31813286
2023-04-11,800.3263549804688,803.2614665555587,794.4560730939902,798.2573101275717,42361542
2023-04-12,810.7195434570312,812.307361770148,802.4915867834721,802.5877968377349,26955504
2023-04-13,814.352294921875,816.5657134519994,807.4716316772242,812.3554958466677,35330086
2023-04-17,801.9382934570312,827.6085828103118,795.5147153318975,827.6085828103118,32405148
2023-04-18,798.5459594726562,807.0385817236702,797.0062462186185,803.5501156527228,29637226
2023-04-19,801.4810791015625,803.6944976892919,797.3671301762054,801.1442851788886,24741168
2023-04-20,804.46435546875,807.134801181368,801.8179329013308,804.368086679066,32922716
2023-04-21,805.7635498046875,806.8942823364474,800.3023072681698,803.0690219934318,20128618
2023-04-24,812.2833862304688,813.8712046366431,805.5229555378388,811.7300315452851,35675852
2023-04-25,800.7352905273438,812.066755339811,799.6526631336261,812.066755339811,50353068
2023-04-26,804.416259765625,805.955973055451,796.3326181532963,798.738456878835,27392750
2023-04-27,808.8429565429688,810.8879194015693,801.5532536644629,803.7906953628967,47790392
2023-04-28,812.0187377929688,813.6547200003124,803.5501965703854,810.6233394768137,27916272
2023-05-02,811.8502807617188,817.5040017864336,809.3241500911014,812.547950500037,32221184
2023-05-03,814.6891479492188,816.0604642226169,808.193383640843,810.7435373497618,29407270
2023-05-04,831.3616943359375,834.5614130090665,811.7781309061464,811.7781309061464,56854638
2023-05-05,782.2103271484375,799.1955126698393,780.5021582230617,788.6339045566583,62770416
2023-05-08,791.25634765625,794.095249360511,784.3034965950662,786.7093355416769,37244524
2023-05-09,791.2803344726562,796.8137633850524,789.0909977997552,793.878651970084,43688938
2023-05-10,794.937255859375,796.1642571593527,785.7950682892969,791.2803925786036,46340550
2023-05-11,795.466552734375,812.2112150220032,793.5659634923215,801.216542964019,35734618
2023-05-12,802.4916381835938,804.8974770572269,791.1601135942614,792.4833249747595,22478760
2023-05-15,806.3410034179688,808.7227604763904,801.1924728395238,804.5125423272495,18512260
2023-05-16,801.7174072265625,813.641207320555,800.1113205928083,813.641207320555,32722086
2023-05-17,797.4102172851562,803.0314612780545,791.0346460503185,803.0314612780545,30466868
2023-05-18,800.5980224609375,804.953835962047,798.1645938212387,802.0580796447568,49646942
2023-05-19,801.522705078125,803.0314188922503,794.0520913358603,802.0580474754112,30460332
2023-05-22,798.6756591796875,804.4428733296279,794.6117857136817,800.5980440930408,28334032
2023-05-23,796.8018798828125,802.8367950174272,794.9768083346355,802.5447954516952,22470074
2023-05-24,786.3867797851562,795.6094500592069,785.3160355965606,792.1053367744181,33588112
2023-05-25,783.3693237304688,788.455225154943,777.407423655138,786.3380947431477,29776930
2023-05-26,786.3867797851562,787.9441502650901,779.7921647697594,787.9441502650901,26635066
2023-05-29,795.9744873046875,798.6512587386072,790.7912725552128,792.5676872978805,21816292
2023-05-30,796.5828857421875,799.4543434930372,792.5920864341458,795.0498137776772,37125928
2023-05-31,783.977783203125,795.7068987144811,780.9603551065537,793.2491711514361,43334270
2023-06-01,780.6439208984375,788.3822359863269,778.6971779535536,788.3822359863269,50366938
2023-06-02,781.860595703125,785.9001108734474,779.1838242892643,784.7563519232599,17859710
2023-06-05,780.8386840820312,786.7275701890972,779.8896111568738,785.7541986206603,18697242
2023-06-06,778.4051513671875,783.4909933701617,774.9253365920524,782.4203085516023,32182852
2023-06-07,782.444580078125,784.805053262948,776.7503811233141,780.3761658426776,24949026
2023-06-08,782.9312744140625,791.350960923385,780.278861070367,780.278861070367,37395522
2023-06-09,783.8560791015625,787.7009085166137,782.1040222342899,786.4355374130215,18212578
2023-06-12,779.0865478515625,786.3868338718737,778.4294745818307,784.8051052341397,13408292
2023-06-13,780.4005737304688,783.0773452649356,773.8789730190645,773.8789730190645,27926108
2023-06-14,779.5488891601562,784.5374180278894,778.7945024942541,783.7830313619872,20113968
2023-06-15,769.961181640625,781.5929230405386,768.4767664026215,780.6439096325554,35377476
2023-06-16,780.0355834960938,783.1746828103192,770.9102257106925,772.4432977006162,15779272
2023-06-19,780.7169799804688,785.6324943134937,777.8941787861185,784.0507655809437,24829146
2023-06-20,782.3472900390625,784.0506900484788,774.146647589991,780.7169047691681,20005626
2023-06-21,796.0231323242188,796.8261756245972,784.050675786365,786.4841043269806,24308946
2023-06-22,799.9166870117188,806.7059888717916,797.7023024946114,798.1646301932708,56596140
2023-06-23,799.8680419921875,807.8497002925832,795.2688853504051,796.9722855006775,21339218
2023-06-26,795.9988403320312,803.3964393933287,792.6649956756461,800.5979965482512,16130314
2023-06-27,807.2169189453125,814.1765484676322,797.4589059580019,799.6002755865209,33831864
2023-06-28,815.7583618164062,817.5834334461853,808.1417176661517,812.7652324615918,59562950
2023-06-30,828.047119140625,831.6486054517263,819.2137611926184,829.3124901661796,40699016
2023-07-03,837.002197265625,855.3502267293802,832.2326530339916,833.449367439012,44104116
2023-07-04,841.0902709960938,850.2399866599931,834.0820438772298,838.778513734139,38795188
2023-07-05,814.3712768554688,837.0994772709068,812.0595195781218,835.2744057361592,37165754
2023-07-06,815.1986083984375,821.4525082286525,808.0930085295972,814.2252369257229,52156544
2023-07-07,808.093017578125,815.1986175265295,806.0976179186929,810.3317601084606,19926336
2023-07-10,806.1705932617188,816.0503378295722,802.8854644229833,808.3850372058562,38398442
2023-07-11,802.2527465820312,815.6852604691176,800.8413461228718,809.3583461576029,50670426
2023-07-12,794.7334594726562,810.9644765133695,791.9107178120092,805.6352319869237,70958358
2023-07-13,798.699951171875,806.6572510904781,797.2155953198356,806.2922367876993,41913546
2023-07-14,800.3546752929688,804.7835035114284,795.7311609024043,804.7835035114284,24727214
2023-07-17,817.0966796875,818.6053935606003,794.7577929158504,803.0314502823962,49252928
2023-07-18,816.415283203125,829.3124545920268,812.7651403572094,826.3923403152943,81076818
2023-07-19,820.1141357421875,821.8905505906512,815.1986216073076,818.1673927652148,32935134
2023-07-20,821.8905639648438,823.4722926593728,817.6320636334198,818.1917641303833,56210948
2023-07-21,815.5635986328125,822.4015567907909,814.3468843278255,817.6320129512904,42154248
2023-07-24,816.8533325195312,819.8951183000274,812.813817239081,816.9019892100436,32179444
2023-07-25,825.7109985351562,826.879056170404,816.8533420034627,819.8951278192749,55992596
2023-07-26,822.8395385742188,827.1710534459679,821.5255108693627,827.1710534459679,24794358
2023-07-27,814.2982177734375,828.8257745170246,811.5240735457453,827.3170606790924,59741302
2023-07-28,799.8680419921875,812.2298721075693,798.6999842928814,808.6283856221597,41015684
2023-07-31,803.615478515625,806.3409662159895,797.5319067020986,803.0558374366854,34565006
2023-08-01,808.993408203125,811.5241504025686,803.0315076162769,805.1972354940766,35394188
2023-08-02,798.407958984375,803.7615021412346,794.830830666086,799.1379875966741,28116322
2023-08-03,792.6407470703125,803.6884896703888,789.8909607409018,798.1646183703506,57673946
2023-08-04,804.1021728515625,806.1949453417267,792.9327586465489,795.8042164551875,37388304
2023-08-07,803.6398315429688,809.4070457041624,801.8391180613743,809.4070457041624,28300918
2023-08-08,802.9828491210938,805.7569341954113,799.1623777784342,803.8588478451442,43773828
2023-08-09,803.2747802734375,805.221523152016,793.8330654303563,804.4914945725491,33361236
2023-08-10,796.1448364257812,805.099865704745,793.7844225264857,801.5957522263969,50781118
2023-08-11,787.846923828125,797.3859527425766,786.5814933374278,797.3859527425766,28225822
2023-08-14,784.0020751953125,785.9974748594191,778.8188601509507,784.0507318876311,31304410
2023-08-16,781.714599609375,783.3937010320665,769.5961724006356,770.4721710730195,34137542
2023-08-17,777.3831176757812,783.5153458133944,775.7770310495571,777.529087744607,52884040
2023-08-18,774.1953125,776.8964420218484,771.6402124587459,772.6379419530916,25633366
2023-08-21,773.5869750976562,778.9405181779168,772.3702607612333,778.9405181779168,21837270
2023-08-22,770.2774658203125,777.7237811054864,768.963438139342,776.9207377849476,32273570
2023-08-23,772.1755981445312,774.0980425006611,765.6783552717781,768.9634840803492,36498588
2023-08-24,768.622802734375,776.8477441031978,767.0897307917666,775.4364030038525,43145792
2023-08-25,759.9597778320312,767.746749618975,758.4510639302869,766.3110504597091,30069756
2023-08-28,767.868408203125,770.2531801549441,759.9597651143588,759.9597651143588,28867238
2023-08-29,773.976318359375,775.1200179106506,769.669102242421,773.6842594017068,35538932
2023-08-30,768.3307495117188,780.6195643753474,765.8973208258516,780.6195643753474,28084204
2023-08-31,764.80224609375,770.4965046276685,760.7384322394234,768.4767470204652,100075772
2023-09-01,766.384033203125,768.4768057096691,758.9134187598048,764.5833196769412,43226776
2023-09-04,771.1778564453125,774.5359402767891,766.4813275172515,773.830269769566,25073638
2023-09-05,766.4813842773438,773.0516417713671,764.38861183011,773.0516417713671,38712082
2023-09-06,776.507080078125,778.6971658570981,766.4813659496907,767.4060807161218,56320910
2023-09-07,783.977783203125,785.5108553045627,772.4433538873283,776.5071683013815,34208342
2023-09-08,790.085693359375,794.7092081887672,782.3960344054848,782.7367500914759,34502210
2023-09-11,794.173828125,796.4612273788786,790.3776555229446,792.762427572447,31573022
2023-09-12,796.6559448242188,799.576059429664,790.888730360441,798.164658821722,39033340
2023-09-13,800.062744140625,803.8102007820438,792.61642814262,793.9305153592652,46420094
2023-09-14,799.5760498046875,803.0315068308923,795.7798770993519,800.2330637010272,23538848
2023-09-15,808.75,812.7651572137806,803.0314427561306,803.0314427561306,173411202
2023-09-18,792.8353881835938,805.464858730247,791.399629677695,804.8565015861909,37056288
2023-09-20,761.0304565429688,778.2104866731253,759.4244292708094,778.2104866731253,115474648
2023-09-21,755.9932861328125,763.5855718328563,748.0603441770149,755.8229580049356,72841442
2023-09-22,744.4588623046875,761.3711919566923,741.5874045249608,758.7430770496563,61704250
2023-09-25,745.1158447265625,749.8366724935371,742.195730377536,742.195730377536,40208754
2023-09-26,748.3523559570312,749.4960555884529,742.1957693327212,742.1957693327212,27575308
2023-09-27,743.0960693359375,745.8458554975613,737.3288555163493,741.2223412220462,39338538
2023-09-28,741.5630493164062,748.3279930851168,738.9592924506106,746.5759362770035,55354188
2023-09-29,742.8284301757812,747.2815569377753,740.8816873168103,741.5629997895483,32053782
2023-10-03,733.9464111328125,743.1690816035621,732.9486816600946,743.1690816035621,38971694
2023-10-04,744.4102172851562,747.0626308751249,724.7967576747751,727.5952007546005,54649430
2023-10-05,747.4276123046875,755.1172706279191,745.8945403681716,747.0869560565192,48512674
2023-10-06,746.600341796875,751.9295273041055,744.5562258825445,751.4428415259151,17759356
2023-10-09,737.937255859375,744.6291848078113,735.8688414571311,743.6558133244023,16454972
2023-10-10,742.1227416992188,744.1424994102023,737.426212407623,740.0300286548502,33266292
2023-10-11,749.3013305664062,750.5424029295025,743.8991308991633,744.6778161774354,31333360
2023-10-12,754.2898559570312,755.3362421435227,745.4078415117224,747.5979272653602,22025336
2023-10-13,747.4276123046875,753.7788848660191,744.6048112974557,749.4960266639874,39745300
2023-10-16,744.4345092773438,746.794923276397,740.0056808464606,745.3592240817852,17856084
2023-10-17,750.0800170898438,757.1613181665532,747.0625893528261,757.1613181665532,32902558
2023-10-18,739.640625,750.0800099587005,738.8375816778204,750.0800099587005,31216200
2023-10-19,737.3045654296875,742.8041382598725,731.5860077723223,732.6567520860139,30252364
2023-10-20,741.1250610351562,743.1691173582408,732.46203118805,732.46203118805,21094010
2023-10-23,732.9730224609375,744.0207640901824,730.0772068991747,741.4656641644435,22376136
2023-10-25,728.3252563476562,741.1251158897211,725.8674694399969,740.2490577379119,28311996
2023-10-26,712.2158813476562,726.1350808000519,710.6828094760561,725.7700665168079,55561798
2023-10-27,715.0143432617188,719.3215000369331,713.9193003827721,715.1846713831347,31940532
2023-10-30,722.7769775390625,725.1373914861161,711.4858921827074,712.1429060469561,23310982
2023-10-31,718.591552734375,731.9754116576363,717.3748382868058,731.9754116576363,32634824
2023-11-01,717.6181030273438,719.053802155173,711.6562028835086,711.6562028835086,33877466
2023-11-02,718.7131958007812,725.4051249981815,714.041024388573,722.7283533192214,45225154
2023-11-03,722.1199340820312,725.8430917067044,721.0979059562075,724.18834838353,18095340
2023-11-06,727.351806640625,729.0552066561768,721.7549208752405,729.0552066561768,25593730
2023-11-07,723.8233032226562,727.1084316790375,718.9320882014275,727.1084316790375,41952848
2023-11-08,725.9161376953125,726.8407930714139,720.7815793854345,722.2172785513859,31399546
2023-11-09,723.044677734375,726.4271198457463,721.9982915168673,723.2150058605088,22116740
2023-11-10,725.8917846679688,728.0818705084018,720.3192566823748,720.3435553235623,14015186
2023-11-13,724.5776977539062,728.0574529993991,723.1662973344708,726.1837249264701,20605914
2023-11-15,732.1700439453125,735.3577999173147,730.2963157159859,732.0240144584016,41245460
2023-11-16,734.0924072265625,739.2756221207742,731.8536647558356,734.7494210785321,29713838
2023-11-17,732.5106811523438,733.6787387876133,724.6750527726409,725.16173850318,23701874
2023-11-20,732.559326171875,736.3554985735485,730.7829708116128,736.3554985735485,19331452
2023-11-21,738.7645874023438,740.7356883923068,735.9174877356371,739.2756311878541,24959972
2023-11-22,736.1365356445312,739.7623206231069,731.7563640092628,739.7623206231069,29123650
2023-11-23,740.3950805664062,741.6360936254299,734.1654789893513,734.1654789893513,13046220
2023-11-24,745.6511840820312,746.1622278549652,739.6892839772345,740.3462978210936,16469192
2023-11-28,743.97216796875,748.1576534487249,742.5851254924052,747.1599239182611,28489338
2023-11-29,758.8160400390625,760.6897681490088,746.0891967833849,746.5272258063289,34042488
2023-11-30,758.6456909179688,765.2889031775027,750.5423621524202,763.6828760176745,69491440
2023-12-01,756.990966796875,762.0281520239192,755.3848801865702,758.207681074416,22153536
2023-12-04,783.2720336914062,784.5374047202694,765.873018667368,772.8569470817542,50662456
2023-12-05,790.2316284179688,797.6779441560443,786.7275147823341,796.4612297811876,52230820
2023-12-06,792.22705078125,797.4102062498663,786.8004930390686,797.4102062498663,38613060
2023-12-07,793.5167236328125,795.2444817359088,786.5814519897668,790.86431017188,20450386
2023-12-08,804.5888671875,805.4649253113081,793.5167662504412,793.5167662504412,33728038
2023-12-11,803.5181884765625,809.6990738547369,801.5714454396721,803.0558607692541,23187620
2023-12-12,795.5364990234375,806.0732571804058,794.1981132379304,805.0755276490755,36581476
2023-12-13,793.7357788085938,796.2178641804811,786.0461204150259,794.4901060535459,29346914
2023-12-14,803.1044921875,807.3872910879392,800.5980487244109,801.0847344683164,35172366
2023-12-15,806.2192993164062,811.7918273650013,801.3767404796611,803.0314839042278,138837130
2023-12-18,805.8056030273438,810.1857749432232,803.4938456272962,808.2390318694991,18014754
2023-12-19,804.4428100585938,807.2412528497581,800.1356534706899,803.0314096384661,24008446
2023-12-20,806.4382934570312,812.2541644467366,800.3303634873538,806.9249792104754,34232520
2023-12-21,820.8927612304688,822.3771764061897,803.1530909094922,806.438219443738,36589240
2023-12-22,813.1788330078125,820.5034769444852,811.3537615362043,819.3840760112807,48578850
2023-12-26,818.8244018554688,820.5278019503709,812.059517577905,814.3469167985355,18045856
2023-12-27,828.9718627929688,830.5292334309963,816.9506891067552,818.3620896655261,27009078
2023-12-28,829.9208374023438,837.7808237889657,828.3391087868577,831.8919383640549,44076470
2023-12-29,831.8675537109375,834.6173398672829,825.4189680232558,825.9056537355337,25011426
2024-01-01,826.4410400390625,831.8189412093673,823.4722689184366,830.285869252277,14239686
2024-01-02,826.9276733398438,828.7284461026671,821.8661301022644,826.7817032735886,29242092
2024-01-03,814.176513671875,829.653083176837,812.2540695245034,828.3390555600513,28389762
2024-01-04,822.9125366210938,824.907936188308,813.1058074949292,816.6586370098769,26734056
2024-01-05,818.7026977539062,829.7504992888211,811.8404409559379,821.1118277236433,31889470
2024-01-08,809.577392578125,818.7757651976441,807.8983504931613,816.9020369293803,17998470
2024-01-09,803.2747802734375,816.5613241836867,801.4497088247701,811.3781093874959,25326888
2024-01-10,805.92724609375,807.8739890989318,798.8460040583302,799.6246893784266,16115824
2024-01-11,802.5447998046875,809.309743595266,799.6246853117656,807.8983430417109,18314010
2024-01-12,798.7485961914062,805.95156875827,795.0497965259408,804.0048258385641,19773552
2024-01-15,814.1278686523438,818.0700109690749,799.9166104629336,801.9120099654888,28320356
2024-01-16,817.2183227539062,819.4084084513863,806.9735647828543,814.2251937520415,25322500
2024-01-17,748.279296875,777.1397839265529,743.8504686909188,764.0965828252033,170145236
2024-01-18,723.2880249023438,737.32889662945,720.3192537681881,727.1084960821111,161070930
2024-01-19,715.744384765625,735.0171279009493,714.6493418669147,732.924355486129,109600538
2024-01-23,694.6708984375,717.7154569857805,693.5271987986505,712.9946289403671,115469402
2024-01-24,708.5657958984375,709.8068089160445,671.7480069982282,671.7480069982282,86004404
2024-01-25,698.3453979492188,709.27146932584,690.8017687875753,706.9110553088505,98941852
2024-01-29,707.9573974609375,711.9238979776146,703.6502407027771,704.7452835773879,65645498
2024-01-30,702.9202270507812,712.1185398649957,701.2654836786888,707.90875580775,41728768
2024-01-31,711.80224609375,717.8371016849802,699.2700884068386,700.5841161285045,65761040
2024-02-01,713.651611328125,717.1800828855794,708.6387839338071,713.0189555223712,32690740
2024-02-02,703.8206176757812,720.7085896391353,701.8252179588541,717.8614898495053,44867754
2024-02-05,703.1879272460938,706.6190857097415,697.931756543557,703.7476277670278,38605046
2024-02-06,702.8228759765625,705.5483042801744,697.2259898811583,703.5286059562596,41075740
2024-02-07,695.9362182617188,707.5437201567751,694.330191039234,707.1543478186637,54837086
2024-02-08,682.8444213867188,700.3163911601653,681.6033490400813,695.8875630019661,69106124
2024-02-09,683.112060546875,688.2709172654594,675.033089526087,677.5395328507874,56642124
2024-02-12,676.4931640625,688.0032934481292,673.2566920790741,681.18969323455,34447812
2024-02-13,678.658935546875,683.4771364619307,673.7434212435891,677.4422211445823,57580994
2024-02-14,673.597412109375,677.2231970540489,663.6203545889955,669.6795681971766,91320810
2024-02-15,688.197998046875,688.903668609651,673.7433958465795,674.0597534612269,41584944
2024-02-16,691.0451049804688,694.8412181662663,685.4725175238648,692.9918479710976,32175742
2024-02-19,689.682373046875,695.4739454261017,688.7576582283627,695.4739454261017,34451756
2024-02-20,707.7870483398438,709.22274741334,687.1029057664576,688.660276266856,56133508
2024-02-21,700.413818359375,712.5079475266035,698.3940605878935,712.5079475266035,45893136
2024-02-22,690.874755859375,695.3765988884213,687.2975681948778,689.9986977762575,50560882
2024-02-23,691.3858032226562,697.8587478235042,690.1204320838871,692.3348761341468,29833452
2024-02-26,692.213134765625,698.3210050066913,687.9546346452112,687.9546346452112,23506870
2024-02-27,691.1668090820312,694.3545652339111,687.7113519923358,687.9546948776648,32087150
2024-02-28,685.9348754882812,693.1377886016653,683.3067606806109,691.1667470533215,25321986
2024-02-29,683.0147705078125,686.4215706434694,680.0459994144303,682.3820552900959,53295700
2024-03-01,696.3256225585938,697.2989940386686,681.360036052442,681.360036052442,34738898
2024-03-04,697.274658203125,699.3674307159147,693.186545384466,696.422958130924,35616474
2024-03-05,701.2410888671875,702.2874750189414,691.8967470591605,692.067075174591,37991672
2024-03-06,702.0927734375,707.0813018234176,697.688303532932,697.688303532932,42409530
2024-03-07,703.7962036132812,706.2053335588424,701.5088045068723,703.504204064998,49348046
2024-03-11,694.8899536132812,703.7232526512562,692.5538381955413,695.9606385239804,50531094
2024-03-12,710.3422241210938,712.5079519871562,695.5956218426523,697.9073792005341,65418454
2024-03-13,710.755859375,716.2067158438075,705.7429725398497,713.2379447418698,63067454
2024-03-14,708.3467407226562,713.4812990740788,702.9202422173576,711.5832127948388,52432158
2024-03-15,706.9840698242188,710.2205419583659,701.9225261192986,705.6943406988961,143613804
2024-03-18,703.77197265625,708.6144722431341,698.7834435762417,704.2343003680048,21437856
2024-03-19,705.3779907226562,706.8624060469253,698.6374048635253,698.6374048635253,36183594
2024-03-20,696.4716186523438,706.4973325344582,693.3568181834665,705.2319615530049,43606094
2024-03-21,703.6259155273438,706.3026871236781,700.0001304926251,702.0928435492851,28922860
2024-03-22,702.2144775390625,706.0593065998343,699.7323922549797,701.3141208411934,45980326
2024-03-26,693.7218627929688,699.8297331586394,692.1401341445468,694.5978614753975,56844290
2024-03-27,701.1681518554688,704.6966236214441,691.7021375713913,692.8215385852401,62168668
2024-03-28,704.6723022460938,710.8045307526719,701.1681292352769,701.1681292352769,55592142
2024-04-01,715.67138671875,717.2774734382766,708.4197572494843,709.5878149173326,25199570
2024-04-02,720.3678588867188,727.5221149937069,712.1428585816917,713.0675733041284,41225446
2024-04-03,721.414306640625,727.9115494819865,716.109420115624,716.450076374618,45584386
2024-04-04,743.461181640625,744.6292393883092,731.9754091764817,731.9754091764817,88935066
2024-04-05,754.1439208984375,756.5529915753328,744.7022055513205,749.0093625181328,59055902
2024-04-08,752.7081909179688,757.8914061879058,750.2504634550537,756.7720051664586,20482940
2024-04-09,753.6572265625,756.7233110790663,749.6420692068525,756.7233110790663,21884494
2024-04-10,747.7196655273438,754.3142814277871,746.0649220391629,754.3142814277871,27807400
2024-04-12,739.2512817382812,744.5561681914903,736.5745101656407,740.2490112702176,41084208
2024-04-15,727.4490966796875,734.8954117012732,726.1594270943376,728.8361984614614,23415248
2024-04-16,734.5304565429688,736.3068713842836,721.3899415012858,723.7016987771374,20744886
2024-04-18,727.4490966796875,739.2025682918519,725.6727413912242,734.7980983246009,34234884
2024-04-19,745.2619018554688,747.0382572891224,720.4165709168466,723.4827148610226,34576434
2024-04-22,735.9661254882812,757.9643557818745,734.0680986992392,757.9643557818745,42298438
2024-04-23,733.7273559570312,742.9257276507318,731.6102850251966,742.8284142738174,26827060
2024-04-24,735.7228393554688,740.6140550056098,734.4331696198528,737.3289261268269,22441580
2024-04-25,735.260498046875,739.616311752735,733.0704121681982,733.0704121681982,35445204
2024-04-26,734.7981567382812,743.6558134751455,732.729742335618,739.6650141563123,24854694
2024-04-29,744.3858642578125,746.7949349875348,733.216449914726,737.3289207914913,36093350
2024-04-30,739.8109741210938,749.2526892649995,737.2802320622603,744.2398024289921,52307382
2024-05-02,745.7241821289062,748.0359392606487,739.9326102747762,740.7356535814621,33475006
2024-05-03,739.567626953125,749.7880273318675,733.5327119903678,746.2108990812835,31865242
2024-05-06,741.0520629882812,746.819277196089,738.3752913854279,740.7357053714223,28793396
2024-05-07,733.021728515625,741.7334150168236,732.0483570497901,740.7113274497933,28480602
2024-05-08,721.5845947265625,728.5441648774708,720.465193806477,728.0574791574124,41687862
2024-05-09,704.4776000976562,723.5800151607533,703.4069152466064,717.83709973452,46281278
2024-05-10,709.361572265625,716.2928456267198,703.8856031439476,709.9042250216206,27276608
2024-05-13,717.9208984375,720.1655815796556,705.6122976051453,706.4509373389452,27047202
2024-05-14,720.7328491210938,722.9775322143812,715.4789152317669,716.4408878596623,25665142
2024-05-15,709.6575927734375,720.116199874965,708.3256213801538,720.116199874965,38931996
2024-05-16,720.3875122070312,721.5221990437014,708.1775543730138,713.3822271543565,34945236
2024-05-17,722.286865234375,724.210870736283,713.4562165510583,713.4562165510583,20920190
2024-05-21,719.6721801757812,725.0494465734148,715.3801590157026,715.3801590157026,43769978
2024-05-22,719.8695068359375,723.0268413842214,714.4182283327197,719.203521164468,39996278
2024-05-23,736.3468017578125,737.8514873644924,718.808897899437,719.5982164877166,40861920
2024-05-24,748.4827880859375,749.814819731989,733.0908640200075,733.8308615274302,31060206
2024-05-27,753.6627807617188,762.1974428837648,749.3955099218479,751.5168000055969,29385440
2024-05-28,755.0440673828125,757.7820820455768,752.2321011517142,754.846722684579,27908904
2024-05-29,744.0921630859375,751.763434227272,740.6141508121484,748.8774560751649,35147706
2024-05-30,747.3234252929688,751.6400771573121,738.8381451452329,739.6027730570852,33755350
2024-05-31,755.5620727539062,757.7573743920395,746.9040786650703,749.370736784836,74079588
2024-06-03,775.615966796875,788.8372786068238,764.6640286682782,788.8372786068238,72637256
2024-06-04,731.6848754882812,769.1040704644005,717.3042453208712,768.1174071283333,89531240
2024-06-05,765.5520629882812,769.4000136473305,731.2901444599279,737.062160780223,81631650
2024-06-06,769.4493408203125,772.2859977724349,762.9867083301413,772.0147015010076,46422870
2024-06-07,776.1832885742188,781.6099363682906,765.675361251112,770.115345809898,36712216
2024-06-10,770.23876953125,779.784725413951,768.4134061980604,776.5040577255814,22454058
2024-06-11,771.9653930664062,775.0240252200629,765.7493660748642,767.6240504407497,29545326
2024-06-12,776.5780029296875,783.5586575880445,772.7546827700062,776.9973227739393,39280436
2024-06-13,779.8340454101562,782.2760131134276,776.5040566032491,780.3273770852536,24120192
2024-06-14,787.8013305664062,788.8373149959045,778.329326673916,781.4373401835603,25540554
2024-06-18,793.1785888671875,794.5105601294592,784.1259056214269,787.8012622589033,32415714
2024-06-19,817.869873046875,823.8145435842582,791.3039754417663,795.941305047812,90131196
2024-06-20,823.5431518554688,829.5124525875813,814.983860042712,823.7651872236406,41408742
2024-06-21,821.7672119140625,825.2698546527171,810.6179284522095,825.2698546527171,51630776
2024-06-24,825.0478515625,826.3798229097616,811.9005512360641,812.5172157896385,28544994
2024-06-25,844.2631225585938,847.025767804676,824.4065232844747,824.4065232844747,74521548
2024-06-26,839.40380859375,844.041138181783,834.2731473521208,842.5857736709851,47596666
2024-06-27,836.7644653320312,845.0770913433391,832.0531241260426,836.7397746618053,55074650
2024-06-28,830.671875,841.9198007397313,828.3038589383985,837.4798157900913,26476046
2024-07-01,841.2290649414062,842.2651095333842,828.7971320491276,828.7971320491276,21187024
2024-07-02,853.7597045898438,855.8810546817267,840.0204307746837,846.0637432263002,45921690
2024-07-03,872.531005859375,885.0369507276009,870.5576793248654,883.5569558267186,123217802
2024-07-04,852.0578002929688,868.1404005851939,850.9231133709549,868.1404005851939,45848658
2024-07-05,813.0598754882812,831.2638253093144,810.1492067263514,831.2638253093144,82242548
2024-07-08,806.7698974609375,816.4391857049037,802.7246020410699,811.678583484828,39087800
2024-07-09,807.3372192382812,812.3691778178521,799.369901303005,801.6639054458949,48550878
2024-07-10,802.20654296875,809.063864597064,799.5672308205436,804.1058576798249,45507182
2024-07-11,800.1346435546875,802.0832795528332,789.8239996598078,801.1459373403621,44177074
2024-07-12,800.5292358398438,808.2745787950348,794.8312914757237,800.1839277769812,56049960
2024-07-15,800.2332763671875,804.031966294815,796.8292758573642,800.9239527377698,33375694
2024-07-16,799.0739135742188,802.6505679180453,797.6186093434653,799.5672452078501,28950324
2024-07-18,796.6320190429688,801.1459557272271,788.9113662252444,793.2773395385489,33717064
2024-07-19,792.9319458007812,800.677228233124,791.0572615353138,797.2239068544229,26002152
2024-07-22,810.3218994140625,814.4905276323838,795.5712715150735,797.7172520784763,53744822
2024-07-23,798.407958984375,812.9119216218081,791.7973027922226,812.7885887086006,52002152
2024-07-24,791.3286743164062,799.6906218755655,783.4353677463822,793.3513220807449,61728206
2024-07-25,797.5198974609375,801.6638951787058,785.8772830890329,785.8772830890329,25535732
2024-07-26,798.2846069335938,800.0605887969758,787.5792741911353,791.7972838101718,43810540
2024-07-29,791.822021484375,805.0432741154053,788.4920327099303,796.7306475152811,51001148
2024-07-30,797.0020141601562,806.4739582617092,788.8373508245744,790.317345854264,54595834
2024-07-31,797.1006469726562,803.0946388161857,793.8693004409521,796.2373165488889,37820484
2024-08-01,808.471923828125,814.0219048337823,798.1859108540549,800.627938629233,26215174
2024-08-02,818.51123046875,824.1105327295066,804.6239322848401,804.6239322848401,44119238
2024-08-05,797.1006469726562,812.0239300120638,789.824004829474,809.1132611105608,41333634
2024-08-06,789.922607421875,805.5858871810888,786.0253355957136,804.1305829139676,45116050
2024-08-07,800.9239501953125,804.1306059860544,790.4159617464212,797.7172944045706,42346264
2024-08-08,810.3958740234375,815.6252376687839,798.8272709671206,801.1705962949537,33976950
2024-08-09,814.0958862304688,820.1885804457108,811.9252750900921,814.9839073123685,26644618
2024-08-12,818.9797973632812,826.7990913723679,812.6898193077751,814.9838233487179,39316196
2024-08-13,790.9093017578125,805.3146225179424,789.8980079765901,803.1439511462899,54055042
2024-08-14,793.1785888671875,796.0891971974215,790.9092152779186,792.5372336839343,32334428
2024-08-16,805.1665649414062,806.177918901087,794.7572792867222,803.3905830654421,27849246
2024-08-19,804.895263671875,807.9045746403995,801.0225621096914,807.9045746403995,19502164
2024-08-20,807.92919921875,812.0238759013653,802.8725499307859,802.8725499307859,31134494
2024-08-21,802.05859375,806.3752455426795,798.1119406824072,803.1932203742449,47630904
2024-08-22,804.77197265625,808.2252943260683,803.1439540663039,805.1172807347715,21300638
2024-08-23,801.6885986328125,806.1038926835937,800.6772446912317,806.1038926835937,20333422
2024-08-26,809.0392456054688,812.9858989531632,805.2159251748899,805.2159251748899,22364266
2024-08-27,807.9539184570312,812.714580974844,805.2159036816922,810.7412543536698,35773244
2024-08-28,807.6332397460938,808.9405806750858,804.2292392849356,807.9539173658313,26921188
2024-08-29,808.3485717773438,811.2345497877237,804.6979056469421,810.0505418236547,49052604
2024-08-30,807.5346069335938,819.9172195651064,799.7646332824804,816.9572296027775,445342100
2024-09-02,802.6258544921875,812.4185353190471,800.7758609185206,812.4185353190471,34049680
2024-09-03,807.7565307617188,809.0391809529892,801.4665524914798,806.1038818486695,37282860
2024-09-04,809.9519653320312,811.4319603519671,805.1172908451134,808.5706125582972,24682744
2024-09-05,811.7525024414062,813.947864316631,810.0505324148638,812.0238589250097,22876318
2024-09-06,807.5592041015625,812.8872099026286,806.1532209716318,808.2252499925564,26029602
2024-09-09,812.2705688476562,813.2572321563082,804.1799176724811,808.0772497858858,23792914
2024-09-10,814.169921875,815.9705945420105,808.0772877024264,815.9705945420105,26606646
2024-09-11,810.9879150390625,815.2305552034559,808.6692201411954,814.1945707781381,22226684
2024-09-12,822.1865234375,823.8638631072175,812.541925723635,815.970556634334,32424046
2024-09-13,821.8658447265625,825.8371886289187,817.4752411837702,825.8371886289187,23860532
2024-09-16,824.3324584960938,827.7118283198007,820.9285184448568,822.383822656841,15172820
2024-09-17,823.2718505859375,827.8104775064535,820.9778464556504,827.8104775064535,20127122
2024-09-18,836.0985107421875,838.1211584780381,824.4065144173259,824.7765131575844,40917342
2024-09-19,842.8571166992188,848.0370989791965,838.2444778560398,838.2691083056365,30651776
2024-09-20,858.989013671875,860.8390072921377,842.3884524296358,846.8037464482039,60623386
2024-09-23,868.1650390625,871.3963251528371,858.5203814686755,862.8370332933276,26965350
2024-09-24,872.2350463867188,878.9443447710721,865.4270455398441,870.7303607683197,33039036
2024-09-25,877.6863403320312,882.0770041306025,868.3377295053485,868.3377295053485,31965312
2024-09-26,879.832275390625,882.0769584056752,872.2350164313859,874.7016745924757,31899644
2024-09-27,864.6377563476562,877.2423442796407,863.3304153886946,876.6503703689774,35613502
2024-09-30,854.47509765625,864.0456833682003,850.701098537286,862.738402689165,26383534
2024-10-01,851.5890502929688,859.3837142697525,848.5797393423385,850.5037447767241,24572284
2024-10-03,829.7838134765625,851.5644172954591,825.5164827720641,846.3844351066934,48473398
2024-10-04,817.771240234375,834.0511850540141,815.4772359655595,826.083866681385,48683232
2024-10-07,798.1119384765625,818.4371776300311,795.7439225540929,815.0824984433904,94458296
2024-10-08,814.5151977539062,817.351854577489,800.1838900610866,804.1305430330278,29734406
2024-10-09,805.6846313476562,817.3272467507278,803.4892692768091,813.750592132383,41125642
2024-10-10,820.114501953125,821.6191272702827,805.363874384187,808.5705299330368,21754766
2024-10-11,814.4906005859375,821.1258875682706,810.6672800804614,821.1258875682706,23672594
2024-10-14,832.7931518554688,834.741848018609,815.9705545228965,816.9819085005773,18527508
2024-10-15,830.81982421875,837.6771462351046,826.5771840500105,835.7038196244212,19651130
2024-10-16,838.565185546875,842.585790426718,828.8465156450762,828.8465156450762,20470682
2024-10-17,825.4178466796875,837.5044718768119,821.4958240034423,836.1724403142362,14695732
2024-10-18,829.7098388671875,834.2238355924767,816.0198853262701,820.4598702584595,24809724
2024-10-21,852.8223876953125,862.4177242903107,844.1151323678729,846.063768270474,46548354
2024-10-22,845.841796875,858.3970631644344,843.9424218629189,853.4884373802005,38875280
2024-10-23,856.3251342773438,861.603759041874,841.1551854708522,841.1551854708522,38036090
2024-10-24,863.15771484375,872.5310159915173,857.4597103207274,857.4597103207274,30832258
2024-10-25,860.0744018554688,867.2030200365818,852.8223905419693,865.7970368926951,26130478
2024-10-28,855.5357055664062,863.8237012026692,852.9210840084185,859.383716444917,22012142
2024-10-29,864.2430419921875,870.2370336046123,851.0464203091243,851.5644426318723,35794926
2024-10-30,855.7330932617188,865.6737383463702,850.6024319063034,859.3837596235229,32715724
2024-10-31,856.2756958007812,857.8543931673494,848.234426273393,852.4770662952162,22895912
2024-11-01,857.0651245117188,860.419743696405,851.5397737386437,854.9437742666823,1759692
2024-11-04,845.6197509765625,860.8637106769045,844.0411138190809,860.8637106769045,28089248
2024-11-05,867.2030029296875,869.5956493162819,837.6277954866241,840.1437747820238,44232406
2024-11-06,865.92041015625,873.9370497603172,861.0364145993881,873.9370497603172,27787910
2024-11-07,861.62841796875,868.7323455565536,857.4104082699865,860.5184217555121,18895456
2024-11-08,865.5256958007812,869.1517316326272,861.2830556229201,864.3170573375987,19902986
2024-11-11,871.3717041015625,879.5116762015548,863.9223481240455,865.5750573030832,24565362
2024-11-12,847.6423950195312,875.6636561032956,842.9311140165652,874.1836611915717,31395406
2024-11-13,829.463134765625,853.1677439816382,825.3438276461692,846.9270867373347,35728500
2024-11-14,835.087158203125,841.05645917869,824.8998474928816,825.39317914741,27146470
2024-11-18,841.1797485351562,847.987749103584,836.1971111266544,838.6637692715708,27081968
2024-11-19,859.507080078125,865.1803941380466,839.9957889401087,845.5704607570133,50981272
2024-11-21,858.989013671875,867.7703408111802,855.5356922473849,863.0343691875372,35716512
2024-11-22,861.1597290039062,865.4517505554312,853.2417920363309,860.1484352390544,24773612
2024-11-25,880.8929443359375,889.7482832055338,870.6810037082952,880.6216480727867,427737274
2024-11-26,880.8683471679688,892.9302818593218,873.0983737208503,892.9302818593218,30935566
2024-11-27,894.06494140625,896.5562300169572,880.6709755435701,883.0143007972586,32714976
2024-11-28,884.6176147460938,905.8061839354122,882.07694483503,897.3702251985009,35722392
2024-11-29,886.04833984375,890.2662893460416,879.561016559754,888.6383310231244,27669536
2024-12-02,890.3156127929688,892.0176431336934,875.6636867426915,889.7236388960249,15110876
2024-12-03,900.9715576171875,906.4475265301775,895.9395389832724,899.1955156163089,43410242
2024-12-04,917.6461791992188,920.0635162996781,903.3642521901575,906.7435619082082,44669084
2024-12-05,920.4335327148438,927.4388181075851,905.3622266087298,917.596875706611,39682714
2024-12-06,915.5494995117188,919.6688066050771,909.7035317020062,916.1168429341786,17783156
2024-12-09,922.5301513671875,927.4634676846591,912.1701871004972,914.4641912323508,26947912
2024-12-10,921.5928344726562,926.3288062229569,916.881553393078,926.3288062229569,13325480
2024-12-11,919.1261596679688,923.4675021564423,915.9935158212785,918.4354833328279,14045426
2024-12-12,917.2268676757812,921.864197216933,912.0221946944998,913.1568815747593,17293790
2024-12-13,923.3934936523438,924.9968214762359,902.4268990322158,918.8301759997277,19009002
2024-12-16,920.1621704101562,922.5054957499956,915.2535445762154,920.1128492893367,13107082
2024-12-17,904.4002685546875,918.7562078618506,901.0702798391582,915.7962178924912,21079532
2024-12-18,893.2755737304688,905.7568882727958,891.5242825465077,902.7228866518356,23422312
2024-12-19,884.790283203125,888.5395915672278,877.6369745293333,887.7995941182149,25380770
2024-12-20,873.93701171875,886.7883251977108,871.7417099804251,879.2156362475025,25692348
2024-12-23,888.4902954101562,890.956953642833,878.7716860618692,879.1169941259847,11044592
2024-12-24,887.0596313476562,892.2889348142179,882.8416818560752,889.0083275055933,14485834
2024-12-26,883.4336547851562,893.916952377888,878.5003382709294,887.2816657547127,10481678
2024-12-27,887.1336669921875,890.9322967259654,882.6196702111419,885.4316968356189,7259330
2024-12-30,877.0943603515625,895.3969526845203,873.6903598921683,884.1489668763874,22222218
2024-12-31,874.60302734375,879.0183818635131,871.0263727843891,873.3450677348718,14117236
2025-01-01,879.4869384765625,885.0369191568942,868.8062969452952,874.8989303590305,7313806
2025-01-02,884.9136352539062,889.6989281059142,874.6770036544534,876.699651347947,18558576
2025-01-03,862.9356689453125,885.6536147489581,861.5050553855514,883.5569553072743,24426194
2025-01-06,843.8438110351562,866.8823756490298,841.5251763034672,858.4464162412277,18816348
2025-01-07,845.2744140625,849.0237223493897,838.6637582765616,846.063732614296,13527906
2025-01-08,835.8518676757812,844.4111600559388,830.4498497882179,842.7338203435289,19738190
2025-01-09,822.778564453125,833.237171528912,817.9932112311335,830.844525028491,40420222
2025-01-10,817.3272094726562,826.2811909461473,815.9705474379197,824.3571854708366,17453280
2025-01-13,804.5499267578125,812.3939122066796,801.3186405131205,809.0639234971638,21669066
2025-01-14,812.3198852539062,817.0558570637163,807.5839134440961,809.0145872775671,26661432
2025-01-15,810.5685424804688,820.2624606383587,807.2385540448483,817.2038286822469,14022892
2025-01-16,815.008544921875,819.201863784551,810.469857784879,815.4031740939097,21212454
2025-01-17,807.4605712890625,814.2438814190301,803.3905852110819,810.7905598983193,23112076
2025-01-20,814.6138305664062,819.3991231510713,802.1572072678132,802.1572072678132,17557618
2025-01-21,810.2478637695312,819.4485105158285,805.6352251722408,818.0671578930118,31158144
2025-01-22,821.9152221679688,824.8012002853578,801.8859089377631,810.2479165643738,30619306
2025-01-23,821.347900390625,832.2505181334424,814.6139111249832,832.2505181334424,34909158
2025-01-24,813.8986206054688,824.0119199318104,811.2839386423929,818.9305795964561,24236200
2025-01-27,804.0319213867188,810.839861804967,802.157237088582,809.6065327196525,22804166
2025-01-28,824.0611572265625,830.918478848159,812.5171851743912,812.5171851743912,30179312
2025-01-29,827.4651489257812,829.3644636153648,823.2964606110903,826.3304621132276,12619890
2025-01-30,834.470458984375,837.627793486482,825.1218486077116,829.2904768269195,25744846
2025-01-31,838.047119140625,840.9824182950722,830.7457868177106,832.3738053097981,15821686
2025-02-01,834.1990966796875,845.0770832229423,826.8485035606199,837.4304429485957,5587528
2025-02-03,827.8104858398438,832.1518283284162,820.6324864421063,823.8638327488314,20276540
2025-02-04,848.9744873046875,851.391824544325,828.8219005259823,833.0891713164636,28616502
2025-02-05,857.311767578125,860.4690419690123,847.9877873258422,854.9437515638108,23675506
2025-02-06,860.29638671875,862.8370567631686,850.5037655001158,856.1770794811201,26760716
2025-02-07,854.8203735351562,871.7169816976605,850.9970534399911,863.3303440695562,23509600
2025-02-10,846.4337768554688,850.2324064646851,842.857122399865,847.1984649999539,17195950
2025-02-11,839.3544921875,844.090464044396,833.0891440189461,840.1438107934578,22724704
2025-02-12,842.0184936523438,844.5837941723514,829.389155095277,835.2104927183359,22809570
2025-02-13,837.5291137695312,845.6937766231139,835.4818356095761,838.1704689996619,12602434
2025-02-14,836.1231079101562,839.601120018604,828.7971451888767,839.601120018604,19959892
2025-02-17,847.2230834960938,848.5304243918573,829.413823260936,831.3624591587258,12938946
2025-02-18,850.0350952148438,854.2284140997132,841.697778564227,845.1017788797033,16350910
2025-02-19,852.0823974609375,857.3610822217985,844.8057556604201,847.0504387449713,11884112
2025-02-20,832.2998046875,845.9157460199498,831.4118438608401,844.0904430253034,26390510
2025-02-21,834.9638061523438,836.1724445897772,827.4404985932164,829.2411711352042,15680940
2025-02-24,827.3665161132812,830.8691588600108,819.4732095421047,829.3398427560753,20693646
2025-02-25,829.9564819335938,832.7438177754724,824.406500920576,824.406500920576,24138708
2025-02-27,839.0090942382812,843.9671012979777,830.0551731686357,830.0551731686357,35786800
2025-02-28,854.6477661132812,857.0404125816553,831.2638337603047,831.2638337603047,54516728
2025-03-03,839.4285278320312,859.9017921530082,835.7531707549724,858.2984642242569,21205364
2025-03-04,843.5971069335938,845.7184570804238,835.3338019387764,837.6771272358142,19920958
2025-03-05,833.73046875,843.991790915382,832.8671383829512,839.6257577393887,21583872
2025-03-06,834.3224487304688,838.6144701478811,824.973838204501,832.2504799228543,32966088
2025-03-07,833.3604736328125,839.2311321984157,827.6131479773222,829.7838192395386,13372914
2025-03-10,832.4971313476562,838.6144556459366,830.3018296675241,833.2371287977431,15604050
2025-03-11,831.510498046875,835.7038170818192,823.8885481247595,829.9811819724781,19898430
2025-03-12,844.1644897460938,847.7904654359072,834.4952011662076,834.4952011662076,18784106
2025-03-13,841.9197387695312,848.9250839737969,838.688452760047,846.5817587561914,15736264
2025-03-17,843.7944946289062,850.5037932506908,841.1304915849349,841.1304915849349,18950652
2025-03-18,843.7944946289062,843.7944946289062,843.7944946289062,843.7944946289062,0
2025-03-19,860.4197387695312,863.823739278078,854.5490799535085,855.930432694155,15221406
2025-03-20,872.580322265625,875.1703133281802,862.9850461318551,865.3036807089222,17833978
2025-03-21,873.3696899414062,875.2196836615442,866.0684175252852,866.0684175252852,33508264
2025-03-24,887.9969482421875,890.1676194932312,874.997671627427,877.6369838460287,17393736
2025-03-25,898.5789184570312,909.5555477752322,888.7369760332164,890.4143157035983,39101416
2025-03-26,891.2283325195312,901.5636066855513,888.9836493829623,900.3302775382388,24478442
2025-03-27,900.5029296875,908.2235821777275,887.0596420099644,887.9969842041877,41658100
2025-03-28,901.9088745117188,905.7568853680813,890.8829244709937,902.3035639097062,28773648
2025-04-01,872.1363525390625,892.8809726796349,870.9030234039785,888.9836405685396,28511006
2025-04-02,886.4676513671875,887.602278026219,873.5423260418547,873.5423260418547,11573564
2025-04-03,885.456298828125,889.9702954640933,876.6503409310941,878.6729886492828,11250038
2025-04-04,896.5316772460938,908.6922548603657,893.4729847277881,894.4103269547068,33540454
2025-04-07,867.1289672851562,878.0562747489253,857.5090006629878,869.6450067324856,37995450
2025-04-08,872.7777099609375,879.1170096868965,863.4784203033727,870.730371547347,35563872
2025-04-09,870.7303466796875,875.6636630914704,865.0570328061372,870.7303466796875,22454608
2025-04-11,891.3269653320312,897.567622795633,875.540352413462,875.540352413462,32775766
2025-04-15,920.0142211914062,925.8848799667485,915.1302257322174,920.0635423129839,49298344
2025-04-16,926.4768676757812,929.33821542373,917.8435635307726,929.33821542373,19136820
2025-04-17,940.6354370117188,947.048748489299,925.835487448072,928.4501692927759,35703084
2025-04-21,950.6994018554688,962.3420166432835,942.2634427629204,949.170085798879,34247298
2025-04-22,967.7686767578125,972.1593405008402,954.5967457498784,954.5967457498784,45961750
2025-04-23,949.1207275390625,976.2539669757358,947.4433879660209,976.2539669757358,30570642
2025-04-24,945.6181030273438,949.1207455952106,939.8460867592294,942.2634238174406,25931754
2025-04-25,942.8554077148438,953.6100615716746,933.2848220611925,949.5647662059754,18500878
2025-04-28,947.29541015625,951.982060830828,941.4741328194633,942.8554253066497,13920492
2025-04-29,941.6714477539062,951.5380804410966,937.4287475214969,946.6047640975014,18918308
2025-04-30,949.6633911132812,955.5340495753018,942.4114402150566,943.7434115323153,31936870
2025-05-02,948.1341552734375,958.0007887427045,947.1968130496268,952.0314875380283,17840404
2025-05-05,955.4847412109375,962.9833580251333,953.2647488384409,956.5700467268101,15068024
2025-05-06,952.9686889648438,957.112686715781,949.3180830668039,952.1300492793257,17490156
2025-05-07,959.8260498046875,961.355365881208,948.3807795701131,954.1034146874002,21420778
2025-05-08,951.3900756835938,964.364722012384,946.752746184645,964.364722012384,34803430
2025-05-09,932.248779296875,946.7034204881495,930.8181657127636,942.3127568324845,17188796
2025-05-12,965.5487060546875,966.880737676539,943.3981625785179,946.0127842578852,18618972
2025-05-13,948.4793701171875,967.7686246091653,947.1967199365026,961.9966686855105,24242102
2025-05-14,942.5594482421875,952.2287366384547,938.8101397074491,948.2327622761527,15445308
2025-05-15,954.0047607421875,959.4314088460198,935.85013208818,943.9901042439285,32241458
2025-05-16,954.44873046875,958.9380967138302,951.340777169636,954.0047801554118,15868010
2025-05-19,956.4220581054688,959.5300716290252,952.6234284399217,955.5834183781088,10202964
2025-05-20,944.6807861328125,954.3993955236706,943.7434439560598,951.1927398071444,23879090
2025-05-21,950.5514526367188,960.4674068130723,947.739426083267,950.6500948788123,15132040
2025-05-22,947.1474609375,949.2687509312965,939.895449442171,944.828766015395,21306670
2025-05-23,953.9060668945312,955.583406549638,944.4834444188342,947.246089616049,9566072
2025-05-26,957.1619873046875,961.9473401627192,950.6007128758197,954.5966869630639,10802860
2025-05-27,950.3047485351562,961.0100208805311,945.3714322062008,952.9193700568147,26162148
2025-05-28,948.9234008789062,954.3500488693757,946.0620533045636,947.2953823933067,18157594
2025-05-29,950.896728515625,957.4580633637506,940.9314535555673,951.1433943336576,28917794
2025-05-30,959.480712890625,961.4047183192448,949.8607459686729,953.0674016093235,28748078
2025-06-02,953.166015625,955.09002099665,941.2767355690125,952.1793523801688,14668822
2025-06-03,949.466064453125,962.9833634640112,947.1967509482078,956.0767204883472,24377584
2025-06-04,957.6553344726562,958.6913790708478,947.6407385330224,947.690059651711,12961542
2025-06-05,961.79931640625,966.3873245707182,957.1619871239031,961.0099978567567,22255418
2025-06-06,976.1552734375,984.8379583134906,958.3953347348495,959.0366899431259,30127008
2025-06-09,976.2540283203125,984.1966559557253,974.7740333489505,984.1966559557253,13202588
2025-06-10,969.5447387695312,978.1780428487654,967.472709657825,978.1780428487654,15533126
2025-06-11,962.1940307617188,970.6793107759778,960.516691162301,970.6793107759778,11096394
2025-06-12,958.74072265625,967.4233474890254,954.7447484104943,961.9966994408974,16349130
2025-06-13,946.0127563476562,953.6100757725884,943.7434428106371,947.19676434732,12117762
2025-06-16,954.7940673828125,956.520728121515,947.2460692080249,949.1700746468088,16513746
2025-06-17,951.9327392578125,957.852719054467,946.7527569357399,955.5834055099792,16978736
2025-06-18,954.0540771484375,955.2380851367438,945.7167603313338,945.7167603313338,18433816
2025-06-19,954.7447509765625,960.4180648603083,949.9593979158449,954.0540746334422,16876220
2025-06-20,969.2486572265625,971.8140179089729,952.9193918485255,952.9193918485255,32900408
2025-06-23,961.2073974609375,965.8940481289003,957.9514206200562,961.2073974609375,11739518
2025-06-24,967.3740234375,976.3033140635843,964.7593416610487,969.3966711141703,22625322
2025-06-25,976.8953247070312,977.7833457795492,968.854054817417,969.8900392545883,18405932
2025-06-26,997.4179077148438,1000.0325292056699,976.7966216145232,977.4872979366618,50084830
2025-06-27,1004.9491577148438,1007.393088107433,994.2258430942326,1004.0015037809444,28213384
2025-06-30,998.2658081054688,1004.400566128524,995.2732550959096,1003.2533964547342,13649020
2025-07-01,1003.5526123046875,1005.4977838847651,999.5126780283082,1000.0114368496795,14389386
2025-07-02,990.5350341796875,1007.4429706558585,986.4950998423908,1007.4429706558585,18878250
2025-07-03,991.0836181640625,1001.507689459166,989.6871300276722,994.9739612315547,16860506
2025-07-04,992.1809692382812,999.2633203019867,987.5424877454124,991.0836632772651,7863944
2025-07-07,991.2332763671875,996.7196233059492,989.4377568185034,992.0312782906421,11349426
2025-07-08,998.2159423828125,1000.0114620081927,986.0462146584523,986.0462146584523,15224316
2025-07-09,1003.1036987304688,1004.4005203490875,996.5699704674603,1001.0089360727129,13861428
2025-07-10,1000.6099243164062,1005.9965439473215,997.5176439735463,1005.4977851253348,17030310
2025-07-11,989.3878784179688,999.9117385623401,987.9913902076418,996.5201541247731,12516922
2025-07-14,989.0387573242188,991.8816582943851,982.8541356715338,989.0387573242188,13088850
2025-07-15,995.2732543945312,999.3131887778599,984.0511806165923,984.0511806165923,14498168
2025-07-16,995.6722412109375,1008.8394251469304,993.826797075495,1006.4952830829005,17994612
2025-07-17,990.98388671875,999.9116815490105,988.8890631972324,999.5126501495852,22529158
2025-07-18,976.2705078125,996.0213445308241,974.0759568696542,990.9838927216935,16129446
2025-07-21,997.7670288085938,998.5151670456409,985.7968170158388,986.6446826643673,22309078
2025-07-22,1001.058837890625,1006.4953213272488,999.0139388595042,1004.051390877723,14836814
2025-07-23,1009.6375122070312,1012.3806857402005,999.0139248978445,1003.0039954915454,13634916
2025-07-24,1004.5999755859375,1016.3208076773761,1001.7072110041944,1016.3208076773761,19107176
2025-07-25,1002.2999877929688,1007.5,999.5,1007.5,9306598
2025-07-28,1004.25,1010.7000122070312,1000.25,1001.5,12059580
2025-07-29,1010.7999877929688,1013.25,998.1500244140625,999.9500122070312,19895696
2025-07-30,1012.9000244140625,1016.2999877929688,1008.5,1014.0,15154036
2025-07-31,1009.0999755859375,1015.7000122070312,1004.0,1007.2999877929688,22183032
2025-08-01,1006.0999755859375,1014.1500244140625,1004.6500244140625,1007.0,11317258
2025-08-04,996.0,1009.25,994.0499877929688,1005.0499877929688,13933946
2025-08-05,988.7999877929688,997.2000122070312,982.75,993.25,23978058
2025-08-06,992.6500244140625,994.0,985.0,985.5499877929688,14080204
2025-08-07,997.7000122070312,1000.7999877929688,988.4000244140625,990.0499877929688,13081186
2025-08-08,986.9500122070312,996.4000244140625,985.0,993.5499877929688,13895264
2025-08-11,997.7999877929688,998.7999877929688,986.5499877929688,987.9500122070312,9105854
2025-08-12,984.9500122070312,998.0,983.75,995.9500122070312,12937802
2025-08-13,990.1500244140625,997.0,984.5499877929688,997.0,13577396
2025-08-14,995.5499877929688,998.0,985.5999755859375,989.0,17511716
2025-08-18,1001.7999877929688,1013.2999877929688,997.7999877929688,1005.0,19284796
2025-08-19,995.5499877929688,1003.0499877929688,993.3499755859375,999.1500244140625,12352438
2025-08-20,994.0999755859375,996.0,989.5,993.5,9950228
2025-08-21,995.5999755859375,998.75,991.5999755859375,998.75,12439850
2025-08-22,982.2999877929688,998.0,978.5499877929688,994.9500122070312,19833502
2025-08-25,982.0499877929688,988.7000122070312,978.5,980.0999755859375,17518044
2025-08-26,973.4000244140625,985.7000122070312,968.0,979.5,16917731
2025-08-28,957.7999877929688,972.2000122070312,955.0,967.0,25438255
2025-08-29,951.5999755859375,963.2999877929688,950.0999755859375,954.0,14823813
2025-09-01,950.5999755859375,957.4500122070312,946.3499755859375,949.5999755859375,20178344
2025-09-02,944.5,954.7999877929688,944.0,951.0,14196320
2025-09-03,954.4500122070312,956.2999877929688,940.0,945.0,16083481
2025-09-04,961.25,965.7000122070312,956.25,960.2000122070312,17597657
2025-09-05,963.4000244140625,967.5,954.0499877929688,967.5,11602111
2025-09-08,966.0,973.1500244140625,960.4500122070312,969.0,11711307
2025-09-09,965.1500244140625,974.4000244140625,962.7000122070312,974.0,13985539
2025-09-10,965.9000244140625,973.9000244140625,961.7000122070312,973.9000244140625,18091100
2025-09-11,967.7999877929688,969.25,959.9000244140625,960.2999877929688,15113633
2025-09-12,967.2999877929688,970.75,962.25,969.9000244140625,14363519
2025-09-15,967.0499877929688,972.3499755859375,965.0,969.5999755859375,14486377
2025-09-16,966.8499755859375,969.3499755859375,961.2000122070312,961.2000122070312,18661794
2025-09-17,966.5,974.4000244140625,964.3499755859375,965.1500244140625,17361476
2025-09-18,976.9000244140625,979.6500244140625,969.25,973.2999877929688,17791598
2025-09-19,966.9000244140625,976.7000122070312,962.0999755859375,974.9000244140625,31243267
2025-09-22,964.2000122070312,971.2000122070312,961.9500122070312,964.0,10854415
2025-09-23,957.2000122070312,968.2000122070312,955.5,967.0,21022298
2025-09-24,951.0499877929688,956.4500122070312,943.0,952.2000122070312,15117220
2025-09-25,949.8499755859375,958.0,947.4000244140625,952.5,31413279
2025-09-26,945.0499877929688,951.4500122070312,941.2999877929688,945.0999755859375,14874656
2025-09-29,950.2999877929688,956.7999877929688,939.0999755859375,946.0499877929688,32398179
2025-09-30,951.0,960.0,946.2999877929688,958.0499877929688,28296687
2025-10-01,965.25,969.5999755859375,946.0,952.7000122070312,25350832
2025-10-03,965.1500244140625,966.75,952.0,952.0,26658296
2025-10-06,973.4500122070312,977.4000244140625,962.0,971.9000244140625,18542683
2025-10-07,982.5,989.8499755859375,971.0,974.0,25535736
2025-10-08,978.7000122070312,985.9000244140625,974.5499877929688,976.0,15939710
2025-10-09,977.0999755859375,979.0,970.1500244140625,974.5,15370950
2025-10-10,980.9000244140625,986.2000122070312,978.0999755859375,979.0,13757080
2025-10-13,977.0,981.0,972.0,974.2999877929688,18634254
2025-10-14,977.1500244140625,980.4500122070312,967.0,970.0,22934382
2025-10-15,978.25,984.9000244140625,973.3499755859375,975.0,23310447
2025-10-16,994.3499755859375,996.5999755859375,981.5,982.6500244140625,22936566
2025-10-17,1002.5499877929688,1009.0,986.0,993.9500122070312,25210511
2025-10-20,1002.9500122070312,1020.0,997.0,997.0,22195202
2025-10-21,1007.7000122070312,1010.0,1004.0,1006.0,3471600
2025-10-23,1008.7999877929688,1020.5,1006.0,1016.0,43526526
2025-10-24,994.75,1011.9500122070312,991.2999877929688,1011.0,17707768
2025-10-27,1002.9500122070312,1009.0499877929688,996.2000122070312,996.5,15700796
2025-10-28,1003.5499877929688,1008.0,995.0,997.6500244140625,33904289
2025-10-29,1007.8499755859375,1012.5,1000.0,1004.9000244140625,17769445
2025-10-30,998.1500244140625,1009.5,997.0999755859375,1000.0,19962917
2025-10-31,987.2999877929688,1004.4500122070312,981.1500244140625,994.0,23221330
2025-11-03,992.6500244140625,994.5499877929688,983.2999877929688,985.0,16607180
2025-11-04,985.25,997.0,983.7000122070312,987.0,20024544
2025-11-06,984.6500244140625,991.0499877929688,974.0,981.0,22279516
2025-11-07,982.2999877929688,984.9000244140625,974.75,980.0,15004568
2025-11-10,984.5,990.9500122070312,980.2000122070312,982.2999877929688,15988262
2025-11-11,991.7000122070312,993.5,978.0,983.5,10200530
2025-11-12,989.5,999.0,987.7000122070312,998.7999877929688,13137263
2025-11-13,986.6500244140625,990.0999755859375,982.5999755859375,984.0,14124839
2025-11-14,989.5999755859375,991.6500244140625,976.0499877929688,976.0499877929688,21386965
2025-11-17,996.5499877929688,997.9500122070312,985.5999755859375,991.25,18396408
2025-11-18,992.4500122070312,999.0,990.0,997.6500244140625,20002640
2025-11-19,994.5999755859375,996.5499877929688,984.0,990.0,19813847
2025-11-20,1008.8499755859375,1011.5999755859375,992.4500122070312,995.2999877929688,19850865
2025-11-21,998.0499877929688,1008.2999877929688,996.5499877929688,1003.0999755859375,17499897
2025-11-24,999.1500244140625,1011.4500122070312,993.5999755859375,1000.0,32204053
2025-11-25,989.7999877929688,1006.0999755859375,988.4000244140625,1004.0,24989383
2025-11-26,1003.9000244140625,1006.9500122070312,981.2999877929688,981.2999877929688,19494356
2025-11-27,1009.5,1016.7999877929688,1001.0,1002.0999755859375,25536848
2025-11-28,1007.5999755859375,1012.0499877929688,1004.2000122070312,1007.0,15988807
2025-12-01,1002.0999755859375,1017.5,999.2999877929688,1017.5,16746566
2025-12-02,989.7999877929688,994.4000244140625,985.0,988.0,27316662
2025-12-03,1000.5,1002.2999877929688,986.0,986.0,15448777
2025-12-04,997.2000122070312,1004.7000122070312,993.0,1000.0,14528169
2025-12-05,1003.2999877929688,1008.0,990.2000122070312,992.0,12843366
2025-12-08,1003.0999755859375,1006.5,997.5,1000.0,12901022
2025-12-09,997.0999755859375,1002.7999877929688,994.0,994.9000244140625,15294322
2025-12-10,989.7999877929688,998.5,985.2999877929688,997.5,15322830
2025-12-11,1000.2999877929688,1002.7000122070312,988.5,990.0,11844809
2025-12-12,1001.5,1004.7000122070312,998.2000122070312,1003.0,11988618
2025-12-15,996.0999755859375,1001.7999877929688,992.0,992.0,9790060
2025-12-16,994.2999877929688,998.7000122070312,990.0999755859375,990.0999755859375,20049088
2025-12-17,984.0,996.0,980.7999877929688,996.0,19080922
2025-12-18,979.7000122070312,987.4000244140625,973.2999877929688,973.2999877929688,14912404
2025-12-19,985.5,988.0,978.7000122070312,987.0,25952384
2025-12-22,987.7000122070312,992.9000244140625,983.9000244140625,988.0,13540411
2025-12-23,996.5999755859375,998.9000244140625,987.7000122070312,990.5,17927849
2025-12-24,997.2000122070312,999.4000244140625,993.0,993.0,13699996
2025-12-26,992.0999755859375,997.2000122070312,987.7000122070312,996.0,9360853
2025-12-29,991.7000122070312,997.4000244140625,987.2000122070312,993.0999755859375,13545749
2025-12-30,990.9000244140625,995.0,982.2000122070312,990.2000122070312,33155849
