Date,Close,High,Low,Open,Volume,MA20,MA50,Daily_Return,Volatility
2020-01-01,675.3241577148438,683.1528519736394,673.4900624593615,679.0819357370663,14004468,,,,
2020-01-02,686.8212280273438,689.3487905881979,676.397899264457,676.397899264457,17710316,,,1.7024521011366867,
2020-01-03,687.6488647460938,689.6619561224467,681.3187895160008,685.7923126356704,20984698,,,0.12050249540584979,
2020-01-06,671.70068359375,683.5107670428088,670.13493269889,679.9767186772816,24519177,,,-2.319233255512232,
2020-01-07,682.0345458984375,686.4633346701793,677.0688889990518,679.5293205694625,16683622,,,1.5384623772301431,
2020-01-08,676.9122924804688,686.4408797211686,675.5031406802602,677.7399018936877,16047902,,,-0.7510255087183726,
2020-01-09,692.5026245117188,693.3973052036212,685.0094646794911,688.2975058097518,14982742,,,2.3031539247309274,
2020-01-10,692.3460083007812,696.9537331994524,688.7671661721967,694.247234586273,12478359,,,-0.022615973628681285,
2020-01-13,690.5789794921875,697.2892636445985,688.2080160085029,691.182918802657,18282382,,,-0.25522336915475563,
2020-01-14,684.181884765625,693.3973351908096,680.8043754201078,688.9238120878065,15816535,,,-0.9263378869809435,
2020-01-15,681.6990966796875,688.879119007135,679.1939307600682,687.0673605574593,15817859,,,-0.36288421854198116,
2020-01-16,687.9843139648438,690.4224084594933,683.55552505049,684.0029251254354,12847975,,,0.9219929021131668,
2020-01-17,707.2653198242188,709.0323441677112,694.8288990509899,694.9631011634697,29463471,,,2.8025356782131805,
2020-01-20,685.5015258789062,719.7911481994419,682.839761284159,719.7911481994419,32545850,,,-3.077175330853432,
2020-01-21,686.1949462890625,691.5408127343894,680.8714169985212,683.8239827310947,18922720,,,0.10115519571851639,
2020-01-22,685.9488525390625,691.9433921150559,684.9423069375898,690.7131763493682,10322817,,,-0.03586353285328636,
2020-01-23,683.0411987304688,689.796218032275,680.2899656476081,687.3581232334355,11247739,,,-0.42388784496555365,
2020-01-24,680.6701049804688,687.2909208972738,679.3280242942884,683.1081395891008,14628445,,,-0.34713773552854654,
2020-01-27,673.9597778320312,681.9674086637826,673.2663704558863,677.6952189115842,13387750,,,-0.9858413200958815,
2020-01-28,658.3919677734375,675.5032444510476,654.7460541997162,674.8769082130656,24532236,683.5354187011719,,-2.3099019512220265,
2020-01-29,662.0154418945312,668.5243925324733,654.9472262974796,659.4207487202938,24746565,682.8699829101563,,0.5503521152221413,1.4959625213714367
2020-01-30,645.8660278320312,661.9483606637074,644.1884717288344,661.6352224321117,22402689,680.8222229003907,,-2.4394316265923033,1.5214100541689595
2020-01-31,631.5060424804688,650.115939458839,629.5153479649114,650.004074503463,34750310,678.0150817871094,,-2.2233690475661705,1.5769064787350737
2020-02-03,619.8076782226562,626.2719547408867,609.7646194987522,612.8289902103342,30712290,675.4204315185547,,-1.8524548414236786,1.5504424492518312
2020-02-04,638.1044311523438,640.8332667548419,625.310139999637,626.2942886767648,25383901,673.22392578125,,2.952004883539816,1.6705349282442337
2020-02-05,647.9909057617188,649.9145288544571,639.849132797698,641.9068982608502,18472100,671.7778564453125,,1.5493505650040929,1.7177556211928242
2020-02-06,652.1513061523438,656.26695662953,644.2332031533095,650.4961469348968,15538577,669.7602905273437,,0.6420461079981399,1.6279588447927194
2020-02-07,641.3478393554688,649.7133433335028,638.9544787429636,649.1094039600182,12209212,667.2103820800781,,-1.6565889993558125,1.6547649322862095
2020-02-10,642.2201538085938,646.6489428047836,630.9692153123326,638.8202476362594,15142476,664.7924407958984,,0.1360126907111292,1.6584869672767344
2020-02-11,649.8921508789062,655.9090270916164,646.4475111960692,647.4987907400189,13999816,663.0779541015625,,1.194605467426535,1.6872062021229288
2020-02-12,657.7432861328125,659.7787743619559,650.8987994375913,651.4132707150139,13533565,661.8801635742187,,1.208067406767177,1.717635529971676
2020-02-13,659.465576171875,661.076061195236,654.2986456938107,661.076061195236,13565659,660.4542266845704,,0.261848364760775,1.7019253500312552
2020-02-14,665.4824829101562,671.6782959370149,650.0487633667867,660.8523610746443,21227841,658.3650848388672,,0.912391329538198,1.5742461196871127
2020-02-17,661.2997436523438,673.7808982963232,659.5327193324579,666.108801931165,13149130,657.154995727539,,-0.6285273264476254,1.4353425438630885
2020-02-18,656.4459228515625,660.248435272722,651.9723999060855,660.248435272722,11127161,655.6675445556641,,-0.7339819571037021,1.4391890500476223
2020-02-19,672.7295532226562,673.9150349477495,659.8905275306022,661.7917537765035,14084409,655.0065795898438,,2.480574530855284,1.5602615960917408
2020-02-20,664.744384765625,674.6085086758875,663.7825731086709,669.6876451612479,16892268,654.0917388916016,,-1.1869804765940462,1.578194352151409
2020-02-24,646.4028930664062,660.7405401434429,643.9871953423907,657.4972328720769,21370214,652.3783782958984,,-2.7591796364982546,1.684721867296712
2020-02-25,633.630859375,649.2881870055619,630.767762177695,649.2881870055619,27745062,650.3619323730469,,-1.9758627055052713,1.7217889872318597
2020-02-26,622.7155151367188,631.8191601622372,620.6353526146177,630.7678804610105,29362748,648.5781097412109,,-1.7226661354606265,1.6903209866421058
2020-02-27,620.143310546875,623.520820005058,612.4264202255112,620.9261263497503,25054993,646.4845031738281,,-0.41306255060611363,1.6795679552182388
2020-02-28,594.3756103515625,607.0580958283585,592.7427884250544,606.1186214911856,39315769,643.9099822998047,,-4.155120237060883,1.8309020173054704
2020-03-02,588.7838134765625,612.426378055896,582.0511321802886,606.2081680239584,29500495,641.7738708496094,,-0.9407850486483738,1.7855211706982008
2020-03-03,600.7280883789062,605.6713484615526,591.4007735026032,594.8454135797672,27398798,640.8198913574219,,2.028635065868567,1.8223763001093327
2020-03-04,599.3189086914062,605.6265863851147,585.0930684252744,604.8213738082619,22105261,638.880615234375,,-0.23457862463244217,1.6707780587739702
2020-03-05,586.5470581054688,607.4831839260905,584.2431656944867,604.9108873026663,30510390,635.8084228515625,,-2.1310608426863165,1.6590451131135453
2020-03-06,568.5857543945312,576.2579099445863,555.2099199542964,568.1384140570675,33734039,631.6301452636719,,-3.0622101778077337,1.7319207264454852
2020-03-09,498.4184265136719,555.1651580471522,489.85162058131226,554.7401548853941,88187018,624.483674621582,,-12.340676377933235,3.1333375911934787
2020-03-11,516.044189453125,527.183262933386,495.6672390040311,495.6672390040311,59578576,618.1748764038086,,3.53633854645814,3.297761747868751
2020-03-12,475.5363464355469,492.5357574215292,469.13920029845366,485.3781326945414,55970485,609.4570861816406,645.8150415039063,-7.8496849389014685,3.583899730070461
2020-03-13,494.45941162109375,509.9825407096416,421.5856040161474,446.4584157053311,73297403,601.2928924560547,642.1977465820313,3.9793099575642366,3.7435298397903143
2020-03-16,454.3765563964844,483.00714524632815,449.5898653118392,474.4403385952524,38482258,591.0384414672851,637.5488531494141,-8.106399490546057,4.012283493542305
2020-03-17,450.9319152832031,474.1942690006391,448.78462201274766,468.49050072051966,45445979,580.3109130859375,632.8145141601562,-0.758102737649935,3.9707831579596626
2020-03-18,433.261474609375,463.4130789981454,429.9063325319352,458.6711221665263,44730415,568.9089996337891,628.0457299804688,-3.918649373648875,3.9856972962020993
2020-03-19,410.5359191894531,432.59042415453,399.1284125023437,411.6095658236809,61404010,556.6134994506835,622.6157574462891,-5.245228747931274,4.036816455692787
2020-03-20,455.3830871582031,462.9657149231966,416.0383696644293,420.2882223245293,63360475,545.7461761474609,618.1851733398438,10.924054600945654,4.904589511711439
2020-03-23,395.4825134277344,424.9854448385333,391.7247351423912,409.8648934921591,40670949,532.2830825805664,612.2447711181641,-13.153886347487232,5.515635069835228
2020-03-24,422.0329284667969,433.9325104811008,400.73893016882965,416.0383884925765,45734887,521.064584350586,606.8385095214844,6.713423258324158,5.879242673148029
2020-03-25,484.1478576660156,515.1494078462537,430.912866475202,431.15890365113535,73130298,513.5904342651368,602.7098870849609,14.718029094287989,6.959818885010274
2020-03-26,476.9678649902344,499.6486775382283,466.2984990986507,490.2095274623136,45744488,506.3030517578125,598.5656066894531,-1.4830165128468464,6.958908668737994
2020-03-27,476.699462890625,495.3540929516579,468.0208212280606,489.8516573515531,41657940,499.130859375,594.4656140136718,-0.056272575011917514,6.961204814379365
2020-03-30,460.9750061035156,480.815118140311,456.30017996614265,465.51565999753865,30229866,492.46082916259763,589.9254278564454,-3.2986101330509054,6.943883226665268
2020-03-31,498.2395324707031,505.41952430798887,468.8260681247117,480.4348787671312,44292810,487.93361511230466,585.744912109375,8.083849639088548,7.237281021915894
2020-04-01,483.3426513671875,503.093264271414,467.5734569491014,502.0419846435416,41597459,482.06434326171876,581.7017346191407,-2.9899034766759702,7.228970942219653
2020-04-03,482.0006103515625,507.4997575779397,472.53909292167856,507.4997575779397,41367807,476.19842834472655,577.6178479003906,-0.27765830551657045,7.228789456269753
2020-04-07,539.5526123046875,543.086660841312,492.088426868368,493.0278714782651,54373624,473.8487060546875,574.6899230957031,11.940234248074422,7.761247612971499
2020-04-08,533.3119506835938,549.7969487728319,518.929571501776,527.8766166035285,49880330,472.08501586914065,571.6953381347656,-1.1566363462567453,7.735038111883971
2020-04-09,545.7483520507812,551.4968241624882,533.692202595293,543.0865877041133,33032857,474.4515121459961,568.9969030761719,2.3319187487260695,7.1827710323030045
2020-04-13,531.9700317382812,543.5341094585195,527.8767178037374,538.5908487718674,23673784,475.24780426025393,566.1571081542969,-2.5246654911049493,7.184515932244702
2020-04-15,514.388916015625,552.9283884903713,511.3245453160948,535.50397581859,35321842,477.1904327392578,563.2770471191407,-3.3049071702794364,6.979000551040725
2020-04-16,522.5308227539062,531.2094648682425,512.2193584197375,514.3889890858135,37455706,478.59400329589846,560.4873547363281,1.582830905717647,6.938760299725271
2020-04-17,547.5601196289062,550.2442808995188,533.535612903734,543.9813374764348,33269335,483.25318145751953,558.5212365722656,4.790013485345712,6.691602797570527
2020-04-20,556.4178466796875,562.3228590945811,537.7184814324796,548.4549490845818,36030932,488.52747802734376,557.01947265625,1.6176720570490577,6.677096833182225
2020-04-21,553.5324096679688,560.0860954670951,520.719067459836,541.2972622124873,61371628,494.54102478027346,555.6939672851563,-0.5185737713010119,6.58077034390105
2020-04-22,610.0105590820312,619.5392052539516,581.5589420943985,590.5059862027734,142683366,504.51475677490237,555.13208984375,10.203223592262711,6.661591049958367
2020-04-23,613.2763671875,619.9643142606366,605.4029383592604,611.6882791292506,65464502,512.4094207763671,554.4377990722656,0.5353691107221614,6.3435476693701025
2020-04-24,633.8994140625,668.7705820869983,602.674159716329,603.993843697594,134986308,524.3302658081054,554.0727612304687,3.362765627114861,5.298793805404328
2020-04-27,639.6030883789062,659.8458058753123,636.5834515375906,641.5043146604703,58482901,535.208773803711,554.0378662109375,0.8997759249930182,5.215066199932969
2020-04-28,638.8873291015625,651.1000185601599,622.7825996528488,648.6619839341811,78453401,542.9457473754883,553.9712097167969,-0.11190678881145555,4.322915178707262
2020-04-29,638.3504638671875,650.294808910519,635.2413590168171,646.3804914740855,37494672,551.0148773193359,553.7403759765625,-0.084031285317554,4.283564787139201
2020-04-30,655.8196411132812,668.770532341543,643.3161499559969,650.4290406318744,71345899,559.9708862304688,553.7019030761719,2.736612289785745,4.273915412181193
2020-05-04,642.0411987304688,655.3722993617022,634.100638844068,644.1884921115068,53456868,569.0241958618165,553.3534155273437,-2.100949944015551,4.208212373960963
2020-05-05,653.42626953125,661.6352335022636,647.409392668105,650.3172243173109,44903763,576.7835327148438,553.1122912597656,1.773261719542818,3.9361561325969014
2020-05-06,653.4710083007812,664.2969422025669,646.6488596777011,654.9248941405343,40489094,585.2899505615235,552.9557165527344,0.006846796894666163,3.8139816878682087
2020-05-07,674.1387329101562,677.1360326646604,646.4252520396666,650.8987749292127,50026966,594.8968566894531,553.3095727539062,3.16276075707127,3.8031169183674223
2020-05-08,698.6761474609375,706.7731874423821,687.6264818225529,691.1605902433332,84262770,602.8530334472656,553.8285046386719,3.639816754758618,3.0018722256873964
2020-05-11,705.3863525390625,722.475230772329,703.3732613494101,706.817841580586,67085063,611.456753540039,554.6413439941406,0.960417083438525,2.9459300478735773
2020-05-12,661.7471313476562,701.6063555726146,655.3723813215827,700.0182075617154,100683202,617.2566925048828,554.9482287597656,-6.18657010223197,3.393237844953535
2020-05-13,675.7871704101562,689.5833490177412,656.6169951579172,689.5833490177412,66430125,624.4475494384766,555.7913549804688,2.121662247920475,3.2952782172118207
2020-05-14,648.4658203125,675.9001491489479,645.8014275181612,663.3909829522006,49266771,631.1513946533203,556.3063610839844,-4.042892687807919,3.3526499170243103
2020-05-15,659.0557250976562,662.352366946693,639.0501134333077,652.1011647623593,62152260,637.9776397705078,557.084609375,1.633070618903698,3.352956931066204
2020-05-18,650.6334228515625,669.2616544401022,644.875632962838,663.842565100716,62796089,643.1313049316407,558.209765625,-1.277934767177047,3.2867898296533373
2020-05-19,636.2501220703125,660.0943173105137,633.6986696085636,657.9718098763932,42315854,647.1229187011719,559.159091796875,-2.2106612227529965,3.3545852350496594
2020-05-20,647.44970703125,653.3881649537279,629.0698124523583,636.7469251931129,55320985,651.8187835693359,560.0935241699219,1.760248772054429,3.3488155226374503
2020-05-21,650.8592529296875,659.981412669229,643.5208404585119,648.0367682176926,39167981,653.8612182617187,561.1243310546874,0.5266116983929647,2.5215352535197137
2020-05-22,646.4788208007812,658.4234659784153,644.1982807272651,655.6236168765307,37828973,655.5213409423828,562.3229663085938,-0.6730229476171301,2.5314491850624643
2020-05-26,643.091796875,654.6751640177939,639.5919112653286,653.9751868958597,33216635,655.9809600830079,563.8130871582031,-0.5239187761148623,2.4307134504835344
2020-05-27,652.8010864257812,656.61703698639,637.6501047337907,646.2303793438942,35667956,656.6408599853515,566.9007403564453,1.50978283317591,2.445055907260695
2020-05-28,664.8585815429688,668.2455271815335,654.359044090917,657.0685886567666,40126278,657.9394226074219,569.8770281982422,1.8470396829767477,2.473881889308599
2020-05-29,661.3135986328125,664.7456963541632,656.007389810822,662.9393134152917,40022527,659.0875793457031,573.5925732421875,-0.5331935254455522,2.478905959607655
2020-06-01,686.5802612304688,694.7089545568629,666.5295002853659,668.358459270055,39943702,660.6256103515625,577.434990234375,3.8206779128528545,2.548030034043484
2020-06-02,693.5122680664062,695.454167278361,686.7835281692161,689.1318561237848,22153960,663.1991638183594,582.2177044677734,1.0096426051506624,2.4905792383075207
2020-06-03,696.1992797851562,704.4860062831307,692.4509975159605,697.7121144364211,25381289,665.3378143310547,587.1230517578125,0.38744977449955975,2.4700293104753297
2020-06-04,713.4275512695312,717.8080227909754,695.9057249087699,697.2604674305974,34202350,668.3356414794922,592.7263732910156,2.47461782633438,2.5134055787086336
2020-06-05,714.2854614257812,730.6783035409757,710.6726957536978,720.2916470274907,33076685,670.3429779052734,598.8013641357422,0.12025189589655039,2.4326417292766505
2020-06-08,708.7760620117188,730.8590266524802,706.7439184964705,730.8590266524802,31414953,670.8479736328125,603.8692236328125,-0.7713161910176902,2.312640026375284
2020-06-09,694.1670532226562,714.8726404733965,692.29294201313,704.6214390965813,25857161,670.2870086669922,609.842914428711,-2.061160015421193,2.3516741825410636
2020-06-10,709.9728393554688,713.3146329578219,695.4766830422209,696.8540015463917,22132647,672.6982940673828,615.6017126464844,2.2769427127713016,1.9099682179125252
2020-06-11,694.4154052734375,708.0760679196416,691.3897362648564,707.1954823716251,20385805,673.6297058105469,619.8070635986328,-2.191271724726074,1.94490811527624
2020-06-12,717.4918823242188,719.3885695925972,676.0355556331963,677.3903578499011,38548899,677.0810089111328,624.6175439453125,3.323151657572243,1.8003896808422613
2020-06-15,729.1204223632812,734.7201801016447,704.9827364804711,706.7439674657269,53107403,680.5842437744141,629.6659631347657,1.6207207810342572,1.7999907531797994
2020-06-16,730.5428466796875,744.474480971934,715.9111755811775,741.9681807809915,51187003,684.5797149658204,635.0573199462891,0.19508770743188464,1.7519728876689957
2020-06-17,729.481689453125,738.5586972066078,723.4980791176175,726.2753520321108,41782053,689.2412933349609,639.6821630859375,-0.14525598756944813,1.6348206652373352
2020-06-18,747.793701171875,751.9031997400788,725.0785489207035,725.7107978465832,40471557,694.2584930419922,644.9711840820313,2.5102770889942505,1.6687057807747563
2020-06-19,794.53369140625,807.8105013724783,750.5484911968546,754.1611973181019,105804173,701.4422149658203,651.221845703125,6.250385655980817,2.0727777446848106
2020-06-22,788.5501098632812,814.7650899304879,783.5148135515716,800.8560305108304,60198705,708.5457794189454,656.2017956542969,-0.7530934946733847,2.0762989937303025
2020-06-23,777.1473388671875,796.4981230069162,774.9796793150689,790.2886927800162,37962078,715.2485565185547,661.0785034179687,-1.4460426615209965,2.1220823755201157
2020-06-24,780.285888671875,800.5398941664224,772.9926883895107,783.9212306484618,51586221,721.6227966308594,665.7692541503907,0.40385518263015285,2.1217468238065544
2020-06-25,775.7926025390625,789.8371789860777,773.6023667469223,779.9021017250843,39679374,727.1694976806641,670.6457055664063,-0.5758512614473243,2.1349743543655872
2020-06-26,786.5179443359375,791.191964274281,775.3861571652835,780.7150021666101,30921913,733.4297149658203,676.0882861328125,1.382501168710859,2.1150926110250583
2020-06-29,778.1633911132812,785.6598351283517,774.7312935693344,780.3762026333931,25621946,738.0088714599609,681.2009375,-1.06222029425026,2.039663158895542
2020-06-30,769.560546875,786.2243018289918,765.6993848508981,784.4179786955026,30276420,741.8112854003906,685.6409460449219,-1.1055318634269784,2.074434415302986
2020-07-01,784.6890258789062,789.8372029771134,771.3444262157954,776.7409996637026,28464103,746.2357727050781,690.2063696289063,1.9658594850449962,2.098147456226975
2020-07-02,798.1978149414062,801.485204140099,786.7259846212489,790.3307847728718,28789533,750.4742858886718,695.099677734375,1.72154683154504,2.069688144440297
2020-07-03,810.689697265625,813.0022452904714,801.6664242784979,807.0168938963399,29434266,755.2944976806641,699.1132604980469,1.5650108394666296,2.07788584893463
2020-07-06,839.6640625,842.4753051236336,812.5941809641026,818.4434654093601,47016185,761.8388977050781,703.6410144042969,3.5740389118182447,2.1469111807553185
2020-07-07,826.8092041015625,845.3545651080822,819.0329064848479,843.3821557977242,35189589,768.4710052490234,707.4992102050782,-1.5309525526391643,2.111765879488057
2020-07-08,815.2694702148438,832.0237061429656,811.6420023700266,827.0813186844387,26204095,773.7358367919921,711.0125378417969,-1.3956948990738627,2.145052121872173
2020-07-09,827.1719360351562,832.0463193953086,809.9415548565688,820.257139626406,36418942,780.3736633300781,714.7782299804687,1.4599425411055744,2.0373266600611695
2020-07-10,851.5665893554688,854.5365672443328,827.1719444149811,829.0990778284718,43759967,787.0773986816406,719.0425524902344,2.9491635605098265,2.015494347047326
2020-07-13,877.3895263671875,883.1480789947044,861.519399808991,863.0383906975433,69608392,794.490853881836,723.4739501953125,3.032403729139199,2.066893910934681
2020-07-14,869.2277221679688,880.4274760561808,855.7608159923657,876.9360759259316,67331128,801.42509765625,728.0176806640625,-0.9302372496982625,2.1035124230702054
2020-07-15,836.1272583007812,897.2498214760561,815.2694681656544,878.7271275560773,139669773,806.7573760986328,731.6717004394532,-3.808031315962934,2.344367838533338
2020-07-16,835.8551635742188,847.4629995747565,821.8214399496038,837.4874939607755,60961724,811.16044921875,735.3193835449218,-0.03254226242013214,2.310321113712553
2020-07-17,866.8245849609375,870.5880602549773,833.4066658222266,836.5807150882681,49726765,814.7749938964844,739.1731005859375,3.7051181516053244,2.035470713631295
2020-07-20,870.5426635742188,876.0292010321696,861.3607145700907,869.5904907729887,36592938,818.8746215820313,742.6104309082032,0.42893091379598847,2.01558056934989
2020-07-21,893.96240234375,896.4336259674744,878.0696681167741,879.2032442811862,42173371,824.7153747558593,746.3819519042969,2.6902459522633926,2.015972718171926
2020-07-22,908.67626953125,911.39684028734,889.0426683207968,899.1541819328522,59771457,831.1348937988281,751.3205346679688,1.6459156614331727,2.024772189056776
2020-07-23,933.07080078125,943.000910454132,902.9402730055884,908.6534892544267,58333751,838.9988037109375,756.4662072753906,2.684622903444378,2.0407185073623504
2020-07-24,973.1314697265624,980.771759562493,933.0708309814,933.161502678431,120597372,848.3294799804687,762.9595202636718,4.293422204592634,2.1729350691366953
2020-07-27,977.6885375976562,997.0047292904096,964.8564523008032,987.9361194684092,80304827,858.3057373046875,769.3321765136719,0.46828902495306135,2.1193448784522126
2020-07-28,987.437255859375,994.8281988813133,975.1719293046234,977.688488793748,55114422,869.1995727539063,776.0682531738281,0.9971190094621551,2.051642508652059
2020-07-29,950.6866455078124,989.7497164572248,938.806733983119,987.5279599955765,72663399,877.4994537353516,782.3569836425781,-3.7218172732988775,2.326505314607947
2020-07-30,956.2185668945312,970.2068959629854,939.5096069794464,951.7522658851112,72857444,885.4004913330078,788.5323608398437,0.5818869353912071,2.321591643054021
2020-07-31,937.2877807617188,965.3551702803412,930.803734578172,958.7804523943248,74958061,891.7303955078125,794.2609313964844,-1.9797551300737792,2.4046148816080506
2020-08-03,910.9434204101562,932.7081063612384,908.2681255398212,930.1235431581412,46715383,895.2943634033203,799.5502233886718,-2.810701354727241,2.4343808012579546
2020-08-04,975.1492919921876,982.5855710982528,906.9759241686488,916.203269273076,92041055,902.7113677978516,806.1913732910157,7.048283147280698,2.7981659623597444
2020-08-05,964.1988525390624,995.7349719814192,960.5033812650584,983.492374105097,74549993,910.1578369140625,812.4193286132812,-1.1229500490898103,2.7872097701356373
2020-08-06,967.6676635742188,982.9029683593162,955.7424156591268,978.0512526670176,49322975,917.1826232910156,818.4755102539062,0.35976095864684865,2.785996436227305
2020-08-07,973.2674560546876,978.4139143017512,961.3649370691896,965.7178380803712,32984416,923.2676666259765,824.7145874023438,0.5786896360456373,2.74088383339743
2020-08-10,961.2062377929688,981.6786719644748,955.878435955378,979.0034370833714,26958997,927.4585021972656,830.2071069335938,-1.2392501348613028,2.7163354302453615
2020-08-11,967.5316162109376,979.4115277857608,952.3643158271036,967.9850346750636,46828306,932.3736968994141,835.6874938964844,0.6580667258769157,2.695710487772652
2020-08-12,964.7202758789062,972.6100326976988,955.2889203298892,961.7276301780032,30264617,938.8033477783204,841.0579138183593,-0.2905683168309414,2.5027998793598307
2020-08-13,962.2037963867188,969.8440862641454,956.7399270901238,964.901699164418,24830322,945.1207794189453,846.0334387207031,-0.260850689584069,2.507060254657892
2020-08-14,958.4629516601562,978.051155897154,947.3312021833392,962.4304379520208,33224635,949.7026977539062,850.9169885253906,-0.3887788367298306,2.4173807897505246
2020-08-17,948.2835083007812,954.4728113825544,938.6480809006554,954.4728113825544,30979066,953.5897399902344,855.7071374511719,-1.06205913767905,2.4435437834276224
2020-08-18,960.6168212890624,967.758357006886,944.202605110072,945.4041850307872,30547672,956.9224609375,861.0361328125,1.300593428054131,2.3959777111577614
2020-08-19,966.5114135742188,976.6909912734272,961.8864371354928,970.7963711289711,34087543,959.8142181396485,866.166904296875,0.6136257615441565,2.378485539106184
2020-08-20,950.8679809570312,963.0426353692126,946.7644269706008,961.2742374165048,22537845,960.7040771484375,871.2959558105468,-1.6185460820723363,2.349240749491995
2020-08-21,943.9758911132812,962.1811736813316,941.7767425366628,960.3674398053548,25280895,959.2462982177734,875.8256359863282,-0.724820898566092,2.1386060289320534
2020-08-24,950.278564453125,954.2460509640608,938.829403447164,948.3061551600296,32717218,957.8757995605469,880.248798828125,0.6676731258899782,2.142007162093326
2020-08-25,944.0891723632812,957.329398855182,942.2301027513664,954.926179130093,19388008,955.7083953857422,884.5197253417969,-0.6513239718719421,2.1284020125489
2020-08-26,969.11865234375,973.9477001185352,928.1738418761494,945.404223995661,59870421,956.629995727539,889.3124645996094,2.6511775278402983,2.0494815767995638
2020-08-27,957.0120239257812,974.8772272109728,953.6792992534804,973.970330310942,28085062,956.6696685791015,893.4968310546875,-1.2492410902101292,2.0683644424346506
2020-08-28,959.528564453125,967.1235185049004,955.0395957954092,961.2742345079783,27166900,957.7817077636719,896.796728515625,0.2629580887626215,2.014098921362467
2020-08-31,943.4544677734376,985.7595929976718,934.2271229260566,985.7595929976718,62076132,959.407260131836,899.8948156738281,-1.675207729625916,1.9413513305311132
2020-09-01,946.4243774414062,962.362446519786,935.1565603111148,952.205597527122,38616258,957.9710144042969,903.2803564453125,0.31479099091846763,1.0848022079064001
2020-09-02,964.9923706054688,969.4360033995824,945.404165606812,948.5781547637196,26949439,958.0106903076172,906.9744860839844,1.9619098584780614,1.1552776461137462
2020-09-03,957.6921997070312,969.7761228830587,953.5659776492616,964.9017393534516,18586429,957.5119171142578,910.6124780273437,-0.756500374594371,1.1644404659808167
2020-09-04,941.8900756835938,950.8226774812872,939.6002554209448,944.7467140146103,28475945,955.9430480957031,913.7199206542969,-1.6500211684162713,1.207423296226264
2020-09-07,944.338623046875,954.812883543974,926.9268380792043,944.950776960414,21926473,955.0996673583984,917.0434252929688,0.25996105347050324,1.1829760639597122
2020-09-08,955.425048828125,961.7276915670202,943.3637335909106,948.578195976428,27397082,954.4943389892578,920.7607153320313,1.1739883883473912,1.2053732305309497
2020-09-09,980.023681640625,982.9483238635318,943.7945186882138,945.4042412879572,55310877,955.2595092773438,924.6674084472656,2.574627161248433,1.3389043613442808
2020-09-10,1049.2398681640625,1063.2735913062183,986.3715829983508,989.8857107486724,140304404,959.6113128662109,929.6882495117187,7.062705506010314,2.0508724659637476
2020-09-11,1051.8470458984375,1060.0541533856804,1037.0426132778334,1048.333038061574,59470807,964.280517578125,934.511396484375,0.2484825265872681,2.0420311297272233
2020-09-14,1044.0482177734375,1070.0978626809967,1034.7301409572988,1054.2277957192978,44063445,969.0687530517578,938.5990795898438,-0.7414412727982378,2.0304705827435545
2020-09-15,1051.439208984375,1054.5678626798035,1037.5188229090886,1048.3105552889465,27178393,973.6098724365235,943.0916796875,0.7079166541464676,2.0225000946708094
2020-09-16,1054.0235595703125,1074.3372576523657,1047.6755813917168,1051.9604186878269,33952295,977.9854797363281,947.8667614746093,0.24579172660241788,2.02281337767127
2020-09-17,1042.3251953125,1058.17259404091,1039.1964218842008,1051.9605029718427,25828669,982.5583404541015,952.1698266601562,-1.109876923679154,1.9984441437494322
2020-09-18,1045.4764404296875,1051.7110790333331,1032.2588818564082,1049.3532551234189,33074915,987.6333679199219,956.0480236816406,0.30232840301271935,1.978991500562693
2020-09-21,1022.8728637695312,1059.215300889657,1019.0185972834088,1042.891757906889,33627381,991.2630828857422,958.9576904296875,-2.162035966192244,2.0677941279057963
2020-09-22,1002.6045532226562,1032.4629482711289,998.2515919553894,1032.4629482711289,34792254,994.188851928711,961.6252270507813,-1.9815082856124877,2.1236394533100245
2020-09-23,1011.5144653320312,1032.349647647501,999.9520239691242,1024.7546930361625,42988708,996.308642578125,965.1329711914062,0.8886766054209572,2.057437367003719
2020-09-24,989.0243530273438,1009.337993312908,986.689136840463,1001.1309446575592,29826318,997.9092590332032,968.1963549804688,-2.2234098547770254,2.1053711447161976
2020-09-25,998.3196411132812,1003.3527603033637,982.7216491326262,992.5610883137336,28374935,999.8488128662109,970.8262561035157,0.9398442068170754,2.1121165380597304
2020-09-28,1004.9170532226562,1014.7792199657464,1000.7454952765088,1009.791436796348,19666849,1002.9219421386719,973.5137438964844,0.6608516789289975,2.0659367928888335
2020-09-29,1017.975830078125,1026.5682927534233,1004.9170066954656,1008.8845531281476,25842539,1006.4995147705079,975.9940124511719,1.299488033722862,2.077111699215281
2020-09-30,1013.1241455078124,1027.928578554187,1008.8845241351472,1024.754589473698,24465159,1008.906103515625,978.0829699707032,-0.4766011556423977,2.051088232562462
2020-10-01,1008.9979858398438,1026.4777157574597,1003.8968628083494,1026.4777157574597,20783227,1011.4713928222657,979.601513671875,-0.4072708844482742,2.043422898613726
2020-10-05,1003.0806274414062,1019.8348626021702,1000.269384966474,1017.4997065200467,18922799,1014.5309204101562,980.2004968261718,-0.5864588910464597,2.003994008014449
2020-10-06,1002.2418212890624,1012.9200933518428,998.296942586189,1008.9979425426257,18412175,1017.4260803222656,980.6915625,-0.08362300391380195,2.006131876209485
2020-10-07,1023.6211547851562,1046.9728362062017,1006.6174520301324,1013.4189091449192,53170865,1020.8358856201172,981.4152404785157,2.1331512058233804,2.038903668674993
2020-10-08,1015.3458862304688,1028.3821018510423,1007.5695886566496,1024.301155767066,21077808,1022.6019958496094,982.7084252929687,-0.8084307867224916,1.9855377066471998
2020-10-09,1012.716064453125,1021.5806624419674,1005.3024535496828,1013.4188900706192,18545499,1020.7758056640625,983.8383752441406,-0.2590074784374341,1.15329028636009
2020-10-12,1014.3484497070312,1022.8275734890676,1009.4514579814904,1013.4189447872924,14226473,1018.9008758544921,985.3795886230469,0.16118883774078885,1.1517847471728728
2020-10-13,1034.140625,1036.430445017385,1009.2698357927376,1011.4236482729492,23112012,1018.4054962158203,987.8435327148437,1.9512205395182614,1.2363593770523318
2020-10-14,1037.2239990234375,1044.7056133384592,1028.608748631058,1033.3245163972065,26742011,1017.6947357177735,989.0850268554688,0.2981580985117471,1.226663509778595
2020-10-15,1000.49609375,1038.3575863716285,995.2816312959982,1038.3575863716285,20036197,1015.0183624267578,989.8109716796876,-3.5409810521177087,1.4489463714398783
2020-10-16,986.5757446289062,1012.285249528179,985.1474254749344,1004.3502763795696,21583600,1012.2308898925781,990.1891333007812,-1.3913446747121583,1.4590671742273889
2020-10-19,986.757080078125,1010.5622392043456,977.2123844835456,993.03711473914,31200385,1009.294921875,990.45892578125,0.01838028658276425,1.454638300476738
2020-10-20,977.552490234375,994.374789553876,975.8974318290544,988.0267509433464,18482288,1007.0289031982422,990.7858508300782,-0.932812140858541,1.3956381461531864
2020-10-21,963.3600463867188,993.9213260213652,951.1853919731954,983.0389831777512,34082321,1005.0666778564453,990.7024194335937,-1.4518344528234528,1.3650840665910466
2020-10-22,955.3569946289062,966.9421636132012,948.124786973838,964.629675395071,30802210,1002.2588043212891,990.5151538085937,-0.8307435820936959,1.3475702298950056
2020-10-23,958.1229858398438,968.075764596618,950.573367065108,954.9262685377892,23422125,1000.713735961914,990.4335375976563,0.28952435858931036,1.2714932727613675
2020-10-26,920.057373046875,953.0898169372152,915.2509933655792,953.0898169372152,37324416,996.8006225585938,989.6654260253906,-3.9729359753959193,1.5031373646169197
2020-10-27,922.505859375,934.0002955194136,909.1296257900528,922.6872027612388,36478896,992.680062866211,989.149873046875,0.26612322229608854,1.4910663799067985
2020-10-28,912.0543212890624,933.0255097674074,910.2179195551136,925.8159103792912,29924017,987.3839874267578,988.178623046875,-1.1329508620160467,1.442155031299165
2020-10-29,919.0597534179688,925.9066057760116,902.781605556934,905.5021761803396,30655304,982.6807678222656,987.22958984375,0.7680937379919595,1.4714961384823932
2020-10-30,931.5745239257812,936.3809035347286,916.7473024873174,922.0524364064572,34021563,978.8095947265625,986.843720703125,1.361692801939185,1.5279041214639553
2020-11-02,851.2945556640625,919.1051761545776,842.9967754989971,919.1051761545776,99366895,971.2202911376953,984.9900939941406,-8.61766463121041,2.3933184314533915
2020-11-03,839.0291748046875,865.600239943717,832.0917105106013,856.9850494031045,88691623,963.0596588134765,982.7651062011719,-1.440791648174844,2.3915132383337725
2020-11-04,867.504638671875,874.6689020903103,832.953205081128,832.953205081128,80180117,955.2538330078125,981.2334155273437,3.393858607338185,2.489088696500221
2020-11-05,886.4581298828125,889.1560327894556,876.0292050636682,886.4354619573483,37205373,948.8094451904296,979.580205078125,2.184828802754857,2.5765981633620267
2020-11-06,920.080078125,924.9997976298748,896.9550756882459,902.3282736472202,66674086,944.1776458740235,978.8415661621094,3.792841095228283,2.761139716345643
2020-11-09,929.8514404296876,938.1492199552744,923.1859913130512,935.0205666821016,35838510,939.9527954101562,978.2480236816406,1.0620121592677334,2.7787762550336073
2020-11-10,945.2001342773438,947.6713579150476,925.543924674604,941.7767378395364,36934242,935.5057708740235,978.2829370117188,1.6506608669190737,2.76619681545763
2020-11-11,905.5928344726562,949.9384288213168,896.9323084725518,947.217858238175,56724780,928.9242126464844,977.4663061523438,-4.1903612122282885,2.8851319026058744
2020-11-12,897.7938232421875,910.6939707303044,890.9923666961812,898.2473016530297,40046527,923.7890991210937,976.1223352050781,-0.8612050508339353,2.804197781146462
2020-11-13,905.2301025390624,923.4807196009718,898.5873814202945,898.7007210390979,45388670,919.7218170166016,975.0730932617188,0.8282836330974597,2.811051212841321
2020-11-14,907.9053344726562,913.7999541207884,904.7540133353835,913.6186107312716,5226220,915.7792297363281,974.3933984375,0.295530597810445,2.8138559641759615
2020-11-17,903.8018798828124,945.4042408434397,900.0610723827276,945.4042408434397,46542562,912.09169921875,973.5826635742187,-0.45196943271924583,2.810908747539873
2020-11-18,901.05859375,909.8098520291384,888.7705994600573,903.801832450074,30402290,908.9766265869141,972.4953344726563,-0.30352737628385196,2.7989818448594153
2020-11-19,894.6878662109375,911.6008364153228,892.4433818817643,901.0585724391552,27796343,905.9431701660156,970.7886181640625,-0.707026999492788,2.797873021028215
2020-11-20,861.2926635742188,899.5169003772073,859.2521905953536,895.5266860839987,57471248,901.1016540527344,967.0296740722656,-3.732609315263169,2.896882605404322
2020-11-23,884.5084228515625,893.2596216864068,873.4220078266853,884.6444304096374,45327567,899.3242065429688,963.6829016113281,2.69545536136373,2.858452878744098
2020-11-24,890.5616455078125,895.0732820966707,876.0291671598031,890.538977583329,30936268,897.7269958496094,960.6131701660156,0.6843600919858916,2.863236652910652
2020-11-25,883.1934204101562,903.6658556142216,880.6542529167381,897.7939033535697,32637879,896.2839508056641,957.2482543945313,-0.8273683393870801,2.8584480841184514
2020-11-26,885.369873046875,890.9924179780169,875.1450197156285,885.5739443403047,25838637,894.5994567871094,953.8751806640626,0.24642989705561114,2.852284030858332
2020-11-27,875.0316162109375,886.956863707273,871.2228051404243,879.8833317328676,47336811,891.7723114013672,950.5293090820312,-1.1676766005556338,2.8379159188373135
2020-12-01,886.412841796875,891.5593007073751,875.1450831922687,879.8153957062484,19750687,893.5282257080078,947.348037109375,1.3006644988692528,2.0641270485859895
2020-12-02,887.886474609375,889.6322047606417,877.3895457117752,888.0451500921909,22188887,895.9710906982422,944.6483093261719,0.16624678062118203,2.0269097771548648
2020-12-03,890.5616455078125,898.2926670858094,888.1130898872199,894.166445181224,27785372,897.1239410400391,942.407451171875,0.3012965029807857,1.8921878693917502
2020-12-04,882.71728515625,892.8061306985533,879.6566356036066,892.8061306985533,18464552,896.936898803711,939.8315075683594,-0.8808329430232242,1.8420403469464182
2020-12-07,887.9090576171875,890.9923750186222,879.9286890581647,879.9286890581647,18242188,895.3283477783203,937.8092016601563,0.5881580148301424,1.6203356675040448
2020-12-08,904.028564453125,913.3239128258732,884.1909519390108,889.2467387240156,43403061,894.0372039794922,935.9233801269531,1.8154457033241922,1.658673394792329
2020-12-09,919.0824584960938,922.188503884498,906.5224492987908,911.374164756824,29175254,892.7313201904296,934.2066882324219,1.6652011490450258,1.659496785130311
2020-12-10,910.0364990234376,919.7852655926706,907.3159283447816,916.6566123106188,16065507,892.9535034179687,932.0479016113281,-0.9842380723333766,1.3771292101897
2020-12-11,909.492431640625,924.0929139357568,895.1866323672836,912.7570925495094,26944202,893.5384338378906,929.9752673339843,-0.059785226570197025,1.3612930028492836
2020-12-14,902.917724609375,913.6640608558668,900.6732400750604,910.4673435033312,17312747,893.4228149414063,927.853662109375,-0.7228984873892785,1.3602208449024893
2020-12-15,895.2319946289062,902.1921266922072,889.2239753376022,902.1921266922072,18551265,892.7891479492188,925.696689453125,-0.8512104448712421,1.3710581495177177
2020-12-16,896.2295532226562,904.5727289498444,891.3098338764274,901.4213476389596,18561011,892.410531616211,923.5764440917969,0.11143017672905486,1.3683940688270173
2020-12-17,900.3331909179688,909.1297859332948,896.5017115282488,899.8344365499054,20252358,892.3742614746094,921.1106848144532,0.4578779711689629,1.3710641794182814
2020-12-18,903.0309448242188,909.084299862856,890.992358453629,897.8392107518212,18466344,892.7914154052735,918.8643859863281,0.29963950384850335,1.3619991607275672
2020-12-21,879.5205688476562,916.8379694209408,841.2283275836958,911.3968279822236,44135540,893.7028106689453,916.2004760742187,-2.603496160493035,1.2118501405393685
2020-12-22,878.1603393554688,888.2265172786522,856.2822534289644,883.7375484737753,28140001,893.3854064941406,913.4767138671875,-0.15465579093502102,1.0486138918797794
2020-12-23,881.40234375,884.8484079017386,870.8826879671385,875.1223093610237,19501410,892.92744140625,910.4219482421875,0.3691813726079518,1.0396308451668799
2020-12-24,904.2098999023438,906.318316591416,882.3318159904726,882.830570266846,20776988,893.9782653808594,907.7616662597657,2.587644146180401,1.1761189465086825
2020-12-28,908.3588256835938,915.0242747672096,904.7313581616152,909.9004843884214,17221499,895.1277130126953,905.9189208984375,0.4588454275603615,1.1782378051279958
2020-12-29,902.3508911132812,912.4397367118077,898.9501027379986,910.943413813905,18611939,896.4936767578125,904.234423828125,-0.6614054270669079,1.1539698537511005
2020-12-30,904.8220825195312,910.127216599158,895.7761410801606,904.7087428928894,22043630,897.4141387939453,902.5957238769531,0.2738614690346308,1.1229831970847644
2020-12-31,900.1971435546875,912.2583993085362,897.1591616899547,903.9152831436564,18781189,898.029672241211,901.0486169433593,-0.5111434672289805,1.1313439040592286
2021-01-01,901.1946411132812,905.5022064134912,898.7007496438623,901.421320358103,10015175,898.5613220214843,899.8053088378906,0.11080878957856477,1.1301392270895203
2021-01-04,902.713623046875,906.363698565092,892.3527025549105,904.6406964491767,24513534,899.5611389160156,898.75244140625,0.16855203796122264,1.1080389746010937
2021-01-05,891.4911499023438,899.4261822629604,886.9114498823324,892.806069337439,24123091,899.7402435302735,897.4198046875,-1.243193063449366,1.1422729441492343
2021-01-06,867.9807739257812,891.4457932255564,863.854552119663,891.4004573776713,46401468,897.9378540039063,896.3782727050781,-2.637196788676799,1.2072813995049667
2021-01-07,866.5750732421875,881.9237155642203,863.8545027482037,870.8146344257167,32325918,895.3124847412109,895.2596569824219,-0.16195067054721735,1.1253555060204021
2021-01-08,876.800048828125,878.9311936650147,867.0059456976594,869.6811807226603,27540187,893.6506622314453,894.5545715332031,1.179929575827976,1.1584136402175054
2021-01-11,860.2723999023438,879.1124426510808,858.1185873709477,879.1124426510808,33307825,891.1896606445313,893.3788244628906,-1.8849963509777412,1.2188106770549516
2021-01-12,887.3876953125,888.7252828199374,861.4740587259083,862.87970997784,41161546,890.4131591796875,892.495087890625,3.151942967510557,1.432405360588458
2021-01-13,879.112548828125,895.5040980209848,869.8852636562669,890.3349713085404,26619458,889.6071868896485,893.0514477539062,-0.9325288741423021,1.4348320681958073
2021-01-14,888.997314453125,891.8539526683576,879.225879879633,881.9237826562116,21553242,889.2455749511719,894.050810546875,1.1244027443558346,1.4596478553133638
2021-01-15,878.5004272460938,894.9826476255291,870.6107298685408,888.9973558240713,20593268,888.1539367675781,894.2707263183594,-1.180755783664933,1.4766878293013557
2021-01-18,899.5849609375,905.5022489944744,872.1070575050039,883.7828981720585,35100458,887.9816375732422,894.5332629394532,2.4000595830672156,1.5786954688977026
2021-01-19,914.2987670898438,920.918820254768,904.4366011613524,904.4366011613524,32006615,889.7205474853515,894.41763671875,1.6356216245555943,1.4940900985153287
2021-01-20,931.6652221679688,933.1615451092316,907.4973158868204,916.5659852036084,30924537,892.3957916259766,894.4539123535156,1.899428906964551,1.5380439746366985
2021-01-21,951.9335327148438,961.2742166156672,940.869846715687,944.0438358240184,39087742,895.9223510742188,894.5885803222657,2.1754928771207105,1.5938860682181186
2021-01-22,929.3527221679688,959.165840987856,922.8006124178714,957.1933717044934,30532660,897.1794921875,895.0637780761718,-2.3720994975853227,1.6208294889303536
2021-01-25,880.110107421875,922.7099765082172,876.0292211149126,922.7099765082172,54207104,895.767056274414,894.7101037597656,-5.2985926195193045,2.024136032015271
2021-01-27,859.252197265625,872.8551706594984,856.0782081201552,872.8551706594984,42370131,893.6121215820312,893.7905456542969,-2.369920533846559,2.082588583356896
2021-01-28,850.8864135742188,872.084340959147,847.9164357485394,852.5187439949068,34067814,890.9153381347656,892.6501672363281,-0.9736121383254526,2.0855837899512575
2021-01-29,835.1976928710938,867.4593064405973,829.7791594362084,858.9347876285253,43712383,887.6653656005859,891.2780834960937,-1.843809050519829,2.1142480056477586
2021-02-01,859.3882446289062,863.7864814872391,837.9409106033642,843.1100367737496,34180952,885.5750457763672,890.4446765136719,2.8963863243748333,2.234704221940022
2021-02-02,873.2179565429688,879.6566667876373,841.0923491274965,867.9808262438378,41470034,884.1002624511718,890.0152783203125,1.6092507665187217,2.2705943662345898
2021-02-03,875.4171752929688,885.097879377404,861.5194571782569,874.3516028138517,30301696,883.2965637207031,890.2977685546875,0.25185221324428575,2.2569779514682087
2021-02-04,872.5377807617188,879.656648554206,863.7865225405493,872.4017132446297,25626981,883.5244140625,890.0583557128906,-0.32891684245129893,2.1761780293398423
2021-02-05,872.2883911132812,881.7651430554548,870.5880568440388,875.1450294447208,20248046,883.8100799560547,889.692890625,-0.028582103140539772,2.1757023363445023
2021-02-08,884.848388671875,892.8060891318694,874.6915398289318,876.5052135771294,21183400,884.2124969482422,889.7259899902343,1.439890486512585,2.1835356919112976
2021-02-09,886.9796142578125,902.1469161459931,885.233944002577,889.6095735403137,19604141,885.5478576660156,889.7581848144531,0.24085771226145525,2.13462952824463
2021-02-10,895.2093505859375,899.9477267102546,873.8980819416108,885.8913937556059,21234156,885.9389404296875,890.1617395019531,0.9278382722483824,2.0265690160146286
2021-02-11,932.1185913085938,935.9727980522624,894.2797692311354,897.793837177367,42539278,888.589242553711,891.0758544921875,4.12297310104035,2.2033569637641515
2021-02-12,925.7252807617188,942.2301692248576,913.8453687465834,932.027983547643,30497029,890.4256408691406,891.8326306152344,-0.6858902511427734,2.205599014097027
2021-02-15,921.6443481445312,934.6578356915304,918.1982839074868,928.6498762091928,15791099,892.5828369140625,892.4542846679688,-0.4408362504510599,2.186889101309808
2021-02-16,933.8416748046876,942.864948032298,922.7325927047402,924.8864053509031,21421660,894.2956726074219,893.4767724609375,1.323430961705796,2.144349341488151
2021-02-17,944.6106567382812,950.3692089797069,929.8061035808392,934.0683329596526,23742994,895.8112670898438,894.6108044433594,1.1531914053681591,2.130123494427061
2021-02-18,937.559814453125,956.014443525895,933.6602717704308,945.4041756996926,18646877,896.1059967041016,895.2814294433593,-0.7464284078164685,2.0999864587973787
2021-02-19,943.2730712890624,954.4501576444582,931.030412526974,932.7081388605912,23403483,895.6729736328125,895.7652416992188,0.6093751830937855,2.045144213607242
2021-02-22,910.5352783203124,947.6260001116776,904.5727145749872,943.1370313830364,23804335,894.7321014404297,895.7752172851563,-3.470659129917808,2.1246861413372455
2021-02-23,917.4954833984376,930.8490501461664,913.0291825324456,928.627233675732,25644108,896.6013702392578,895.9352783203125,0.7644080623613991,1.7384240802859081
2021-02-24,934.5219116210938,936.4489852163128,918.7197882041788,920.46551838717,10807663,900.3648559570313,896.5673620605469,1.8557506310101557,1.6618625881181774
2021-02-25,972.3153686523438,975.7841010050624,939.9630213818828,941.3233367992898,34855693,906.4363037109375,898.1090295410156,4.044148838168016,1.8103305195433381
2021-02-26,945.7669067382812,967.576928004242,938.9200542247918,959.9139702500598,37481215,911.9647644042968,899.0997766113281,-2.730437342655545,1.8848307942614972
2021-03-01,952.9765014648438,957.646873714604,935.2019693603648,956.8306484903324,17680764,916.6441772460937,900.1526428222656,0.7623014376160198,1.8092851234063685
2021-03-02,954.9262084960938,965.8085514456496,947.263250572338,962.1811437745008,17150760,920.72958984375,901.1905480957031,0.20459130191070596,1.7925213434961602
2021-03-03,998.5009765625,1006.572077071357,955.4703590572256,961.750393670414,31924461,926.8837799072265,903.57015625,4.563155527486451,2.01158523787343
2021-03-04,986.598388671875,992.991762854271,978.368612759976,988.480126250495,21435754,932.5868103027344,905.7389172363281,-1.1920456934956247,2.0433551911197028
2021-03-05,987.890625,1002.9672532884404,976.260120871694,977.5977682721734,25511666,938.3669219970703,907.8686828613281,0.1309789619527546,2.0409345063468485
2021-03-08,993.5132446289062,1012.0132094952947,983.0389843818928,983.2656636273796,19506841,943.8001647949219,909.6547497558594,0.5691540628707026,2.032328379159744
2021-03-09,993.4905395507812,1003.8061245628406,973.3355758572836,997.5487577867862,15154484,949.1257110595703,911.3573840332032,-0.0022853322034444012,2.035316671702438
2021-03-10,989.3643188476562,1004.3956118787132,984.0591848216624,1000.7228083320848,11519358,953.8334594726563,913.0976525878906,-0.4153256159832863,2.0456513262284997
2021-03-12,969.2546997070312,1000.4507422731192,963.0426687169552,995.2816157511662,16864952,955.6902648925782,914.3863049316407,-2.0325797845678673,1.9352796539913946
2021-03-15,956.2411499023438,974.378367439583,943.3636702802957,970.3655452396614,16698099,957.2160583496094,915.5071850585938,-1.3426346871076356,1.956790228663745
2021-03-16,952.4777221679688,963.9948870594852,950.165234013291,958.553685547253,13873801,958.7577270507812,916.5328466796875,-0.3935647127044639,1.9560288017114649
2021-03-17,931.9600219726562,953.566034236816,922.778012469734,951.3215496881083,19210236,958.6636444091797,917.1177746582031,-2.1541396420917236,2.0032865774239315
2021-03-18,910.9888305664062,945.3135885679563,907.3160267693696,939.9177225056252,20647480,956.982553100586,917.5077282714843,-2.2502243563903956,2.045080201411658
2021-03-19,944.0438842773438,950.3239190123004,899.0635245309819,902.7816639429236,41787429,957.3067565917969,919.0289904785157,3.628480679657242,2.2067835607435216
2021-03-22,935.1566162109376,940.4164143959772,921.9164490477824,939.0561589834672,18572478,956.9009338378906,920.4006213378906,-0.9414041247891025,2.2136031211874485
2021-03-23,946.5377807617188,956.603958736694,932.2547090305418,934.9526119187764,17421165,958.701058959961,921.7953759765625,1.2170329924943823,2.072708738385312
2021-03-24,928.309814453125,943.0236364808284,925.1811610696236,943.0236364808284,16822814,959.2417755126953,923.1561242675781,-1.9257515842552975,2.12183499134886
2021-03-25,902.9856567382812,931.3477881428614,900.0610147041692,931.3477881428614,22001648,957.6649627685547,923.4680834960938,-2.727985562639168,2.166980097810429
2021-03-26,904.4366455078124,913.0745041101142,894.937285828174,912.303674731854,20180202,954.2710266113281,923.9745654296875,0.16068790890568785,1.932768449815379
2021-03-30,920.1480102539062,929.0352757477536,903.0309690022071,910.4899154033928,20441701,952.9900817871094,924.5975793457031,1.737143759502624,1.9002883409699354
2021-03-31,908.2681274414062,929.4887232737644,906.40905776399,915.0243084377212,16250796,950.7546630859375,925.1929333496093,-1.2910838995589313,1.9055607745422816
2021-04-01,916.7699584960938,920.465429845356,908.290775524704,915.0242884490824,11723312,948.8468505859375,925.5366333007812,0.936048595984218,1.9211526467007387
2021-04-05,903.5072021484376,918.1983571528486,889.6775482799965,918.1756892265367,14875099,944.0971618652344,925.3208020019531,-1.4466831318745266,1.5786544287262645
2021-04-06,899.7437133789062,909.107066008566,892.8061886370579,908.6763154469584,14009194,939.754428100586,924.6823718261719,-0.416542199174752,1.569920459564262
2021-04-07,908.15478515625,928.128465159544,903.8245518752842,906.8625335398098,24266353,935.7676361083984,923.806796875,0.9348297356540192,1.5956041892885928
2021-04-08,909.2883911132812,916.8380096725808,903.6885139889864,911.85028647344,15369188,931.5563934326171,923.4055102539063,0.12482519230863076,1.5843385479255643
2021-04-09,898.7234497070312,909.7418004729616,897.7938848658578,906.1597285641936,14037885,926.8180389404297,923.7777770996094,-1.161891156810535,1.5890712377747027
2021-04-12,866.5750732421875,889.3599935534187,861.632686520503,888.2717533622153,20901482,920.6785766601563,923.9242346191406,-3.577115571572498,1.7322797184811383
2021-04-13,875.9385375976562,879.9287521472845,869.6131669055775,872.4017415275625,19411189,916.0127685546875,924.4252770996094,1.0805139271357511,1.7409849145030072
2021-04-15,881.6063842773438,889.1786704861084,867.4139846330557,873.4446120904353,19723716,912.2810302734375,925.3534509277343,0.6470598605276656,1.7465665234497187
2021-04-16,876.0745849609375,884.1456861292494,873.5126894782757,878.1150581636493,15656948,908.4608734130859,925.687177734375,-0.6274681552970729,1.7473676201993342
2021-04-19,862.2902221679688,868.9556716698464,856.985088064207,863.3331266419872,18478808,904.9773834228515,925.468623046875,-1.5734234310179618,1.7213634439175483
2021-04-20,862.0408325195312,870.1345408290238,857.1891171314771,866.2803940149797,17203668,902.5299835205078,925.2010961914062,-0.02892177622175751,1.664637403221805
2021-04-22,864.42138671875,868.0715224771913,850.9544798546892,858.0053442180699,14490954,898.5488586425781,925.0387683105469,0.27615329917272113,1.399949159604219
2021-04-23,863.4918823242188,870.0892682363567,859.4109960022909,864.2400438171045,11828857,894.9656219482422,924.8628381347656,-0.1075290834785525,1.3963356700593093
2021-04-26,878.6817626953125,889.6321696188024,866.7338471259807,870.5880540621903,20846778,891.5728210449219,924.7395056152344,1.7591225444074654,1.4338973675257802
2021-04-27,901.7161254882812,905.5929405224553,878.8631979839778,879.6566953316482,19992524,890.2431365966797,925.0342358398437,2.621468177774844,1.5300777884999075
2021-04-28,905.63818359375,910.4898988549594,897.8618863960234,905.8875907227454,17122437,890.3757629394531,925.2428125,0.43495485936273504,1.406313056475006
2021-04-29,917.767578125,927.0402589004968,910.1726236848529,917.2460958998796,17412606,891.0423095703125,924.9557922363281,1.3393201336894034,1.4367046225236064
2021-04-30,904.3687133789062,923.18609083077,901.2173918419056,910.7167522740972,19828769,890.2533447265625,924.5286608886719,-1.459940955145489,1.4207474101488269
2021-05-03,888.2944946289062,897.3404357451366,881.0622873144365,891.4458158814281,23640186,889.2546630859375,923.8616638183594,-1.777396598555847,1.446550243432975
2021-05-04,869.0462646484375,892.2619961748394,866.507097421783,884.1908961551087,21849830,886.8684783935547,922.5657556152344,-2.166874848020972,1.4950408424110069
2021-05-05,870.6334228515625,878.976538945821,865.1695531457119,872.1070779189138,12393609,885.2247894287109,921.0862109375,0.1826321874551784,1.4709580882528097
2021-05-06,875.5757446289062,877.3894784194164,864.5119984908221,871.4268548191382,14624666,884.016390991211,919.8465295410156,0.5676696583915009,1.4788873224332704
2021-05-07,875.9158935546875,886.7529013481309,873.308662266205,878.6364644741296,12288548,882.4044464111328,918.4993859863281,0.038848600805563294,1.4585038922375866
2021-05-10,873.3992309570312,882.7399146478764,871.0187391792962,879.2031788665513,13941237,880.6099884033204,917.7566650390625,-0.2873178368122731,1.4570239590067193
2021-05-11,876.5505981445312,878.9990936540107,866.05361064843,868.3208227406878,13478264,879.5013458251954,916.9377673339844,0.36081634558424724,1.4433407518503674
2021-05-12,867.4819946289062,876.4372641804301,864.6934200952072,875.1676804843173,13177961,879.5466918945312,915.5969689941406,-1.034578441315459,1.2164858739023954
2021-05-14,878.432373046875,880.5634577549068,864.2399737584975,874.2380874670803,13291616,879.6713836669921,913.7193090820313,1.262317660282175,1.22553417960185
2021-05-17,888.8839721679688,890.2895633789483,875.3036666921718,878.4323799585411,11873078,880.0352630615234,912.581650390625,1.1898012233818367,1.2459574266143054
2021-05-18,901.398681640625,908.0414631541172,894.3931533556103,898.2473602910601,12064918,881.3014678955078,911.5500939941406,1.4079126032763511,1.2707186056457362
2021-05-19,905.52490234375,914.3214965481936,894.1664727852633,897.7938805270868,16317002,883.4632019042969,910.5620678710937,0.4577575702257475,1.2051863525762125
2021-05-20,900.2424926757812,911.8049942540358,898.247415294268,905.9103738478552,11422532,885.3732849121094,908.5968981933594,-0.5833533295767412,1.218288863279575
2021-05-21,908.018798828125,911.2154560407944,900.5145161905418,903.235087003718,10785605,887.5531555175781,907.0253063964843,0.8638012775013859,1.2266681812567963
2021-05-24,900.355712890625,911.3061190300916,898.700714595752,910.4898938764024,8551760,889.3963470458984,905.2746081542969,-0.8439347233107797,1.2489247201289497
2021-05-25,890.1536254882812,905.50227013301,888.7253062731775,905.230195052024,14780102,889.9699401855469,903.2074157714844,-1.1331174175137515,1.2281961881934136
2021-05-26,893.2822875976562,897.5672452840586,891.1285347593667,895.5267721091835,7480204,889.5482482910156,901.2032507324219,0.35147439945086845,1.0756076489455408
2021-05-27,896.0255126953125,903.688470513556,889.7454781714291,893.395613685115,26819294,889.0676147460938,899.336474609375,0.30709498394216883,1.0730038119466114
2021-05-28,949.8478393554688,954.472815743996,902.3282518740784,902.3282518740784,56469931,890.6716278076171,898.9483374023438,6.006785063324216,1.7094249766278937
2021-05-31,979.547607421875,993.7853440323876,945.4269209884944,953.1125474236036,59124142,894.4305725097656,899.4144665527343,3.1267921909007512,1.7831399972181468
2021-06-01,983.447021484375,998.4555855632798,973.290112651038,982.1320420491826,28013832,899.188198852539,900.0338525390625,0.3980831593028089,1.7071035597115334
2021-06-02,998.1155395507812,1001.8563467317178,978.0511883191928,978.0511883191928,24630162,905.6416625976562,901.356962890625,1.49154125702331,1.596025991976632
2021-06-03,1001.9243774414062,1020.220331233519,995.7804103170116,1007.0707759680464,23974257,912.2062103271485,903.175673828125,0.3816029046436187,1.5932059886225598
2021-06-04,993.2412109375,1005.007723278059,990.4072405064372,1004.2595618006808,14468646,918.0894836425781,904.1596203613282,-0.8666488908155245,1.6320659682148868
2021-06-07,1009.9727783203124,1016.5928919877746,990.7473191357552,998.4556731308024,16336573,924.7923278808594,905.6559436035157,1.6845422037029545,1.641367713384596
2021-06-08,1004.1688842773438,1009.8594330639162,996.7099374722952,1009.6100858849402,9674735,931.330810546875,906.8085656738281,-0.5746584628370965,1.6519375660001971
2021-06-09,986.2129516601562,1007.0707400246994,978.4819302316135,1006.1639031267836,11409161,936.8139282226563,907.9666284179688,-1.78813871833019,1.7433865304811855
2021-06-10,989.8404541015624,1011.1517216348074,987.3692305170946,994.5561020859404,14155653,942.931851196289,909.7037243652344,0.3678214157804005,1.7016636335947877
2021-06-11,1007.0098266601562,1013.7668141971928,991.9716855769274,993.2457554895082,13762778,949.3607238769531,911.7551879882812,1.7345595936647973,1.7134720695094006
2021-06-14,1021.4566040039062,1027.5310032039945,998.7742213753507,1007.8517599235836,20332436,955.98935546875,913.7813598632813,1.4346212878243891,1.7180314165730357
2021-06-15,1023.777099609375,1035.1068867541692,1019.363468899092,1028.7822714120728,15174215,962.1082763671875,916.0915393066406,0.2271751532441968,1.7131109765242836
2021-06-16,1006.3045654296876,1022.434740881434,1003.6882448935254,1021.456501659872,10797349,967.1472595214843,917.8822314453125,-1.7066736681601968,1.7925640419379814
2021-06-17,1008.1473999023438,1016.9519142263862,991.8807422543712,1001.0264608448158,15745975,972.5425048828125,919.9750354003907,0.18312889913891794,1.7753043775918633
2021-06-18,1012.697509765625,1016.9519117351164,993.9055193524756,1012.6292689125116,29369026,977.7764404296875,922.234111328125,0.4513337894559877,1.7742574967126628
2021-06-21,1017.9755859375,1022.6394327555988,1001.0947014517697,1002.6189877915084,12186448,983.6574340820313,924.43052734375,0.5211898045544228,1.7433262447067952
2021-06-22,1012.7429809570312,1028.7822288722175,1009.830889872548,1025.597054027167,12871913,989.7869018554687,926.499619140625,-0.5140206752257015,1.7156504070238288
2021-06-23,1003.4608154296876,1024.0500559302593,1001.799987098414,1023.777092514532,16653951,995.2958282470703,928.5943664550781,-0.9165371374454834,1.7507560941346507
2021-06-24,979.8684692382812,1007.6696977965144,973.7258293406423,1004.1433786288184,91461975,999.4879760742188,930.860234375,-2.3510979032403956,1.8707482079080675
2021-06-25,957.5499877929688,979.868355835384,946.9254774381874,979.868355835384,55355022,999.8730834960937,932.4924633789062,-2.277701767734419,1.448530105730511
2021-06-28,949.1550903320312,967.5830690553375,946.880034202098,965.535542609245,20277042,998.3534576416016,933.8434375,-0.8767059232371421,1.2661597948241265
2021-06-29,949.97412109375,959.6203929887992,948.2906059997632,950.7476377872767,27144063,996.6798126220704,935.3214282226562,0.0862905093236277,1.2609673758331623
2021-06-30,960.3711547851562,965.8312654969786,951.4529057551116,953.8189497184268,19762858,994.792593383789,937.283046875,1.0944544130776501,1.2363915175074474
2021-07-01,954.592529296875,966.0587979305756,953.2502184775108,963.715500911565,12534407,992.4260009765625,939.1340808105468,-0.6017075231267155,1.2322068316999937
2021-07-02,968.7432861328124,970.4951021153942,952.3173409366495,954.1601447164786,14086620,991.2011047363281,941.2205187988282,1.4823871339492367,1.279807601869702
2021-07-05,978.3668212890624,979.8911076185376,969.8580780772136,972.1103871470752,11702287,989.6208068847657,943.518017578125,0.9934040621501383,1.2372256712073915
2021-07-06,966.8095092773438,977.7752841489312,964.7164890232146,975.9780344174736,10070124,987.7528381347656,945.2805725097656,-1.1812861761288151,1.2554463112818957
2021-07-07,960.0980834960938,968.15182763501,954.6152261057076,968.15182763501,10454892,986.4470947265625,946.4482116699219,-0.6941828474842482,1.2045812325494112
2021-07-08,952.1581420898438,963.2377120648708,946.880007204719,963.2377120648708,11185460,984.5629791259765,947.3786108398438,-0.8269927357148266,1.2083621289005257
2021-07-09,942.4209594726562,951.7487141684176,940.1004093189324,950.0651388442452,9037675,981.3335357666016,947.8716784667969,-1.0226434230574233,1.1325075485025005
2021-07-12,948.2905883789062,956.2077909534228,943.9224517127792,946.3112426024384,8585292,977.6752349853516,948.7501159667969,0.6228245294474855,1.07943472580148
2021-07-13,955.3887329101562,956.9130192420056,950.087790995972,955.525214607773,6717133,974.2558166503907,950.0920007324219,0.7485199809252885,1.1005849239014713
2021-07-14,949.1550903320312,958.6420731903104,946.9937689554592,955.6844881859736,8532544,971.3983428955078,951.6941772460938,-0.6524718539580254,1.0559918476631778
2021-07-15,947.4943237304688,953.2502049164672,945.7425076403308,953.2502049164672,9448356,968.365689086914,953.2313952636719,-0.17497315438529393,1.0506305614071665
2021-07-16,961.1674194335938,962.2367066615388,949.8831264283724,949.951367281346,8828185,965.7891845703125,954.9432287597656,1.4430794317892515,1.109912986045304
2021-07-19,955.0474853515624,966.4455126172754,951.9989126340372,955.525231478772,8354449,962.6427795410157,956.5258605957031,-0.6367188440113525,1.097428637852829
2021-07-20,952.7041625976562,959.1653798198788,948.245098287798,955.2977362314512,6741464,959.6408386230469,958.1119592285156,-0.2453619102555482,1.0964798722398315
2021-07-22,964.9440307617188,966.4000763573124,954.6835309155986,964.1705140611996,7972397,957.7149993896485,959.8798278808594,1.2847501506332293,1.1408527936201742
2021-07-23,958.1187744140624,971.200376447822,956.4579462312084,971.200376447822,9937030,956.6275146484375,961.6925634765626,-0.7073214746215473,1.0308212072746634
2021-07-26,944.9917602539062,965.0805075916204,942.3754396207584,959.1653976108204,12389668,955.9996032714844,963.0237512207032,-1.3700821349820647,0.9467871009405664
2021-07-27,935.0496826171876,948.1085383406383,929.1345728588084,944.9689777697636,10824523,955.2943328857422,963.9470654296875,-1.0520808810065563,0.9555042579546345
2021-07-28,927.0187377929688,936.414732655119,917.4179602018662,936.414732655119,12897848,954.1465637207032,964.4594665527344,-0.8588789423189191,0.9705955720217964
2021-07-29,934.25341796875,943.8769425785124,929.7715466212894,934.5946824013536,13765738,952.8406768798828,965.0340368652344,0.7804243734064631,0.9523211970567276
2021-07-30,926.0859985351562,940.9421040230186,924.1748936428288,936.4147387774316,11350608,951.4153503417969,965.5509069824219,-0.8742188443207732,0.9612806514938069
2021-08-02,943.012451171875,946.1520117827724,928.7478263645152,934.7312372274596,10925104,950.12880859375,966.2507800292968,1.8277409078090168,0.9946157169681368
2021-08-03,949.9513549804688,951.430147484226,939.2358562430207,950.9751482931742,11817299,948.7080352783203,967.2426928710937,0.7358231378568503,0.9808786238154027
2021-08-04,957.2315673828124,961.8954143261994,949.6100753022612,952.9771655453944,13169800,948.2291381835937,968.5842517089844,0.7663773901868121,0.9689504708134581
2021-08-05,971.109375,980.4598152724984,957.4589790719468,962.0318379378848,21252078,948.7797027587891,970.1407934570312,1.4497858292671362,1.0110682440434415
2021-08-06,950.5429077148438,976.8880893431024,945.8562535112904,969.1528622918456,16620987,948.698941040039,971.2311413574218,-2.117832225145211,1.1074070192426981
2021-08-09,945.128173828125,950.8841149123824,940.2822912594686,946.8799898333924,7494143,948.8343017578125,971.136748046875,-0.5696464454967187,1.0899421901013573
2021-08-10,950.0877685546876,961.4403616289128,943.5811181110124,947.3349664779624,11919198,948.9241607666015,970.5475512695313,0.5247536645187845,1.0873047549321864
2021-08-11,963.3969116210938,964.6254274166216,947.972012709084,954.1373988131746,9184963,949.3245697021484,970.1465490722657,1.40083300794962,1.1197626182912632
2021-08-12,960.3029174804688,967.4466034758628,957.800331624984,966.8550623942888,8137612,949.8819610595704,969.3902966308593,-0.3211546667114318,1.1112776742092267
2021-08-13,976.2965087890624,978.2303606065248,959.5975996548036,963.3969420853272,12780901,951.3220703125,968.8777392578126,1.6654735727092973,1.1653121426360393
2021-08-16,988.9686279296876,1002.3914951366928,968.3338340297282,977.980105672493,21935444,952.7121307373047,968.7922875976562,1.2979785369040098,1.1573032984879321
2021-08-17,984.7598266601562,994.2923038234344,977.297622981309,986.8529072733436,12658169,954.1977478027344,968.2880285644532,-0.4255748009258986,1.1507024622710975
2021-08-18,988.5818481445312,995.0202580244994,979.4588769168306,989.196136150576,10075860,955.9916320800781,967.9762878417969,0.38811712063209214,1.1476837436332432
2021-08-20,977.4796142578124,988.2861007519195,972.3607078932538,975.09076320503,9426282,956.6184112548829,967.80162109375,-1.1230465041975668,1.1532152848784722
2021-08-23,983.8952026367188,989.1960842036104,970.2220598111206,989.1960842036104,9854395,957.9072326660156,967.6827160644531,0.6563398648244512,1.1450674335669297
2021-08-24,993.6097412109376,997.3863365967812,980.823849400721,985.1237449789752,11864472,960.3381317138671,967.4147143554687,0.9873550097800221,1.1020708761746767
2021-08-25,1002.2095336914062,1010.1267969703356,991.9717803975888,994.383378575713,13380559,963.6961242675782,967.0297729492188,0.8655100814518812,1.0649846182327853
2021-08-26,1014.8815307617188,1021.4564824929126,1003.3014677332652,1004.666525440298,18589616,968.0892639160156,966.8518615722656,1.2644059594641988,1.043452294945303
2021-08-27,1013.4937744140624,1020.4782919319844,1008.3294342208058,1017.8619111430866,10480636,972.0512817382812,966.9956457519531,-0.13674072348275335,1.048722130432944
2021-08-30,1032.9910888671875,1035.539228921763,1017.7709708130756,1023.7771290070832,14027062,977.3965362548828,967.49251953125,1.9237724932644307,1.0545632550915176
2021-08-31,1027.4854736328125,1039.1337183154053,1020.2507393885752,1036.016904489164,26485463,981.6201873779297,967.7882788085938,-0.532977998911166,1.0363338135810705
2021-09-01,1031.5577392578125,1043.2970916409213,1029.6922485674477,1034.242360892605,11145486,985.7005065917969,968.059921875,0.3963331579377005,1.0339243172828485
2021-09-02,1043.9796142578125,1050.0767599227504,1026.052128476792,1026.052128476792,9956770,990.0379089355469,968.6846545410157,1.2041861087618067,1.0462495833570449
2021-09-03,1086.7962646484375,1089.753849755498,1047.6652497127798,1051.0777738490865,30664428,995.8222534179688,970.3513635253906,4.101291807413721,1.3145452725400102
2021-09-06,1103.67724609375,1128.4299004209945,1097.4889922462603,1097.944051619568,33641710,1003.478970336914,972.8275390625,1.5532793030691217,1.1671596757956995
2021-09-07,1110.638916015625,1118.4195769224002,1097.4890117544835,1105.6792381399396,17349882,1011.754507446289,975.8893176269531,0.6307704491067989,1.125522281734626
2021-09-08,1106.2933349609375,1116.599387104017,1095.0545376191697,1115.689388852755,14301651,1019.5647857666015,979.0320825195313,-0.3912685745135924,1.1562190835364077
2021-09-09,1103.67724609375,1109.2510915570197,1099.35460328716,1104.7237261918483,8963249,1026.5788024902345,982.1061450195313,-0.2364733461292956,1.1671334215755915
2021-09-13,1079.0838623046875,1107.0443192185294,1077.4913349676583,1107.0443192185294,16311160,1032.5178497314453,984.4803991699218,-2.2283130214114655,1.3216393115089882
2021-09-14,1077.67333984375,1089.2988378614205,1076.5584984650136,1080.6536720322044,8908356,1037.5866912841798,986.9420153808594,-0.1307148137610903,1.3058613415960596
2021-09-15,1082.1551513671875,1090.09504087413,1077.6960268089388,1077.6960268089388,9071075,1042.2460174560547,989.2102526855468,0.41587848170090425,1.29243284307729
2021-09-16,1104.860107421875,1108.750437452325,1077.013388880378,1083.6338341939222,13448882,1048.2510314941405,991.7401184082031,2.098123917444017,1.3243177933762764
2021-09-17,1087.72900390625,1117.441336518829,1080.9265822690463,1112.9594649804742,34882133,1053.2083892822266,994.1585083007812,-1.5505224055558875,1.4078247805875301
2021-09-20,1089.4580078125,1100.3782281549334,1078.3784384748346,1079.3339306750968,11779819,1058.807308959961,996.7457067871094,0.15895539238548473,1.3589303660005143
2021-09-21,1094.16748046875,1099.5820973964808,1084.7486779581968,1094.3039621775245,9915736,1064.3209228515625,999.5858935546875,0.4322766570605152,1.3589524922609297
2021-09-22,1105.90673828125,1111.1392587944545,1091.2325487612284,1095.6689260415033,10995912,1069.935772705078,1002.8556091308594,1.0728940516008478,1.3605640166633917
2021-09-23,1132.9344482421875,1136.1649964932392,1112.731907489886,1113.596411926489,15748397,1076.4720184326172,1006.548486328125,2.4439411593551563,1.4243844339436316
2021-09-24,1129.6583251953125,1140.009872555042,1124.7897556991463,1139.1453680882423,15192163,1082.2108581542968,1010.0338781738282,-0.28917145665030564,1.429998986524019
2021-09-27,1148.655029296875,1151.134928281977,1126.2912870102596,1131.6149158288963,15373834,1088.9689208984375,1014.023876953125,1.6816327271591769,1.442009296108363
2021-09-28,1159.3934326171875,1167.0603586138618,1143.354184437372,1153.0004562253168,18035258,1095.2890380859376,1018.2618591308594,0.9348675665387329,1.4122368292256156
2021-09-29,1150.2022705078125,1169.380959813766,1146.6531442405346,1169.380959813766,9719875,1101.4248779296875,1022.0425561523438,-0.7927560956272672,1.4242356300968853
2021-09-30,1146.2890625,1153.2735802131847,1137.6893908621353,1148.905443362043,13590654,1107.161444091797,1025.8673876953126,-0.34021911694582796,1.4385566235099747
2021-10-01,1148.3138427734375,1155.6395643825465,1135.2550471541776,1138.417354693103,8958928,1112.378155517578,1029.7795812988281,0.17663784290338214,1.4318617556680804
2021-10-04,1163.0789794921875,1171.587662580675,1154.38820045178,1161.645680951927,10918552,1116.1922912597656,1033.7422802734375,1.2858102174479358,1.1727900155533677
2021-10-05,1187.2174072265625,1188.4914771861918,1159.0748554855732,1162.6012346483487,13533634,1120.3692993164063,1038.3242529296874,2.0753902495008525,1.2064003748781087
2021-10-06,1164.762451171875,1192.108616460151,1160.7811333493105,1192.108616460151,10258881,1123.0754760742188,1042.7196667480468,-1.8913937681510395,1.3057063250511305
2021-10-07,1170.472900390625,1182.4624681330135,1168.334326130549,1180.7560859021985,6336665,1126.2844543457031,1047.4281311035156,0.49026728265533226,1.2979076201702944
2021-10-08,1215.450927734375,1221.4343385648035,1174.613532001241,1176.3197940015025,15772493,1131.8731384277344,1053.1967749023438,3.8427226575463047,1.5133874653596753
2021-10-11,1206.9874267578125,1237.632498829578,1203.665891085462,1229.1693106657974,14768666,1138.2683166503907,1058.651455078125,-0.6963260123005188,1.4030805037561291
2021-10-12,1213.8809814453125,1220.7972576970285,1201.800425485858,1203.5068077762007,6682011,1145.0786987304687,1064.4073547363282,0.5711372409253235,1.3933516827099164
2021-10-13,1226.2344970703125,1237.4050535570852,1214.5633873865163,1218.9770173074653,9959762,1152.282666015625,1070.071795654297,1.0176875504129823,1.395526164500942
2021-10-14,1228.7144775390625,1236.47251177523,1222.7083196035724,1228.69173058792,8623469,1158.4753845214843,1075.6470581054687,0.20224357369451607,1.3547841774738498
2021-10-18,1231.9906005859375,1249.0079672854492,1211.3784935963072,1214.24509076485,13594479,1165.6884643554688,1081.1422387695313,0.266630133099488,1.265076862432982
2021-10-19,1243.024658203125,1251.8974138396732,1232.172677010528,1239.3617971163028,8833409,1173.366796875,1086.5805444335938,0.8956283929390185,1.261292705197386
2021-10-20,1228.7144775390625,1247.9842743668398,1224.6649184645307,1247.9842743668398,12710570,1180.0941467285156,1092.143975830078,-1.151238679749833,1.3250256332081498
2021-10-21,1193.26904296875,1241.2728114223185,1184.487275783306,1240.999848015025,20831669,1184.4622619628906,1097.1067932128906,-2.8847576241882167,1.5289201331973459
2021-10-22,1195.49853515625,1212.5615152599455,1188.2638017444342,1192.13138489237,11027475,1187.5904663085937,1102.0150085449218,0.186839020138585,1.4507884592790772
2021-10-25,1183.850341796875,1219.4323525860243,1169.3809932455636,1219.4323525860243,17198417,1190.300067138672,1106.4240771484374,-0.9743377358344185,1.4728352848744324
2021-10-26,1210.8096923828125,1214.3815653473446,1184.464511564794,1190.8119938799573,9750178,1193.4078002929687,1111.4342126464844,2.2772600246934838,1.5089953245628838
2021-10-27,1195.49853515625,1217.9761316670556,1192.1086379430944,1206.6918395131022,9896298,1195.2130554199218,1115.8182531738282,-1.2645387068574654,1.5382049790871262
2021-10-28,1182.3941650390625,1200.2989032113676,1178.7086777178667,1192.131424255356,9886181,1196.8226501464844,1119.6867639160157,-1.0961427163501125,1.5495971760573948
2021-10-29,1154.0242919921875,1181.2794715076984,1138.303621720808,1181.2794715076984,14233025,1197.2094116210938,1123.0720532226562,-2.3993583430731658,1.649058485750953
2021-11-01,1154.7296142578125,1163.0108284889366,1134.845529109983,1154.0243384080532,15481114,1197.5302001953125,1126.395008544922,0.06111849382368639,1.6487809908592477
2021-11-02,1137.89404296875,1159.3706543132414,1135.3687704240997,1158.005596587504,10569130,1196.2709533691407,1129.6032971191407,-1.4579665301026612,1.6538719908171502
2021-11-03,1130.06787109375,1146.6302984409235,1119.7845647630193,1140.2828162204378,11989430,1193.4134765625,1132.5267504882813,-0.6877768561457276,1.5764975169293982
2021-11-04,1137.0068359375,1139.7596984467234,1132.9800238081948,1134.3222142818038,1705656,1192.0256958007812,1135.3946923828125,0.6140308048076859,1.53696506911317
2021-11-08,1138.4173583984375,1146.63033145871,1117.6915164906068,1146.3572476973711,20337183,1190.422918701172,1138.118848876953,0.12405575906448973,1.5316177744841326
2021-11-09,1147.4039306640625,1150.679973201881,1131.6377653308823,1139.8052450774455,15682497,1187.0205688476562,1140.769296875,0.7893917111618576,1.2393152769590299
2021-11-10,1160.235107421875,1163.920714976533,1139.1908094185892,1145.1287260147478,10253470,1184.6829528808594,1143.7041235351562,1.118278961305852,1.273216543580033
2021-11-11,1162.35107421875,1169.6084350981216,1153.7057882040397,1155.7533749476677,10722478,1182.1064575195312,1146.2913232421874,0.18237396742604162,1.2639249807081785
2021-11-12,1179.8917236328125,1182.4626105860948,1163.465776749054,1166.1503984605802,8712341,1179.7893188476562,1149.3394482421875,1.509066391653846,1.2934565348384757
2021-11-15,1172.9300537109375,1184.03237124433,1169.3809275416072,1183.0312646799675,4803269,1177.00009765625,1152.16689453125,-0.5900261678622898,1.2931220083588058
2021-11-16,1145.6748046875,1171.6559135252794,1135.255016670807,1170.3136027722971,11337581,1172.684307861328,1154.2007983398437,-2.3236892035639167,1.368888032272017
2021-11-17,1121.149658203125,1137.0523041547756,1119.7846004549367,1137.0523041547756,10202029,1166.590557861328,1154.8878662109375,-2.140672587372172,1.3912394924276603
2021-11-18,1125.38134765625,1132.5250946894785,1114.8023291834122,1119.3296951135449,8505625,1161.4239013671875,1155.3219482421875,0.37744197861213635,1.3958749769159469
2021-11-22,1075.5345458984375,1114.3243503421943,1069.7331113718908,1108.4546749722033,24124307,1155.537176513672,1154.6198608398438,-4.429325389266925,1.5706776367507227
2021-11-23,1085.59033203125,1092.5975959560926,1050.6227346718351,1061.5657022414562,25326999,1150.041766357422,1154.20580078125,0.9349570565780896,1.5967430892822452
2021-11-24,1069.915283203125,1096.5334264323562,1066.3434103717225,1082.9285842980569,16820296,1144.3450134277343,1153.5305615234374,-1.443919346517708,1.607980950076813
2021-11-25,1134.3221435546875,1138.4400635861748,1072.5315589664726,1079.7435455818988,42401936,1140.5206359863282,1154.6353271484375,6.0198093589934,2.0921282849865697
2021-11-26,1097.7620849609375,1127.3378152568512,1092.7114193284249,1122.8786907081894,15763138,1135.6338134765624,1155.0371020507812,-3.2230754553710605,2.1832508920522318
2021-11-29,1110.9119873046875,1137.530255730691,1091.6194414696515,1109.820013179238,24325354,1132.0597045898437,1155.6122387695314,1.1978827219395027,2.2050740927575596
2021-11-30,1094.48583984375,1126.56421376736,1086.9553960411952,1122.9695939867834,32172299,1129.082781982422,1155.4047534179688,-1.4786182567703587,2.1679812899207977
2021-12-01,1122.5147705078125,1125.699825172228,1103.4496957163708,1107.044315866843,10104610,1127.4720397949218,1156.10046875,2.5609221831562445,2.2566442381141902
2021-12-02,1129.7265625,1135.800961053092,1120.0575440347766,1123.7431517479451,12720411,1127.0636657714845,1156.90583984375,0.6424674473481495,2.2397822993506846
2021-12-03,1095.7825927734375,1136.8474535768446,1092.028744565764,1136.801959680644,19222481,1125.3494018554688,1156.9381420898437,-3.004618184018537,2.3344680811706655
2021-12-06,1075.011474609375,1103.4042449873536,1072.5316957069635,1099.3091917377635,10332254,1122.2496337890625,1156.3202368164064,-1.895551024541331,2.359783558177075
2021-12-07,1083.7703857421875,1093.8488493527543,1073.8284038337267,1081.1768723394634,11235122,1119.51728515625,1155.3369555664062,0.8147737340194583,2.3706316387125166
2021-12-08,1100.2645263671875,1106.4981533356588,1094.895403830012,1102.994641711683,8744178,1117.1603149414063,1154.7490795898439,1.5219220641191855,2.392590258470654
2021-12-09,1117.7142333984375,1126.1091818377995,1103.4041151302852,1107.9542272517804,13213547,1115.0342712402344,1154.130263671875,1.5859556145888742,2.408206685010834
2021-12-10,1118.851806640625,1122.0596079618992,1105.8383850496557,1110.343003210938,8364414,1112.859307861328,1153.3194311523437,0.10177675189200208,2.407672575116508
2021-12-13,1096.4197998046875,1125.7453143246432,1093.8489128488443,1125.4723509045857,12901733,1108.6857116699218,1152.2437817382813,-2.0049131353052085,2.407438113014489
2021-12-14,1082.996826171875,1094.758924705155,1079.925506579218,1082.928585323525,12991523,1104.1890502929687,1150.9779370117187,-1.2242549464359986,2.4150861263733714
2021-12-15,1079.83447265625,1094.3038186187,1074.3287482907106,1084.7485356529048,9366969,1100.8970336914062,1149.608349609375,-0.2920002569908875,2.3709331178458957
2021-12-16,1093.8033447265625,1099.0814796358936,1077.764217447417,1094.6223552854042,9761279,1099.529718017578,1148.2228369140626,1.2936123474508898,2.352531746593274
2021-12-17,1064.932861328125,1095.6689246022736,1055.6277943848347,1091.1415595298963,21049821,1096.5072937011719,1145.7771459960939,-2.639458321061794,2.4163498684848674
2021-12-20,1036.2216796875,1054.6495980178693,1022.4574879615028,1054.6495980178693,14325846,1094.541650390625,1143.2063305664062,-2.6960555621147853,2.286064841411602
2021-12-21,1051.6466064453125,1067.458265728843,1042.9786937245733,1051.6921003499008,12836561,1092.844464111328,1140.8298046875,1.4885740242825518,2.303325615706274
2021-12-22,1076.6038818359375,1079.2430094666254,1056.5379426212896,1057.8573860824,17658543,1093.1788940429688,1138.0528637695313,2.373161786256639,2.346782097525437
2021-12-23,1076.21728515625,1082.928719262124,1072.941242613357,1080.19860357355,9072401,1090.2736511230469,1135.4374609375,-0.03590890634986854,1.8815123970060728
2021-12-24,1079.652587890625,1088.3887407376528,1063.6133400712515,1078.3785179602155,7886494,1089.3681762695312,1132.7528930664062,0.3192015944880833,1.748509761617137
2021-12-27,1078.4923095703125,1082.0186888381238,1068.413845410363,1074.5337382222722,4017223,1087.7471923828125,1129.7980493164061,-0.10746774780389101,1.722924233169393
2021-12-28,1091.30078125,1094.2356191315223,1079.766272622182,1080.9264873926504,6374613,1087.587939453125,1127.049775390625,1.1876275394852476,1.7165327549247618
2021-12-29,1093.1663818359375,1100.6740785888855,1083.884061988693,1087.9337410579972,15425312,1086.1205200195313,1124.273291015625,0.17095200681525036,1.6086291631833018
2021-12-30,1073.4189453125,1094.2812707813944,1067.276305271878,1092.02896140955,29333171,1083.3051391601562,1120.8811767578125,-1.8064438178452158,1.6404251049811547
2021-12-31,1077.5367431640625,1084.703115610681,1073.828388538488,1079.7435583793856,9477290,1082.3928466796874,1117.8576220703126,0.3836151643814789,1.5099200571851579
2022-01-03,1093.780517578125,1095.6461284145312,1075.4435886178533,1076.1033704774222,5421611,1083.331298828125,1115.8678515625,1.5074914630163416,1.4852757844325644
2022-01-04,1118.4649658203125,1119.7845295836617,1093.8487950722674,1099.2635318209975,10847728,1085.0660278320313,1114.3271801757812,2.256800870511433,1.5552981747496422
2022-01-05,1123.69775390625,1127.0649046036283,1107.0215901475167,1120.239735754301,11643813,1086.2376892089844,1113.1241284179687,0.46785444746582083,1.524603490766961
2022-01-06,1099.5364990234375,1116.5994791465537,1096.1238548571223,1115.3254092772324,14447422,1085.3288024902345,1110.8986645507812,-2.1501560182728863,1.5634719906975925
2022-01-07,1108.4093017578125,1118.4422714413886,1097.2842377517782,1106.111498715673,13112115,1084.8066772460938,1109.1568798828125,0.8069584540627339,1.5754624370168404
2022-01-10,1109.3193359375,1117.9646215781718,1099.3318598320666,1115.6895654128748,9246731,1085.4516540527343,1107.6953833007813,0.08210271947775016,1.5056926765554588
2022-01-11,1117.304931640625,1126.1320732620725,1107.9543693940095,1108.4094288062329,16205164,1087.167059326172,1106.96099609375,0.7198644650303843,1.4803276270635815
2022-01-12,1147.130859375,1148.8827357783716,1121.604686652831,1124.471284081761,14800442,1090.5318786621094,1106.8090209960938,2.6694527957179304,1.5770053427501047
2022-01-13,1153.5919189453125,1156.185552589028,1141.3521345231045,1147.199063341914,11856712,1093.521307373047,1107.122978515625,0.5632364884536889,1.561521483636589
2022-01-14,1155.2755126953125,1168.1523329319614,1149.2921017722908,1153.455515914101,19930176,1098.0384399414063,1107.6271313476564,0.14594361509912002,1.4038705753353533
2022-01-17,1161.3043212890625,1167.1057561240766,1154.3654186486065,1154.82047798332,8036453,1104.2925720214844,1108.1130810546874,0.5218502883078013,1.1975005129695668
2022-01-18,1147.44921875,1165.8998821993202,1144.696356607209,1162.4418646639435,6215029,1109.0827026367188,1108.2937182617188,-1.1930638924759318,1.239596042782983
2022-01-19,1147.3583984375,1156.6405988874542,1141.625203833563,1151.1804880553775,9755485,1112.620428466797,1108.2928076171875,-0.007914974450806689,1.156109310895145
2022-01-20,1127.2696533203125,1142.0575796806486,1117.0545865844654,1137.5529609143537,16494486,1115.173046875,1107.6334985351561,-1.7508692266117398,1.2445132593152461
2022-01-21,1127.45166015625,1138.5539787102412,1115.689679954786,1115.689679954786,13338594,1117.5630004882812,1106.9355102539062,0.016145811732037885,1.2453345479466618
2022-01-24,1081.97314453125,1139.6914253053906,1071.5988501296624,1126.1547030087693,21868937,1117.737042236328,1104.977138671875,-4.033744171231013,1.5680292635823652
2022-01-25,1079.8572998046875,1086.8644436444313,1048.802657948011,1069.0734401117095,24510205,1117.1648681640625,1103.11568359375,-0.19555427389827962,1.5445125780201308
2022-01-27,1063.8636474609375,1072.053874198635,1051.555620579178,1062.9081551085756,20020431,1115.6997314453124,1101.4794604492188,-1.4810894315983036,1.576412147032954
2022-01-28,1062.83984375,1081.0630398643073,1059.4500666597933,1076.103482458547,14667727,1115.1707763671875,1100.3132641601562,-0.09623448581789207,1.5259150585067702
2022-01-31,1085.931884765625,1094.9411228295262,1072.0994499584988,1073.91956734709,12143683,1115.5905334472657,1099.5242749023437,2.1726736301256544,1.6024735546620996
2022-02-01,1082.337158203125,1101.402112704543,1067.9587979070466,1095.6690383601324,13200509,1115.0183654785155,1099.6603271484375,-0.3310268915509229,1.5668674671075167
2022-02-02,1084.5439453125,1095.2139504085303,1080.6991087798986,1095.2139504085303,10017691,1113.322314453125,1099.6393994140626,0.2038909126097721,1.4728494298826602
2022-02-03,1070.529541015625,1092.6886822523618,1068.0042683536662,1088.3887863228124,9572839,1110.6639038085937,1099.6516845703125,-1.292193309219658,1.4869136781584513
2022-02-04,1060.7694091796875,1068.5729364671636,1056.1283095273284,1065.1830393454286,11061241,1108.7255493164062,1098.1806298828126,-0.9117106499161087,1.4274020928092328
2022-02-07,1054.308349609375,1072.372315976767,1048.8026250078512,1065.638135750538,10714467,1106.0205017089843,1097.3115551757812,-0.6090918077387819,1.4114454391972358
2022-02-08,1072.031005859375,1073.8283759531455,1051.077695211511,1060.4737500675897,12060849,1104.1560852050782,1096.533935546875,1.6809746651979207,1.4745406530281202
2022-02-09,1084.5211181640625,1086.204633140618,1072.918368570495,1078.901658786714,11486225,1102.51689453125,1096.3346411132814,1.1650887181826386,1.491789753301979
2022-02-10,1083.406494140625,1090.0723137940836,1076.1490130370194,1090.0723137940836,12464491,1099.3306762695313,1095.5524755859376,-0.10277568640842949,1.3380580304021874
2022-02-11,1081.2906494140625,1084.976257286365,1066.5937118273357,1079.857350777376,15943370,1095.7156127929688,1094.5837573242188,-0.1952955550853397,1.323667956012452
2022-02-14,1064.068359375,1071.5305623649283,1052.4427424947037,1064.8418760134352,10719633,1091.155255126953,1093.94947265625,-1.592753072302533,1.3486819038146756
2022-02-15,1100.1964111328125,1102.9037798370225,1062.7716573911962,1069.824295697398,11212671,1088.0998596191407,1094.4531713867189,3.3952754481895386,1.5846432114849505
2022-02-16,1097.92138671875,1107.0443589837334,1090.186219274119,1105.6793011160346,10392840,1085.623468017578,1094.73619140625,-0.20678347893536841,1.5692833944675548
2022-02-17,1111.82177734375,1117.0089242641511,1096.5789142269996,1101.1745201113265,12853252,1083.8466369628907,1094.9673364257812,1.2660642914100295,1.6033466981122286
2022-02-18,1103.1312255859375,1117.6915612787002,1101.1973736454247,1112.2314504381943,6775458,1082.639715576172,1094.6756762695313,-0.7816497153505186,1.5664766620904347
2022-02-21,1091.9832763671875,1109.0917498883975,1085.0216268966433,1097.488880416598,11107193,1080.8662963867187,1094.1383056640625,-1.0105732627438524,1.5793617703454843
2022-02-22,1087.023681640625,1090.1633625619224,1067.9814753307442,1070.5977356852184,13494914,1081.1188232421875,1093.9503833007811,-0.4541822969177822,1.2926129222209881
2022-02-23,1080.2213134765625,1095.0092390254035,1077.468571284383,1092.5294602510214,7310110,1081.1370239257812,1093.894873046875,-0.6257792060055056,1.3001421776266755
2022-02-24,1026.3931884765625,1064.6825598160908,1020.7738499237836,1048.8025425531248,24846650,1079.2635009765625,1092.8260473632813,-4.983064519136427,1.6891085589065034
2022-02-25,1039.2247314453125,1050.1449523145036,1035.721099403046,1037.4728552470633,14570089,1078.082745361328,1091.7344750976563,1.2501586246685292,1.7185857820644799
2022-02-28,1073.62353515625,1077.1726610969984,1020.5919703644312,1020.5919703644312,21297446,1077.4673278808593,1091.9082885742187,3.3100447545255207,1.8138596172847805
2022-03-02,1091.3690185546875,1092.4838597770895,1059.8139450476658,1062.2027357830907,21471786,1077.9189208984376,1093.0112353515624,1.6528590159729406,1.85104476688482
2022-03-03,1082.1551513671875,1098.785820478749,1078.4013026500006,1092.0288927878123,10186748,1077.7994812011718,1093.62140625,-0.8442485567074276,1.8615026403189978
2022-03-04,1058.1531982421875,1075.7848524224223,1055.787154408625,1070.643199306108,10805667,1077.1806640625,1093.252392578125,-2.2179770705407664,1.9064388382239352
2022-03-07,1019.0222778320312,1052.0334004268125,1011.0367738665514,1036.835909210037,17983310,1075.0933074951172,1092.1084924316406,-3.698039232425021,2.0683653056400377
2022-03-08,1017.1793823242188,1021.9570845268836,991.9262347785384,1006.2591006780564,21289374,1073.2368591308593,1090.8590283203125,-0.1808493835613989,2.0659055862097677
2022-03-09,1071.1436767578125,1077.0133522040442,1016.5649623830144,1017.40684017154,20414228,1073.1924926757813,1090.7120556640625,5.305287874621212,2.3720427685855845
2022-03-10,1088.5025634765625,1094.3039991292935,1073.8284925572511,1092.028942843511,17980493,1073.3915649414062,1090.6560913085937,1.6205936790191,2.3857376043873852
2022-03-11,1091.6419677734375,1097.0339575128753,1081.1311923906428,1081.1311923906428,12257423,1073.8033386230468,1090.6256030273437,0.2884149658635593,2.386063143421642
2022-03-14,1100.6058349609375,1103.1312280003071,1080.1985698532058,1086.0682461878607,8340678,1074.7690979003905,1091.1693408203125,0.8211361831190089,2.391049476838021
2022-03-15,1075.398193359375,1104.7464533796308,1065.1148867530296,1104.7464533796308,15925769,1075.3355895996094,1091.1265698242187,-2.2903423551681623,2.4221687352229306
2022-03-16,1093.55322265625,1095.6235563592827,1081.6091471404573,1083.8387095081289,11149828,1075.0034301757812,1091.1220239257811,1.688214598925586,2.3274507924957106
2022-03-17,1129.2032470703125,1136.3468717821495,1098.899378439722,1106.9303748135983,21422098,1076.5675231933594,1091.3367895507813,3.260017315615271,2.4380642003568784
2022-03-21,1122.69677734375,1130.2499690830257,1109.7744623583417,1112.0495186610842,11999466,1077.1112731933595,1091.3167700195313,-0.5762000546352786,2.429211902801126
2022-03-22,1151.70361328125,1153.432622038583,1116.4174402666702,1119.3749045708569,22557065,1079.539892578125,1092.3601123046874,2.5836749978145335,2.482595075918556
2022-03-23,1155.366455078125,1167.0375661035232,1147.9953600851836,1147.9953600851836,15462187,1082.709051513672,1093.2992553710938,0.3180368416522805,2.464943805101627
2022-03-24,1173.3167724609375,1175.8194185614975,1142.0802732954487,1142.0802732954487,13168266,1087.0237060546874,1094.5792041015625,1.5536470964615967,2.472996827749207
2022-03-25,1181.1429443359375,1190.3114093068612,1172.5659000566366,1175.0685459381182,14222488,1092.0697875976562,1095.8559643554688,0.6670126992717629,2.461317617134078
2022-03-28,1193.0189208984375,1196.5679268909803,1176.88868384816,1187.581436439095,9891424,1100.40107421875,1096.7737255859374,1.0054648016525114,2.0999299529795548
2022-03-29,1193.291748046875,1200.321638726132,1186.3983390664755,1200.321638726132,8684065,1108.104425048828,1097.5677221679687,0.022868635497586,2.1032693739703987
2022-03-30,1216.2244873046875,1223.0724028520565,1190.8120505919685,1201.1863453712592,15811550,1115.23447265625,1098.7867016601563,1.9218048976998192,2.0348983937136933
2022-03-31,1198.843017578125,1214.7457855604305,1196.0447812890177,1212.584463956999,13223718,1120.608172607422,1099.5374755859375,-1.4291333473380519,2.0709412792140722
2022-04-01,1208.443603515625,1212.6752582349072,1193.0415116671982,1199.4116203413212,7922880,1126.9225952148438,1100.75736328125,0.8008209412517564,2.0476565131573525
2022-04-04,1212.015625,1217.1572786813151,1201.9826544660282,1208.2617761125623,7929162,1134.6157165527343,1102.0505078125,0.295588596272367,1.941722385419454
2022-04-05,1194.8843994140625,1214.836726034793,1192.450114468768,1206.282427766636,13149870,1143.4088226318358,1103.402802734375,-1.4134492355193484,1.7244892945414148
2022-04-06,1191.6993408203125,1198.72923220727,1177.1617516980632,1177.1617516980632,12257215,1152.1348205566405,1104.6877563476562,-0.26655788587681695,1.727193752501433
2022-04-07,1170.677734375,1185.7613700217532,1168.015859682402,1180.8016922079776,15496499,1157.1115234375,1106.4618481445314,-1.764002523559527,1.4614983355943998
2022-04-08,1190.1522216796875,1194.4066235414564,1164.8307737717014,1164.8307737717014,15152495,1162.1940063476563,1108.6677465820312,1.6635224821359262,1.4633300786517365
2022-04-11,1187.67236328125,1200.5719293490686,1175.2959770389286,1183.0311432189874,9254209,1166.9955261230468,1111.1439208984375,-0.2083648085736134,1.470550146941817
2022-04-12,1165.3087158203125,1184.214442712084,1162.7378287017318,1177.116189798847,13217742,1170.2306701660157,1113.1932983398438,-1.8829812120197964,1.5548507508269034
2022-04-13,1161.0313720703125,1179.664132404293,1158.2330158892628,1171.4284128604863,10354235,1174.5123291015625,1114.6952880859376,-0.36705670282307645,1.4417365483413287
2022-04-18,1157.4822998046875,1164.7397805103374,1147.4493300930017,1152.545489452205,9974224,1177.7087829589843,1116.1981909179688,-0.30568271891709964,1.4162191013497598
2022-04-19,1201.5955810546875,1213.9719664591005,1160.7583113534645,1163.9206184581967,26141820,1181.3283996582031,1118.5392236328125,3.811140892387188,1.4808557663173423
2022-04-20,1236.9273681640625,1244.0028730390352,1205.3722941596611,1209.0124078704498,25072240,1187.0399291992187,1121.8671801757812,2.940405879186314,1.5744700807682008
2022-04-21,1265.888916015625,1269.0284764486553,1243.0927417436085,1251.692532864583,21708633,1192.7491943359375,1125.9695703125,2.341410546566647,1.5584241629674997
2022-04-22,1255.287109375,1274.943602182277,1248.6439171934,1255.3326032722164,15054154,1197.7452270507813,1129.9891455078125,-0.8374989706043112,1.5861226267974153
2022-04-25,1226.257568359375,1255.1052787532617,1211.9929418363483,1247.8251704716654,17063215,1200.392266845703,1133.0736767578126,-2.3125817829897644,1.6747657699752758
2022-04-26,1262.9542236328125,1271.7587383126895,1232.0361813234292,1233.0826614702617,12227666,1204.4828308105468,1136.6423388671874,2.992573193455139,1.783596995921716
2022-04-27,1264.1826171875,1286.773947901071,1253.580733766915,1253.9448053007873,19338945,1208.041015625,1140.257861328125,0.09726350581054088,1.7775929886731614
2022-04-28,1283.065673828125,1297.239310503393,1267.708955036475,1278.5610555725848,25614076,1212.5297119140625,1144.2933618164063,1.4936969061190908,1.7956397771776815
2022-04-29,1269.5975341796875,1299.5828338743645,1263.7051102296844,1299.5828338743645,18214862,1215.1983642578125,1148.4039453125,-1.0496843554589241,1.7841233743295877
2022-05-02,1265.13818359375,1276.5362108883514,1254.9458650066724,1256.7432351242765,9467006,1218.5131225585938,1151.7027807617187,-0.3512412765371953,1.7472672644931224
2022-05-04,1225.6431884765625,1269.4836653281736,1217.7487926896629,1267.2086090941275,19247660,1219.3731018066405,1154.257216796875,-3.121792989047101,1.8996930678768025
2022-05-05,1201.6412353515625,1242.18280014838,1197.591676403661,1239.2252151754035,17210669,1218.8543823242187,1156.0536059570313,-1.9583148954496088,1.9528246208987055
2022-05-06,1192.42724609375,1209.8769247815503,1180.0963532492094,1188.582409796725,19649948,1218.7315246582032,1157.8395263671875,-0.7667837110397424,1.9338868276916583
2022-05-09,1145.856689453125,1181.7116566675552,1140.7150367020854,1171.6330736984112,18083752,1216.4393920898438,1158.9169946289062,-3.905526043050811,2.1229582983730584
2022-05-10,1125.995361328125,1149.6332918929572,1118.4194240193035,1135.2549338699698,19511677,1214.2052734375,1159.6964282226563,-1.7333169416219985,2.1217598988540995
2022-05-11,1114.4609375,1130.6821606199796,1102.0163098457965,1125.0854480941018,16643899,1210.4207092285155,1160.381220703125,-1.0243757855733948,2.084100257949527
2022-05-12,1091.755859375,1107.885974171999,1078.378486557952,1104.5416911448524,20490321,1205.6248840332032,1161.6884741210938,-2.0373148453218026,2.119352162955212
2022-05-13,1104.1322021484375,1127.5197990708434,1099.0132956252585,1103.8592387327842,19308778,1202.5660583496094,1162.9866235351562,1.133618168124384,2.1155120986661218
2022-05-16,1104.4051513671875,1128.8847193240686,1099.6047027471154,1107.7039403213955,13437911,1199.7347473144532,1163.602255859375,0.0247207008561956,2.116165929244763
2022-05-17,1150.793701171875,1155.6851383517535,1106.5892723531913,1107.999824091496,16551828,1199.4003173828125,1164.7907495117188,4.2003199412155245,2.3359655962308037
2022-05-18,1154.979736328125,1169.3808421611643,1141.2839062872033,1155.5712773721964,17276788,1197.0695251464845,1166.2472412109375,0.3637520045501885,2.160280810956766
2022-05-19,1128.361572265625,1143.2177387581737,1122.0824507846328,1130.2499303127915,14699118,1191.6412353515625,1167.6514086914062,-2.304643382499816,2.0789414520108065
2022-05-20,1194.1563720703125,1203.2338502041005,1138.440180194292,1143.2177622581032,21793091,1188.0546081542968,1171.154090576172,5.831003237072219,2.43961683637703
2022-05-23,1186.1710205078125,1207.397297299702,1179.8462844678352,1197.364206197713,15252755,1184.5988037109375,1174.5339233398438,-0.6687023365839262,2.437817185721527
2022-05-24,1190.2432861328125,1200.3217504414995,1181.9848186867473,1186.2164738705717,13527818,1182.7980895996093,1176.9159155273437,0.34331184581264385,2.3917295742541502
2022-05-25,1188.4915771484375,1208.8306025401785,1183.7138745751004,1198.9568604081787,12714544,1179.0749572753907,1178.9156958007814,-0.14717234743381047,2.2768139435516677
2022-05-26,1177.1617431640625,1198.911319486633,1159.3707382493358,1194.1336171006558,17882023,1174.7239135742188,1180.6260913085937,-0.9532952695852304,2.279791598233441
2022-05-27,1171.7015380859375,1185.3746228810087,1155.7761439362052,1179.8690179099194,16521973,1169.1557067871095,1182.0480053710937,-0.4638449312367787,2.238958603635522
2022-05-30,1212.51611328125,1216.7021540363792,1180.392243237482,1189.8564191042008,13853398,1166.3016357421875,1184.7903637695313,3.4833593597552337,2.3967507335049723
2022-05-31,1197.8873291015625,1218.886133257268,1190.1749097343077,1201.8686470065388,70620653,1162.9390930175782,1186.8770458984375,-1.2064816310028093,2.407145254078412
2022-06-01,1198.2742919921875,1208.1480337988985,1190.402522676765,1198.638243225424,9776989,1161.5706481933594,1188.258466796875,0.032303780265818816,2.3101581311796258
2022-06-02,1239.5892333984375,1243.2975879303071,1198.5016232049925,1198.5016232049925,22126569,1163.4680480957031,1190.5963159179687,3.4478701314339277,2.394525823042674
2022-06-03,1264.7059326171875,1281.9281427980586,1247.642951094485,1248.553069849641,23939791,1167.081982421875,1192.8563623046875,2.026211469253436,2.4175863382778386
2022-06-06,1259.2686767578125,1280.403966122388,1252.1021829834976,1264.9336309179137,11093152,1172.7525817871094,1194.9344067382813,-0.4299225392359052,2.2140525575333645
2022-06-07,1261.6346435546875,1269.9840987331656,1252.2159612910536,1260.337826598074,12358255,1179.5345458984375,1196.7007641601563,0.18788419346429386,2.153083173014418
2022-06-08,1239.4755859375,1265.3884552322884,1235.949206752914,1261.6346065371608,12479250,1185.7852783203125,1197.8674169921876,-1.7563767553777532,2.187944059366185
2022-06-09,1273.4649658203125,1275.3986973973456,1233.082627965682,1233.082627965682,17278305,1194.8707336425782,1199.476337890625,2.742238755522086,2.150562234099533
2022-06-10,1235.016357421875,1269.4380277636071,1229.2149225576163,1261.2478021770742,18093057,1201.41494140625,1200.310830078125,-3.019212104800273,2.3106041866483706
2022-06-13,1211.6513671875,1216.1559851600953,1190.4478410589338,1205.7818119372728,17620803,1206.7772521972656,1200.2193676757813,-1.8918769855931217,2.3740113588531933
2022-06-14,1195.8170166015625,1215.7238471836963,1189.151077141205,1205.804612494347,14714312,1209.02841796875,1200.15884765625,-1.3068404835536507,2.2365104525547923
2022-06-15,1181.34765625,1200.0031636736535,1175.933039795803,1191.0166743810375,11195535,1210.3468139648437,1199.6169287109376,-1.2099978634426467,2.2585948572379335
2022-06-16,1164.8306884765625,1209.8996152953227,1162.1005732041187,1193.496417420317,17111475,1212.1702697753906,1198.6732299804687,-1.3981462346036255,2.215710742801574
2022-06-17,1178.4810791015625,1194.3382305909047,1163.0562400137392,1164.830742811065,24457187,1211.3865051269531,1198.3451635742188,1.171877660851539,1.7956443391943218
2022-06-20,1157.118408203125,1190.8120593552974,1147.1308115234451,1185.3063342518617,12066797,1209.9338745117188,1197.653544921875,-1.812729222154652,1.8341711414667616
2022-06-21,1175.7965087890625,1180.0280429847403,1150.406822198094,1164.83067428948,11720049,1209.2115356445313,1197.7559204101562,1.6141909465378301,1.8722502782804868
2022-06-22,1140.078125,1164.057262227865,1137.985044485591,1163.966274425617,10617206,1206.7908630371094,1196.7544384765624,-3.0378031846555187,1.9885547190228205
2022-06-23,1121.581787109375,1148.905326422505,1112.5043100555831,1144.377961370299,19446323,1204.011865234375,1195.432626953125,-1.6223745974097148,2.007625464703728
2022-06-24,1137.552978515625,1142.5352833663696,1122.9697745042265,1128.430006078219,14240234,1202.3044372558593,1194.8775122070313,1.4239881201541404,2.039802079441042
2022-06-27,1134.185791015625,1157.9829545073123,1129.135125114688,1157.9829545073123,15474529,1198.387921142578,1194.3406005859374,-0.2960026973331642,1.8542482262583975
2022-06-28,1150.1339111328125,1152.9777615415514,1129.38544140432,1129.38544140432,13572847,1196.0002502441407,1194.1936328125,1.4061294228440824,1.8801388125169198
2022-06-29,1173.999267578125,1181.6663139665932,1137.985067118919,1140.8061704616557,19205146,1194.7864990234375,1193.6417065429687,2.0750067634999647,1.9469427412205629
2022-06-30,1181.052001953125,1190.2659611777156,1167.5608938992502,1173.9310028878358,23112959,1191.859637451172,1192.52419921875,0.6007443590275274,1.7712457863290272
2022-07-01,1095.987548828125,1179.3912376535843,1076.1035827419444,1171.6105762032091,81997149,1183.4237182617187,1189.126171875,-7.202430797655612,2.281927301515772
2022-07-04,1098.262451171875,1111.139270756361,1076.6038647303487,1082.45079365179,41857728,1175.3734069824218,1185.9856787109375,0.20756644052959405,2.2901605670531384
2022-07-05,1107.157958984375,1121.5590649917854,1099.8094906293034,1102.4941121326235,17647327,1167.6495727539063,1183.6036865234375,0.8099619360571131,2.306394850416417
2022-07-06,1097.4207763671875,1111.116607529142,1086.5687955560873,1101.174625131128,23943726,1160.5468322753907,1180.293017578125,-0.8794754658241977,2.292047653683682
2022-07-07,1086.6142578125,1107.1580039571163,1080.6535938667355,1103.813720771296,23301033,1151.204296875,1176.741650390625,-0.9847196979868134,2.1550283521957816
2022-07-08,1088.11572265625,1100.2190253242577,1084.0887905138443,1100.2190253242577,19010108,1143.8592651367187,1172.8426513671875,0.1381782755890404,2.0962505833668073
2022-07-11,1102.9036865234375,1105.1331283386687,1078.3785026593284,1081.336087585235,13847467,1138.4218811035157,1169.5087744140626,1.3590433038765282,2.117531541904992
2022-07-12,1101.333740234375,1110.0927598985188,1093.8487904297283,1093.8487904297283,10778989,1133.6977172851562,1166.232685546875,-0.1423466353631775,2.108641229496353
2022-07-13,1081.8138427734375,1107.499363443423,1079.7436294761944,1104.4507905221294,14224132,1128.7210266113282,1163.3560986328125,-1.7723871291533744,2.1238611114943096
2022-07-14,1090.7320556640625,1107.4765795757364,1081.540843303509,1086.5687619025882,16970315,1125.016094970703,1161.1379150390626,0.8243759266161277,2.127967952929342
2022-07-15,1092.847900390625,1098.8540583216684,1084.33921677306,1098.8540583216684,9603210,1120.7344360351562,1159.146328125,0.19398391342539956,2.103316052376873
2022-07-18,1102.15283203125,1103.4040345430285,1088.525123257814,1101.584037969047,15160908,1117.9861572265625,1158.2722509765624,0.8514388541442042,2.090450567784823
2022-07-19,1108.909912109375,1113.4145306244031,1092.1653876854057,1092.1653876854057,16439888,1114.641827392578,1157.9305419921875,0.6130801356897031,2.055877915170132
2022-07-20,1138.89501953125,1156.8679986086788,1131.2735877067614,1155.730530749646,23924246,1114.5826721191406,1158.4192236328124,2.704016538623688,2.0501759615300994
2022-07-21,1131.29638671875,1137.5301345200253,1122.6512213878611,1134.8000189659344,16523230,1115.0684020996093,1159.2100341796875,-0.6671934359347209,2.020933068883721
2022-07-22,1138.940673828125,1144.9468316984942,1135.255066011831,1137.5301221641157,10969995,1115.1377868652344,1159.9062036132811,0.6757103796244612,2.001244213336491
2022-07-25,1101.31103515625,1122.7194053701078,1093.3938930172108,1122.7194053701078,23110452,1113.4940490722656,1159.8443212890625,-3.3039156065431396,2.135234052753359
2022-07-26,1101.8116455078125,1112.003964591019,1097.193292295004,1101.629669898458,11303288,1111.0779357910155,1158.8646801757814,0.04545585539252883,2.1053604746388266
2022-07-27,1100.76513671875,1104.3141424256503,1092.938861823789,1101.1063409773997,8655086,1107.4162292480469,1157.7803881835937,-0.0949807340782094,2.0371541684822168
2022-07-28,1118.0101318359375,1122.9469424061926,1101.5841851617515,1108.4093537574902,12496073,1104.2641357421876,1157.573359375,1.5666371092195819,2.0708325193153816
2022-07-29,1141.8299560546875,1145.3108414909532,1121.1497270683567,1126.018296934473,15130683,1106.5562561035156,1156.5268310546876,2.1305553089786766,1.3476734208329082
2022-08-01,1171.5877685546875,1177.4574449449278,1140.9881839019702,1146.2435722402156,15700044,1110.2225219726563,1156.235166015625,2.6061509721483134,1.4499389579702262
2022-08-02,1176.0467529296875,1186.580275301345,1165.535977507085,1170.518401829726,13917913,1113.6669616699219,1155.9512353515624,0.3805932849999527,1.4456882145525294
2022-08-03,1185.920654296875,1187.5814225116324,1168.2207573838157,1183.0313099580328,14250977,1118.0919555664063,1155.8998168945313,0.8395840847815306,1.422017183826472
2022-08-04,1170.2454833984375,1191.1078085473182,1153.4555848310504,1187.581429174509,14467127,1122.2735168457032,1155.7614916992188,-1.321772316018155,1.4411372936917952
2022-08-05,1153.00048828125,1173.3850064214537,1149.792686697798,1172.1110567812314,13942438,1125.517755126953,1155.387470703125,-1.4736220187842486,1.4993406154017133
2022-08-08,1168.0841064453125,1175.546309977684,1151.6354129424303,1151.6354129424303,10165178,1128.7767761230468,1154.4988305664062,1.308205704799592,1.4974939308418411
2022-08-10,1175.068603515625,1178.4356336498447,1163.4884798945134,1172.5204636099309,10724688,1132.4635192871094,1154.0424560546876,0.5979447055030729,1.495179432826604
2022-08-11,1178.981689453125,1187.5358669102814,1174.0220116644236,1184.4418001629217,8198226,1137.3219116210937,1153.6566040039063,0.33300914736320575,1.4107136111708047
2022-08-12,1198.046630859375,1201.845973401522,1174.9321182963515,1178.617605730641,12650587,1142.6876403808594,1152.825751953125,1.6170684902742982,1.4330265800820068
2022-08-16,1206.373291015625,1209.1034064115306,1195.4530701404665,1204.052741070798,6607378,1148.3639099121094,1151.6590991210937,0.6950197047236095,1.4321407809536948
2022-08-17,1212.67529296875,1218.0216687174443,1208.3071564277768,1212.6070521185068,6595965,1153.8900329589844,1150.7272314453126,0.5223923639605221,1.4298414414612366
2022-08-18,1214.87451171875,1218.3894546289891,1205.24240897424,1214.2810405952932,7410035,1159.1882629394531,1149.7920288085938,0.18135264755134717,1.4311231207465827
2022-08-19,1193.213623046875,1215.0569809988342,1189.1507309375147,1209.7159828214287,9460724,1161.9041931152344,1148.8667895507813,-1.7829733411091286,1.4135924761967338
2022-08-22,1189.904052734375,1201.1795211355932,1180.500282384016,1194.6517009933089,9471680,1164.8345764160156,1147.1955712890624,-0.2773661185705323,1.4030333093101093
2022-08-23,1208.25537109375,1211.1769638327753,1182.9425882434618,1184.152351743722,9678484,1168.300311279297,1146.6603515625,1.5422519418438974,1.4296015886869256
2022-08-24,1205.036865234375,1218.8459658923068,1203.0283609817775,1205.1967341552863,10369622,1173.4866027832031,1146.5280615234376,-0.26637629232812987,1.1623207102198005
2022-08-25,1201.5220947265625,1215.6049306697223,1197.2081689286076,1209.2368579891631,7871946,1178.4721252441407,1146.6421630859375,-0.29167327649589625,1.1710222106727102
2022-08-26,1195.1080322265625,1209.715993824914,1190.0866510806784,1201.9554689456972,10742038,1183.1892700195312,1146.9173706054687,-0.5338280942274065,1.1856066942993995
2022-08-29,1185.818359375,1211.9984634718255,1176.8710131510943,1180.0436382797463,19838975,1186.5796813964844,1147.3371240234376,-0.7773082098908923,1.1820004272526292
2022-08-30,1204.2152099609375,1207.5477042577893,1176.2091689010513,1193.282179919688,23139054,1189.6989440917969,1147.851806640625,1.5514054442228309,1.1412223116984406
2022-09-01,1168.81396484375,1189.150886984996,1164.385933490136,1178.9710757031155,19909939,1189.56025390625,1148.0857177734374,-2.93977727771233,1.2156943866929764
2022-09-02,1155.1646728515625,1175.638520959865,1152.973478456532,1168.8139049237643,12999345,1188.5161499023438,1147.6730810546876,-1.1677899479933251,1.2389407045005005
2022-09-05,1173.1051025390625,1178.446101569222,1155.3929766209455,1155.3929766209455,11327815,1187.8753723144532,1148.3336206054687,1.553062529449889,1.2765799376999674
2022-09-06,1185.4532470703125,1189.6302455363334,1174.1093147173583,1174.5658588505653,10899618,1188.635760498047,1149.6110498046876,1.0526034286717945,1.262067645506477
2022-09-07,1178.5601806640625,1184.563114237557,1173.1963605855797,1175.478839783805,7488501,1189.9137451171875,1150.4311938476562,-0.581470962544095,1.2196081981400937
2022-09-08,1180.226318359375,1185.978218827882,1173.6528558204227,1181.527366464761,7057077,1190.5208557128906,1151.3520043945311,0.14137060819190417,1.1870904516529037
2022-09-09,1172.8768310546875,1191.4561604892992,1170.4573041604865,1191.4561604892992,8314850,1190.4112670898437,1151.8068627929688,-0.6227184727505497,1.189270364936036
2022-09-12,1186.0009765625,1192.3691689901582,1173.447281793324,1173.447281793324,7435419,1190.7622314453124,1152.0468969726562,1.118970480132253,1.2136785343625722
2022-09-13,1195.906982421875,1200.449119404543,1187.3477160754526,1195.1081207827935,8888657,1190.6552490234376,1152.3439965820312,0.8352443256907316,1.1719722242572737
2022-09-14,1181.572998046875,1191.4561336808906,1174.451706778856,1175.4787801044877,8678219,1189.415234375,1154.0557055664062,-1.1985868956105317,1.1890313322439412
2022-09-15,1169.8638916015625,1188.5116835520153,1167.1476896556203,1179.1307346574977,10365600,1187.2746643066407,1155.487734375,-0.9909761364441771,1.1956712054837475
2022-09-16,1140.8763427734375,1165.4359048168926,1137.133067391258,1161.213264147553,20217708,1183.574755859375,1156.1621020507812,-2.477856529825928,1.2977233401006845
2022-09-19,1142.3599853515625,1151.6040077939597,1132.7278822878002,1140.876367867208,7580254,1181.0320739746094,1157.0608862304687,0.13004411806087912,1.252831455570679
2022-09-20,1142.54248046875,1158.4514907194557,1138.822026415054,1151.4898271317024,8411448,1178.663995361328,1158.1794506835938,0.0159752722020734,1.253718540147765
2022-09-21,1145.6925048828125,1156.3060391967588,1138.95917313293,1139.7580348153278,9207309,1175.5358520507812,1159.330986328125,0.2757030454368925,1.1917868401934222
2022-09-22,1134.896240234375,1142.6110027498532,1128.5053470017444,1134.8505978968233,10308170,1172.0288208007812,1159.9708374023437,-0.9423352777839678,1.2015607170076612
2022-09-23,1113.62353515625,1139.3927402184245,1112.0714541784876,1134.394179751921,9528051,1167.6338928222656,1160.2166333007813,-1.8744184995918123,1.2525434232883101
2022-09-26,1085.252197265625,1103.7175409409906,1084.2479451217905,1092.8756748841324,12479523,1162.1411010742188,1160.285400390625,-2.547659688841286,1.3438835923651555
2022-09-27,1093.880126953125,1107.460896407162,1077.3777647816369,1092.8529328199063,16154822,1157.544189453125,1160.3483618164062,0.7950160994134592,1.370823235867776
2022-09-28,1064.7554931640625,1085.5489575446488,1062.3132660155625,1077.491757249726,16997059,1150.5712036132813,1159.786513671875,-2.6625068937110807,1.3799329754118181
2022-09-29,1061.4915771484375,1080.7556609643932,1055.8766040342564,1077.3320028920632,14671827,1145.2050842285157,1158.9732885742187,-0.3065413643395076,1.266328085345254
2022-09-30,1085.4349365234375,1096.5048940159172,1054.96372509037,1054.96372509037,18613024,1141.7185974121094,1158.5037890625,2.25563347749973,1.39251967395815
2022-10-03,1081.6688232421875,1103.3294933419215,1078.7015883112226,1091.7117072217247,11852723,1137.1467834472655,1157.3592651367187,-0.3469681281231485,1.3223781240527155
2022-10-04,1101.61767578125,1103.808870249341,1091.095426399377,1094.587668996287,8948850,1132.9550048828125,1156.7656909179686,1.844266203334577,1.3786894443899547
2022-10-06,1105.680419921875,1118.4166846220046,1103.87730611944,1108.830344904405,13352162,1129.311016845703,1156.1004858398437,0.3687980167660143,1.3868960900956522
2022-10-07,1110.359619140625,1115.6321543527151,1102.2795971833257,1102.2795971833257,7714340,1125.8176818847655,1156.2814575195312,0.42319635352505713,1.3931356169147755
2022-10-10,1098.2396240234375,1103.6262649687026,1090.1139598954956,1097.8743645838504,6329527,1122.0858215332032,1156.2100170898439,-1.09153781425948,1.4028435718941885
2022-10-11,1076.373291015625,1101.982746487589,1073.2691292307711,1101.982746487589,9215177,1116.6044372558595,1155.7221801757812,-1.9910347914514737,1.4074396756672183
2022-10-12,1084.2935791015625,1087.2379927529598,1069.6171531804475,1073.6800455545388,7417103,1111.0237670898437,1155.0478491210938,0.7358309753732639,1.4027389268104784
2022-10-13,1087.740234375,1092.8529007335003,1077.3777331495853,1082.5361625931992,7328492,1106.33212890625,1153.9660546875,0.31787103971356867,1.4027974482265235
2022-10-14,1082.216552734375,1103.0556611703817,1081.48615457156,1102.4393688537991,9106089,1101.9497619628905,1152.1786303710937,-0.5078125701398539,1.3962926354262686
2022-10-17,1099.586181640625,1101.9827665257233,1069.845490552908,1075.0495620947684,16729355,1099.88525390625,1150.6494189453124,1.605004919058306,1.3715762263354054
2022-10-18,1118.9874267578125,1124.3512470169624,1104.7903646127031,1105.6348686623294,12415820,1098.7166259765625,1149.3107543945312,1.7644133257695316,1.4378069479789977
2022-10-19,1138.4569091796875,1153.955017958595,1114.6277458530562,1120.4709308445554,19247142,1098.5123474121094,1148.6749829101564,1.739919677050028,1.4952411734005242
2022-10-20,1141.5155029296875,1149.9150215278255,1134.3942113183082,1134.3942113183082,8717053,1098.3034973144531,1148.445283203125,0.2686613542715266,1.4951718651824983
2022-10-21,1128.2769775390625,1148.9106943491454,1126.177188586748,1144.7565172867282,8243452,1097.9725341796875,1147.649140625,-1.1597324220869898,1.503094191097219
2022-10-24,1132.0430908203125,1142.382770547029,1120.836206695688,1122.9816380159375,3370033,1098.8935119628907,1146.7886303710939,0.3337933287856698,1.4393406708815377
2022-10-25,1114.559326171875,1140.785075413764,1112.9387816840604,1140.785075413764,12233241,1100.358868408203,1145.5001831054688,-1.5444433864940765,1.3576739133341758
2022-10-27,1118.941650390625,1126.8391025996318,1110.5649536618178,1122.0686333408069,12513059,1101.6119445800782,1143.9180834960937,0.39318895960449574,1.3504571679858708
2022-10-28,1153.1790771484375,1157.2190279737692,1122.7306857391648,1125.2641978503823,17609592,1106.0331237792968,1142.85419921875,3.0598044809450275,1.3355647473628691
2022-10-31,1163.8837890625,1169.065039404331,1155.9406944170405,1159.957944449031,12419943,1111.152734375,1141.878369140625,0.9282783677044382,1.3293157416379082
2022-11-01,1154.8680419921875,1186.8912136799254,1144.8936213637878,1186.8912136799254,13963166,1114.6243896484375,1140.6782397460938,-0.7746260541677152,1.28708443810332
2022-11-02,1162.08056640625,1164.157654947125,1148.0890168960857,1155.986348539346,8981896,1118.6449768066407,1140.0555786132813,0.6245323406491199,1.27896055394997
2022-11-03,1166.417236328125,1168.4258612328554,1152.6767205686606,1154.8679148064807,6693449,1121.8849548339845,1139.5858422851563,0.3731815200460842,1.2309247848493687
2022-11-04,1183.5816650390625,1186.8912175642852,1164.568612402097,1165.8467186255812,12575815,1125.7800170898438,1139.0923681640625,1.4715513605552566,1.2588627234140326
2022-11-07,1189.904052734375,1191.5931814379082,1175.0223567357784,1182.7827614663586,11789748,1129.7572387695313,1138.7897119140625,0.5341741835029001,1.2594537427051065
2022-11-09,1188.7171630859375,1196.9112902936065,1182.348970740701,1191.5931131291466,11254205,1134.2811157226563,1138.53361328125,-0.09974666828893586,1.2183957055295163
2022-11-10,1174.3375244140625,1185.3161961635597,1170.0007782161265,1182.3261403082447,5966242,1139.1793273925782,1138.118203125,-1.2096770466866302,1.1480663737724408
2022-11-11,1201.4078369140625,1203.325056528256,1181.413233492101,1186.8911590644095,12310132,1145.0350402832032,1138.4299926757812,2.3051560507279856,1.2204986679408578
2022-11-14,1195.5875244140625,1206.0641314784764,1189.242152687652,1200.9285232071268,9043112,1150.4274047851563,1138.2574389648437,-0.4844576771656506,1.2405537897974865
2022-11-15,1190.2237548828125,1198.9427700567662,1182.3263018305277,1197.0711926191022,7086433,1155.8277648925782,1138.685634765625,-0.4486304366448368,1.2381391137892603
2022-11-16,1183.3990478515625,1194.1723297469184,1178.3775455967132,1191.4561277313169,9716161,1160.018408203125,1139.250322265625,-0.5733969771021696,1.2301266696792523
2022-11-17,1186.4576416015625,1192.8257139314462,1177.761326971582,1180.020985015561,6661451,1163.3919189453125,1139.517373046875,0.2584583581973332,1.1859047443742292
2022-11-18,1185.818359375,1190.9996093948082,1173.698388022442,1189.972415409292,5303197,1165.759991455078,1139.5246752929688,-0.05388158870126558,1.1381260939253726
2022-11-21,1164.477294921875,1181.413258441568,1160.916588888564,1181.413258441568,6390268,1166.9080810546875,1139.243017578125,-1.7996908450947813,1.2233098710263925
2022-11-22,1170.9366455078125,1172.511547625572,1157.903705618024,1161.783907991267,6611488,1169.041064453125,1139.0572241210937,0.5546995732854443,1.189497253326838
2022-11-23,1167.28466796875,1176.80266503484,1165.0934735308952,1175.4787957552544,6413408,1170.8031433105468,1138.945380859375,-0.3118851522046828,1.194210910979046
2022-11-24,1177.3504638671875,1184.1522586948402,1163.2446877659072,1171.3703518394527,9389439,1173.9427001953125,1138.7723706054687,0.8623257183659749,1.1331032929881035
2022-11-25,1194.9254150390625,1198.257788225093,1178.719730929941,1181.8696555369409,7349922,1177.7418884277345,1138.7527392578124,1.4927544271012838,1.1650845621731285
2022-11-28,1235.9874267578125,1242.1501079495758,1142.1545139312134,1190.954018527936,31527484,1181.882305908203,1139.8410278320312,3.4363660862805956,1.2134662156024405
2022-11-29,1238.110107421875,1246.9889910362924,1229.8018737736188,1234.34401084029,11058913,1185.5936218261718,1141.2059521484375,0.17173966483061687,1.2064023401449273
2022-11-30,1246.85205078125,1253.288707028199,1231.7192011093234,1238.247142030381,26164986,1190.192822265625,1143.3254663085938,0.7060715607579038,1.181089330479632
2022-12-01,1243.17724609375,1257.6481612150444,1239.8448724818554,1251.6224067137043,9485801,1194.24765625,1145.3418115234374,-0.29472660250247085,1.1893595789095204
2022-12-02,1242.652099609375,1254.4525744381806,1232.8146073066555,1246.2356264230054,11589592,1198.0593994140625,1147.34400390625,-0.04224228572595745,1.1924561579706747
2022-12-05,1224.529296875,1240.1871538032583,1222.4979714298172,1238.0187806031995,14828536,1200.1067810058594,1148.9207397460937,-1.4583971443070776,1.2235935305676422
2022-12-06,1228.067138671875,1231.1713003979205,1214.737403586102,1216.6091015367565,8594245,1202.0149353027343,1150.7841577148438,0.2889144266212007,1.2210545099817374
2022-12-07,1209.9443359375,1230.258436618436,1206.132596960368,1225.693478313524,8462111,1203.0762939453125,1152.7105737304687,-1.4757175860901528,1.2743558307815703
2022-12-08,1209.3736572265625,1216.5635327967686,1205.1967796428094,1214.281053698547,7757008,1204.8281005859376,1155.1930029296875,-0.04716569961008554,1.2376413347996555
2022-12-09,1191.04541015625,1214.2811038799705,1187.7357368415526,1207.8900896926802,12655763,1204.3099792480468,1157.13630859375,-1.5155156523207536,1.181785082109083
2022-12-12,1192.871337890625,1197.3906539089487,1180.0437880026634,1180.272120443367,9479842,1204.174169921875,1159.6986254882813,0.15330462791804944,1.1776650740386492
2022-12-13,1198.3037109375,1201.9555809304147,1189.9497141999725,1192.8713067918438,8333348,1204.5781677246093,1162.4348681640624,0.4554030995900238,1.1770837906933362
2022-12-14,1193.9669189453125,1204.6717371538757,1191.9126515922892,1204.0782660411908,7268947,1205.1065612792968,1164.6055078125,-0.3619109206291826,1.1722197138760324
2022-12-15,1177.008056640625,1193.7386297598832,1173.6528618480468,1188.0324923462415,8688551,1204.63408203125,1166.5122924804687,-1.420379579667752,1.2158750836286703
2022-12-16,1171.1876220703125,1195.4733287956508,1167.7867851451592,1173.6527911334736,15837349,1203.9025451660157,1167.90369140625,-0.49451102203369457,1.220257603140402
2022-12-19,1186.5716552734375,1188.7172073020977,1171.689838827475,1178.2177795852808,7729933,1205.0072631835938,1169.5215161132812,1.3135413074064628,1.1840178598365918
2022-12-20,1196.8428955078125,1198.76011514875,1171.3703661582176,1179.5416726679264,7467588,1206.3025756835937,1171.251181640625,0.8656232591371049,1.1923057548391929
2022-12-21,1179.8155517578125,1201.9555872542346,1175.9809916475376,1196.477661489117,8527550,1206.9291198730468,1172.8827001953125,-1.422688292165153,1.2382808133880956
2022-12-22,1176.7569580078125,1189.013856887232,1171.7126347696108,1185.9781586267084,7451122,1206.8994445800781,1174.8903735351562,-0.25924338303924266,1.225393093082137
2022-12-23,1142.245849609375,1182.554553491853,1137.703712598857,1170.137785137051,10257115,1204.2654663085937,1176.0494189453125,-2.932730345343615,1.3370015853497363
2022-12-26,1152.22021484375,1160.414342154975,1137.7721216907048,1147.9748739735228,5990242,1200.0771057128907,1177.3390185546875,0.8732240294666793,1.063222050735193
2022-12-27,1161.64697265625,1163.518549950611,1148.2031310835505,1154.9364624540497,5763271,1196.2539489746093,1178.927626953125,0.8181385546840447,1.0892584066585413
2022-12-28,1161.532958984375,1163.9751864269276,1151.056351446895,1158.5885450524734,7459393,1191.9879943847657,1180.1665625,-0.009814829682230908,1.0655274734944027
2022-12-29,1161.0078125,1163.5641454874342,1152.882148696241,1153.566904464591,6930648,1187.8795227050782,1181.0069702148437,-0.04521150091463255,1.067646922869065
2022-12-30,1162.7880859375,1176.3916749175478,1160.0035413220228,1161.829476176333,7289476,1183.8863220214844,1181.49359375,0.1533386268664838,1.0713671523046058
2023-01-02,1175.8896484375,1177.3048023328713,1163.244668797144,1164.066351583663,5316175,1181.4543395996093,1182.1810766601564,1.1267369057567311,1.0834439256642643
2023-01-03,1167.28466796875,1174.565828259546,1163.0621480210025,1170.9366586985077,7658932,1178.415216064453,1182.96123046875,-0.7317846942682227,1.0833985288372647
2023-01-04,1149.7095947265625,1169.1107276232435,1147.6325061253483,1167.26185070999,9264891,1175.4034790039063,1183.314560546875,-1.5056372900683068,1.0852023649684965
2023-01-05,1147.6552734375,1157.858025867488,1143.0674942432397,1151.969198619059,13637099,1172.317559814453,1183.9764794921875,-0.17868175567857802,1.0843107500851075
2023-01-06,1158.0863037109375,1163.1306272948216,1149.5955006159752,1153.4072395784428,6349597,1170.6696044921875,1184.7593725585937,0.9088992587638289,1.0715285753106274
2023-01-09,1185.4302978515625,1187.8041821914996,1161.0306065888913,1161.9207528429104,10722753,1170.2975524902345,1185.4043969726563,2.3611361306151935,1.207823321925333
2023-01-10,1167.9010009765625,1189.6302560157692,1162.240505708343,1189.6302560157692,8047142,1168.7774169921875,1185.4847412109375,-1.4787286023285828,1.2442711613597743
2023-01-11,1153.1790771484375,1167.7184566325625,1150.873655990327,1165.2077656913489,11509553,1166.7380249023438,1185.4509619140624,-1.2605455270450983,1.2693987591750822
2023-01-12,1128.2769775390625,1156.077627831873,1125.2641003718309,1152.5855061360771,17688773,1164.3014709472657,1184.7748901367188,-2.1594304044218804,1.317675948009435
2023-01-13,1126.451171875,1128.8705782042637,1111.386784310048,1122.2513519945564,20618583,1162.0646484375,1183.9755688476562,-0.1618224691639858,1.3158998674573248
2023-01-16,1115.723388671875,1131.951774613395,1107.917221092014,1128.7791493112115,13623855,1158.522235107422,1182.6184033203126,-0.9523522608857027,1.2769397520166077
2023-01-17,1131.5638427734375,1133.481062404078,1118.6906511572718,1122.0686670526488,10751000,1155.258282470703,1181.4515991210938,1.4197474268616395,1.3091572530945503
2023-01-18,1129.692138671875,1137.178689301756,1123.1414974309205,1129.144430635729,13448286,1152.7521118164063,1180.2710986328125,-0.16540861689031683,1.280868980689209
2023-01-19,1128.4825439453125,1132.6366004638107,1121.4524163802744,1128.8705038207283,11940054,1150.3383911132812,1179.3539990234376,-0.10707295245805382,1.2810068223633768
2023-01-20,1115.0615234375,1129.8291140692525,1112.596474928504,1129.8291140692525,14930286,1148.9791748046875,1177.6270727539063,-1.1892980161563704,1.1365318986333819
2023-01-23,1109.423828125,1125.8120854761514,1107.0044217374414,1117.960395115449,10954118,1146.83935546875,1175.903798828125,-0.5055950002758713,1.1150982679596437
2023-01-24,1102.873046875,1115.51790607312,1089.8171651533376,1113.851719292168,16488755,1143.9006591796874,1174.1567846679689,-0.5904669688834074,1.09278745824102
2023-01-25,1087.6258544921875,1102.3022790893294,1086.4618542855478,1101.275205877952,12385018,1140.205303955078,1172.2413208007813,-1.3824975073981172,1.119451713989633
2023-01-27,1066.992431640625,1089.817223588686,1055.260418546103,1088.4706538388857,25830975,1135.5045349121094,1169.8520166015626,-1.897106690351369,1.170746012297412
2023-01-30,1077.218017578125,1082.764407064242,1050.3987961919847,1064.4132886312711,21772103,1131.2260314941407,1167.680009765625,0.9583559952507814,1.204655387269435
2023-01-31,1074.5245361328125,1089.9541811505658,1068.6585300710096,1087.3749062182635,22691594,1126.1577758789062,1165.8809545898437,-0.25004051188896037,1.1525597537803478
2023-02-01,1068.1566162109375,1086.439272024598,1052.224782493373,1086.439272024598,19347800,1121.2013732910157,1163.8253540039063,-0.5926267579512867,1.1511464532565012
2023-02-02,1062.244873046875,1071.8540341073915,1054.9637127057106,1058.1591593362568,13662663,1116.8281372070312,1161.7245581054688,-0.5534528433698394,1.123969395777903
2023-02-03,1063.1806640625,1072.3105805967243,1046.7467660021257,1072.3105805967243,24699575,1112.6044067382813,1159.441162109375,0.08809560200002675,1.1281700235922636
2023-02-06,1055.1690673828125,1059.528634971871,1052.5899131464937,1056.7896118119152,14837879,1107.458544921875,1156.64603515625,-0.7535498857808909,1.0891233271322198
2023-02-07,1052.635498046875,1062.4501695052957,1046.7466710224398,1055.4201633910932,15135435,1100.8188049316407,1152.9789965820312,-0.2401102737233929,0.8674200384131877
2023-02-08,1073.6572265625,1077.2863960062462,1053.137736379797,1055.8766387784026,21160332,1096.1066162109375,1149.6899389648438,1.9970567736533607,1.015299627488517
2023-02-09,1075.52880859375,1082.284961068636,1065.463103759131,1074.341987106508,13172763,1092.224102783203,1146.2634741210939,0.17431839370580793,1.0030209873024225
2023-02-10,1066.6728515625,1075.0039060071294,1059.6655455942528,1075.0039060071294,10790445,1089.143896484375,1142.7333862304688,-0.8234049111923936,0.9164441383705174
2023-02-13,1060.6015625,1072.767178094588,1056.1278886860243,1068.2935042806123,10352493,1085.851416015625,1139.0923754882813,-0.5691800493100141,0.918289421168479
2023-02-14,1085.5946044921875,1087.329254712915,1060.738368480938,1063.6143185684562,14321920,1084.3449768066407,1136.313681640625,2.3564968104775375,1.0781123364000884
2023-02-15,1110.1768798828125,1112.5735854842064,1083.2664969637603,1084.6358877756606,33503591,1083.2756286621093,1133.9558764648436,2.2644065555321946,1.1558128912772503
2023-02-16,1109.3095703125,1124.7163944448257,1107.0270912647763,1118.1656324865594,17264487,1082.2565002441406,1131.9431811523436,-0.0781235482407161,1.1556741908779926
2023-02-17,1113.9429931640625,1117.2754874405753,1100.4306882070916,1104.7217922905263,11809520,1081.529522705078,1130.0345678710937,0.41768528601597854,1.161083546195013
2023-02-20,1102.16552734375,1118.3026298698114,1100.2025445254703,1116.13425652598,8836937,1080.8847229003907,1128.2569702148437,-1.0572772478113612,1.1546736308202998
2023-02-21,1111.1585693359375,1116.9559918914763,1101.2296696771075,1106.5479683974272,13311592,1080.9714599609374,1126.62271484375,0.8159429567590415,1.1651069944076324
2023-02-22,1085.9598388671875,1109.2868172204337,1084.2023673241313,1107.4380609994969,11024335,1080.125799560547,1124.3758374023437,-2.267788879476451,1.266850216323618
2023-02-23,1080.7557373046875,1093.1953270218976,1077.9483712962124,1085.5490279902117,9851910,1079.782293701172,1122.1116137695312,-0.4792167607163611,1.2332379821221444
2023-02-24,1088.15087890625,1093.834315272933,1080.9839459876737,1082.8098807799356,9434053,1080.8402160644532,1120.3344702148438,0.6842565203498463,1.1598327186233837
2023-02-27,1080.91552734375,1090.8672478016565,1073.543202799622,1087.3750050988056,11199715,1081.0250915527345,1118.5290283203126,-0.66492172204764,1.1537242709327473
2023-02-28,1060.2362060546875,1080.5274845520237,1056.1734344203933,1075.5516247048563,21994038,1080.3106750488282,1116.0023193359375,-1.913130190652368,1.2317658339515145
2023-03-01,1069.982421875,1070.712820002187,1060.5557097259696,1070.0280642112666,11551145,1080.4019653320313,1113.4651098632812,0.9192494808849982,1.2436748653022653
2023-03-02,1061.833984375,1073.5203549354069,1059.802538079039,1066.8326656493814,9333535,1080.3814208984375,1111.105478515625,-0.7615487257931708,1.2495452104046714
2023-03-03,1088.9271240234375,1092.6019362119685,1068.9098180563456,1072.3791189632543,14643807,1081.6687438964843,1109.3488818359374,2.5515419592060384,1.3733969389382013
2023-03-06,1099.5633544921875,1106.8216933590495,1095.5918675399987,1095.5918675399987,10171916,1083.8884582519531,1108.4952319335937,0.9767623777659828,1.3693935326064066
2023-03-08,1103.51220703125,1104.2654263644915,1088.7444955670887,1099.563420263857,15782657,1086.4322937011718,1107.5210717773436,0.3591291509424943,1.3654582244802695
2023-03-09,1076.9896240234375,1103.3066574341256,1075.095225544964,1102.8958764013148,16235128,1086.5989135742188,1105.8279248046874,-2.403469833756122,1.421683525265837
2023-03-10,1060.3046875,1070.0280749321848,1056.8124450060086,1068.8868957671646,13334091,1085.8377075195312,1103.803359375,-1.5492198022396542,1.4637755336262868
2023-03-13,1042.8665771484375,1070.0281154160118,1038.5298305140532,1063.1806779260546,12771592,1084.647393798828,1101.4405346679687,-1.6446320154142047,1.497417024651865
2023-03-14,1038.9635009765625,1052.2018311560978,1035.8136967949142,1040.812257084253,16027522,1083.5654907226562,1098.96404296875,-0.37426419231378905,1.4948495323004212
2023-03-15,1021.2057495117188,1049.1661484530057,1016.800539526596,1042.6839706485125,21728555,1080.3460479736327,1095.8703649902343,-1.7091795282656697,1.4188073583481515
2023-03-16,1016.1157836914062,1028.943333036388,1005.2968594074098,1023.921951504309,18363159,1075.6429931640625,1092.8469873046874,-0.49842706259206615,1.2845768923195546
2023-03-17,1014.837646484375,1028.007512952856,1010.0900587449328,1024.720781814394,34014213,1070.9193969726562,1090.1495483398437,-0.12578657152514383,1.2839262970259213
2023-03-20,1004.8631591796876,1013.422485602896,995.1625932582816,1011.1400066065016,19524589,1065.4654052734375,1087.2937060546874,-0.9828653222750727,1.2730500567318916
2023-03-21,1036.1103515625,1038.0733342187905,1012.052976986994,1012.9431232711898,21400360,1062.162646484375,1084.8541870117188,3.1095967741837427,1.4990344784948024
2023-03-22,1039.2601318359375,1046.0391051865406,1036.247254791225,1043.0946916431246,10920094,1058.567724609375,1081.9307836914063,0.3040004637235194,1.4833021169271354
2023-03-23,1026.1131591796875,1036.2016854580306,1023.9447859117854,1035.3343603002547,16249370,1055.575390625,1079.0950268554689,-1.265031944699424,1.4301169749416673
2023-03-24,1005.7990112304688,1027.1174243598298,1003.379605076148,1024.949051064462,12375945,1051.827554321289,1076.1474255371095,-1.9797181010190568,1.4799745532672162
2023-03-27,1021.4339599609376,1028.9433318287538,1004.383890745215,1012.2812828490338,14054323,1048.4917083740233,1074.010565185547,1.554480423612814,1.52406742989899
2023-03-28,1026.2044677734375,1030.0846702786253,1021.1829653124684,1024.8349561252708,12576424,1045.756155395508,1072.0056311035157,0.46704025903763213,1.5309954499531717
2023-03-29,1020.133056640625,1024.7436572444662,1009.359714078918,1022.0959186617868,18804065,1043.7509979248048,1070.0938244628906,-0.5916375657558426,1.4831301988565282
2023-03-31,1064.116455078125,1069.7770709600843,1029.2629756900762,1029.3999027039445,28171201,1043.457699584961,1068.7448767089843,4.31153545620222,1.7799897822364072
2023-04-03,1064.299072265625,1072.3106311531849,1056.7896998650788,1070.4846960590223,10293043,1043.5809539794923,1067.4370153808593,0.017161391183129204,1.7712399329677182
2023-04-05,1061.74267578125,1071.8540232011114,1053.8453439607506,1071.8540232011114,16262928,1042.221731567383,1066.102218017578,-0.24019531267025496,1.6688050212613954
2023-04-06,1068.8638916015625,1074.592970502133,1058.2275373074351,1058.2275373074351,18435046,1040.6867584228517,1065.1782653808593,0.6707101431213225,1.6596620684053776
2023-04-10,1061.2861328125,1072.9496819536614,1059.779694186431,1072.7671126043012,12961408,1038.575454711914,1064.2155114746095,-0.70895451222589,1.6603282487427569
2023-04-11,1066.535888671875,1068.6586196822263,1060.9210357303307,1065.4631729553812,10542367,1038.052767944336,1063.488768310547,0.4946597997528501,1.5808019146348726
2023-04-12,1071.23779296875,1080.8925957399235,1063.6599579243734,1066.535787256919,18179087,1038.5994232177734,1063.1610070800782,0.44085757889780197,1.5427832441756513
2023-04-13,1075.27783203125,1079.9797173840186,1069.1151503508545,1074.1365320735108,12378208,1040.219985961914,1063.3267150878905,0.3771374655578308,1.4903880356456614
2023-04-17,1080.73291015625,1106.9814803229494,1072.333391852291,1106.9814803229494,17929479,1042.3084564208984,1063.3970129394531,0.5073180123777998,1.4866765455980884
2023-04-18,1068.3619384765625,1085.0925121063174,1061.8111761257844,1085.0925121063174,10405576,1044.6662658691407,1063.2737609863282,-1.1446835349817275,1.4533552915693477
2023-04-19,1073.6800537109375,1076.3733137885806,1064.64142217666,1067.768405195298,12273475,1047.5444793701172,1063.384229736328,0.49778216939835307,1.4439054272344973
2023-04-20,1070.9638671875,1076.8755157885284,1064.595795217696,1074.638679040759,7007330,1050.3507904052735,1063.5586096191407,-0.2529791360144529,1.446091508117686
2023-04-21,1072.310546875,1077.7884724738817,1066.558646510675,1073.0637661728558,7647317,1053.723159790039,1063.7412072753907,0.12574464263079843,1.4161005708961432
2023-04-24,1076.4190673828125,1086.8727319946267,1071.8539885727766,1084.1794719407253,12936186,1055.7385955810546,1064.1662072753907,0.3831465166304504,1.2572383876970605
2023-04-25,1084.65869140625,1086.735779878646,1072.9952636709509,1080.0709122812248,9236126,1058.0085235595702,1064.8066711425781,0.765466189991515,1.2634969583788864
2023-04-26,1078.290771484375,1089.2467445727557,1074.6159592843226,1086.005534613959,8617834,1060.6174041748047,1064.8993420410156,-0.5870897428221444,1.230171948443868
2023-04-27,1085.115234375,1088.2878596252956,1079.1579437194785,1084.1794457664448,9167125,1064.5832153320312,1065.0910705566407,0.6328963458743564,1.1135211387619492
2023-04-28,1104.949951171875,1106.5021527689444,1087.2607695641375,1087.3748753991613,15565210,1068.759014892578,1065.856612548828,1.8278903630266852,1.1301748823369053
2023-05-02,1114.3310546875,1116.4994278601828,1108.4194062766874,1112.1170391794085,12981805,1073.1653442382812,1066.9312023925781,0.8490070980749609,1.134591617770096
2023-05-03,1104.767333984375,1116.1340858641377,1101.549066588438,1116.1340858641377,7061872,1077.3970581054687,1067.3146569824219,-0.8582477050150028,1.1485682464706488
2023-05-04,1117.503662109375,1119.717677582049,1102.2567073883076,1105.2467632974383,8635233,1080.0664184570312,1067.461192626953,1.1528516216229967,0.720645335522578
2023-05-05,1114.6505126953125,1123.5978590907398,1112.025716258824,1114.30819519152,8746585,1082.5839904785157,1067.5680114746094,-0.2553145471288154,0.727769909857557
2023-05-08,1128.4140625,1133.7778823916174,1115.746261129747,1118.4167001177036,9153782,1085.9175598144532,1067.857432861328,1.2347861188711118,0.7515443548454982
2023-05-09,1131.9061279296875,1135.2158009724574,1124.4652198090143,1129.8290394334551,6464721,1089.0696716308594,1068.4522448730468,0.3094666705899529,0.7466847666157705
2023-05-10,1139.6895751953125,1141.173192717246,1132.659447469911,1136.6766978121202,10872255,1092.98984375,1069.0228649902344,0.6876407039037247,0.7129280677252494
2023-05-11,1132.24853515625,1145.5781493917782,1130.5365853892238,1140.762158669685,10557860,1096.2754760742187,1069.9486389160156,-0.6529005968829105,0.7468429461318277
2023-05-12,1134.0972900390625,1135.4896227195354,1121.383847325768,1127.455243721531,6955341,1099.4184509277343,1071.0154699707032,0.1632817199942238,0.7467065864978892
2023-05-15,1136.334228515625,1143.318592964205,1128.9846046154787,1136.631024460071,6833343,1102.4712707519532,1071.9791369628906,0.19724396629898777,0.7466618504375925
2023-05-16,1120.1513671875,1141.058816015231,1118.4850597805391,1138.5024831085086,8717229,1104.4421936035155,1072.7638537597657,-1.424128651766865,0.835249945052606
2023-05-17,1113.5322265625,1125.2641183192468,1108.830341392445,1124.3511508366894,8798967,1106.7007080078124,1073.8297741699218,-0.5909148369491746,0.797249393612801
2023-05-18,1111.1356201171875,1121.6122266625744,1107.9856952056505,1118.2112689036005,10525531,1108.573486328125,1074.6528381347657,-0.2152256026492272,0.7996547246471482
2023-05-19,1114.741943359375,1116.5679991928369,1104.1968724046772,1111.1357155261294,8050447,1110.7623901367188,1075.7109973144532,0.3245619325755289,0.7938068504446576
2023-05-22,1120.6990966796875,1125.720598669704,1110.3595382742935,1111.5691808774145,7434906,1113.181817626953,1076.346436767578,0.5343975218479846,0.7969530061888309
2023-05-23,1120.49365234375,1126.6335119735163,1119.0784985578175,1123.2783175836105,6092034,1115.385546875,1076.7650427246094,-0.018331801689330796,0.7977876667127587
2023-05-24,1113.9656982421875,1124.8075631613845,1110.8615367170432,1116.544972955841,8112254,1116.850897216797,1076.974112548828,-0.5825962590602751,0.8047590294982778
2023-05-25,1113.828857421875,1117.960213217733,1102.9186489083418,1111.0671339157268,11487863,1118.6278015136718,1077.7108972167969,-0.012284114360827658,0.7876407493078025
2023-05-26,1144.208740234375,1145.349919313803,1118.7590340242448,1122.0685861761906,12626260,1121.5824768066407,1079.3889782714843,2.7275180212890993,0.9710148265886995
2023-05-29,1150.6453857421875,1154.9364899661489,1144.5283465169668,1150.8279550929285,10010304,1123.8672485351562,1081.5445544433594,0.5625411938816383,0.9030027197744988
2023-05-30,1150.3486328125,1158.451475420254,1147.7921790871794,1150.645307987406,11342504,1125.6681274414063,1083.7722570800781,-0.025790129032332576,0.8913631613174263
2023-05-31,1127.5009765625,1145.7381091276332,1123.4382047768397,1141.241614387353,27107927,1126.8048095703125,1085.8981616210938,-1.9861505980269256,0.989634904409355
2023-06-01,1124.4652099609375,1134.3484659204855,1122.068625138698,1132.1800927726736,14592692,1127.1528869628905,1088.0651501464845,-0.2692473589528843,0.9611800995294205
2023-06-02,1120.7904052734375,1133.412563645759,1118.8731857024295,1128.003101699598,15800644,1127.4598815917968,1090.1842053222656,-0.32680465833422323,0.9624503315039177
2023-06-05,1130.8563232421875,1133.8235582589482,1122.274114564264,1126.268543700321,10908682,1127.5819946289062,1092.7040686035157,0.8981088632976197,0.9430517604330897
2023-06-06,1131.8148193359375,1135.6265579862757,1123.8946668621782,1133.6865172838243,7493309,1127.5774291992188,1094.6181579589843,0.08475843253030746,0.9406947442937004
2023-06-07,1140.3970947265625,1141.241598708449,1128.733545665894,1135.3071289198083,10312545,1127.6128051757812,1096.640897216797,0.758275580422274,0.9435256820749947
2023-06-08,1141.081787109375,1148.9335976883085,1137.133121023714,1143.9805586437908,12071109,1128.0544677734374,1098.9402697753906,0.060039821740920374,0.9306492841688124
2023-06-09,1133.001708984375,1145.144501301207,1131.1984746215855,1144.4369244051345,5877018,1127.999688720703,1101.4843237304688,-0.7081068347842723,0.9450067253396532
2023-06-12,1134.0059814453125,1136.311281503828,1125.264025708016,1130.057315904061,6391969,1127.8832763671876,1103.7357641601564,0.08863821236755332,0.9441216051003326
2023-06-13,1150.759521484375,1151.946463788879,1134.9647365494957,1138.959165682283,11248016,1129.4136840820313,1106.226865234375,1.4773766905276542,0.9376494252348928
2023-06-14,1164.910888671875,1166.3488637759135,1149.0019986007082,1150.827933567815,13277380,1131.9826171875,1109.122421875,1.2297414814561813,0.9513316200493848
2023-06-15,1165.23046875,1169.7954267696327,1157.4471223513988,1164.888030487722,11813494,1134.6873596191406,1111.1447021484375,0.027433864790227247,0.9468905824801388
2023-06-16,1176.574462890625,1178.856942021871,1168.72265257123,1168.72265257123,24171579,1137.778985595703,1113.3902099609375,0.9735408097244713,0.9608780457854518
2023-06-19,1164.88818359375,1179.5874324568545,1160.7113056227922,1179.5874324568545,6798554,1139.9884399414063,1115.4531201171876,-0.9932460431075429,0.9991012168798072
2023-06-20,1167.3074951171875,1170.457299404325,1157.2189687814275,1162.9480481347905,6921096,1142.3291320800781,1117.4219921875,0.20768615885293773,0.9977996678085079
2023-06-21,1170.5943603515625,1173.1278723617306,1163.1534517577868,1167.2618659292657,6961603,1145.1605651855468,1119.6081567382812,0.2815766409556941,0.9802468629819365
2023-06-22,1157.4471435546875,1174.702723824018,1155.8494202932393,1166.8053921892115,7619166,1147.3414794921875,1121.4263818359375,-1.1231231964013988,1.0264385913281509
2023-06-23,1147.9749755859375,1156.4885999942844,1146.719569774206,1154.4343325060674,6628570,1147.5297912597657,1122.9611254882811,-0.8183672162911604,0.8589596455942652
2023-06-26,1139.210205078125,1148.271658359126,1136.0832218598148,1144.437098137329,12641159,1146.9580322265624,1124.2397729492188,-0.7634983944958318,0.8660215516679702
2023-06-27,1139.62109375,1145.578264166708,1135.1474200849475,1139.666736088607,9689466,1146.4216552734374,1125.4175366210939,0.036067853855548115,0.8662093122979247
2023-06-28,1154.708251953125,1158.519990797568,1140.2600374666351,1147.1760589375283,11354006,1147.7820190429688,1127.144462890625,1.323874951584103,0.788152623087416
2023-06-30,1164.1805419921875,1167.1021346662303,1156.511421596289,1162.423070452648,11151555,1149.7677856445312,1128.95447265625,0.820318900730177,0.7972719524098469
2023-07-03,1194.058349609375,1196.934300105854,1166.5087289327182,1167.7413136446191,12154387,1153.4311828613281,1131.4163623046875,2.566423895563452,0.9491228382519286
2023-07-04,1181.7557373046875,1198.3037415268395,1174.6799673322105,1198.3037415268395,8061643,1155.9761535644532,1133.6052661132812,-1.0303191890674523,0.9847352441912571
2023-07-05,1179.8155517578125,1190.9997357239995,1175.8440646341217,1190.9997357239995,10248062,1158.3761901855469,1135.6731958007813,-0.16417822106792324,0.9881678273866454
2023-07-06,1204.5804443359375,1207.1824197013011,1175.958111582341,1175.958111582341,19117987,1161.5853576660156,1138.071630859375,2.099047816519084,1.0692920612323862
2023-07-07,1202.2294921875,1216.5406584496827,1199.6730384312104,1202.8686056265724,13375267,1164.6427429199218,1140.5504052734375,-0.19516771665121224,1.0735636313951362
2023-07-10,1248.541015625,1258.1046546175523,1221.1284462814797,1227.4736968882496,33240016,1170.4197082519531,1143.8189208984375,3.8521366959010983,1.3131475014491347
2023-07-11,1262.0760498046875,1264.495455649915,1249.7050458386786,1256.6894093813987,20069348,1176.8232116699219,1146.9614428710938,1.084068045046327,1.3158047335184473
2023-07-12,1263.468505859375,1279.103541836806,1260.683840337917,1262.806571231475,18733835,1182.4586608886718,1149.9441918945313,0.11033059813654322,1.3002124073408796
2023-07-13,1252.1702880859375,1277.734103452716,1249.54549133918,1270.8410235059798,14682934,1186.821630859375,1152.8922509765625,-0.8942223506990254,1.321984934517649
2023-07-14,1251.1202392578125,1260.3414396091937,1243.9988277461352,1255.365580017741,15124144,1191.1161193847656,1155.5645825195313,-0.0838583088990319,1.3237359403847297
2023-07-17,1276.6842041015625,1285.060901535764,1245.3228457945552,1253.9963391795925,22220040,1196.1216064453124,1158.8052563476563,2.0432860121354146,1.3704308032976456
2023-07-18,1287.52587890625,1295.286283587151,1274.995004828538,1285.9509768018002,25867313,1202.2534912109375,1161.9874926757811,0.8492056821770566,1.3319620858287904
2023-07-19,1297.294921875,1303.7543992835303,1276.8210735612868,1291.8854597114334,39122156,1208.752862548828,1165.2952685546875,0.7587453680580669,1.3310771901758356
2023-07-20,1295.7239990234375,1301.2137583797864,1276.0149599670335,1276.0149599670335,38717624,1215.009344482422,1168.41595703125,-0.12109219153436657,1.3381801778382323
2023-07-21,1255.6134033203125,1293.2755748788927,1248.1205739980844,1290.3576048302098,30249238,1219.917657470703,1170.8832543945311,-3.0956126253241845,1.5250907981957251
2023-07-24,1230.216796875,1243.8424839995955,1221.2649818512405,1227.0515368964086,23727866,1224.0297485351562,1172.80564453125,-2.0226453762084984,1.598516395769252
2023-07-25,1229.425537109375,1239.0203294862108,1226.556952345633,1233.4810641733905,12026020,1228.5405151367188,1174.667470703125,-0.0643187255803146,1.5802246307330048
2023-07-26,1249.4063720703125,1259.6936470475673,1229.029726310642,1229.029726310642,12911012,1234.0297790527343,1177.2525708007813,1.6252171732105358,1.6011156497942918
2023-07-27,1237.7838134765625,1255.06933898356,1231.6758304667376,1253.2889256301971,17226898,1238.1835571289062,1179.7376025390624,-0.9302464637258923,1.617327133074113
2023-07-28,1250.2225341796875,1257.6412248805652,1236.7204929547063,1242.4081558253793,20827852,1242.4856567382812,1182.5193408203124,1.0049186754339967,1.6206136815053596
2023-07-31,1260.8065185546875,1263.1062644351005,1245.3261593927457,1250.222567835286,8551174,1245.823065185547,1185.4406323242188,0.8465680377409468,1.541614073792901
2023-08-01,1242.9769287109375,1265.628689467438,1239.0697997346808,1263.6503718598296,9536632,1248.8841247558594,1187.8861889648438,-1.4141416292952513,1.5610974017646864
2023-08-02,1229.697509765625,1242.383422770223,1218.4458286875906,1240.998576334311,12748214,1251.37822265625,1190.0702661132811,-1.0683560280627447,1.5870390003343893
2023-08-03,1224.529052734375,1236.893537376658,1215.700883147937,1224.2323775511124,10168350,1252.3756530761718,1192.281533203125,-0.4203031225325504,1.5288955140059222
2023-08-04,1241.1717529296875,1244.3617658987637,1222.4024889169664,1235.8550243989196,22885610,1254.3227661132812,1194.8283911132812,1.3591102765711627,1.5527804044840037
2023-08-07,1248.244384765625,1250.494624650405,1238.9215138972052,1246.834785043854,5982870,1254.3079345703125,1196.9091040039064,0.5698350626529347,1.2953488109010076
2023-08-08,1240.7264404296875,1253.486611833248,1236.225840784307,1250.2965991690858,9844072,1253.2404541015626,1198.7107250976562,-0.602281446461228,1.2762818045030895
2023-08-09,1248.911865234375,1250.7912910864598,1227.1009863432985,1238.8472469851745,11486586,1252.5126220703125,1200.6819897460937,0.6597284089354005,1.286409436450642
2023-08-10,1254.475830078125,1261.177404750792,1240.6276075945868,1248.788167272386,15470598,1252.6278991699219,1203.2214868164062,0.44550500308568886,1.2749668312107625
2023-08-11,1259.767822265625,1265.55449762201,1242.5565564009414,1252.4975295128647,22179330,1253.0602783203126,1205.9275390625,0.42184887589029607,1.2778734071663764
2023-08-14,1274.6546630859375,1277.1523130180672,1248.81289137336,1255.737002454242,9575812,1252.9588012695312,1209.00482421875,1.1817130551516453,1.2200811336893496
2023-08-16,1273.6160888671875,1277.3996937112483,1261.672044700447,1261.672044700447,10203112,1252.2633117675782,1211.86001953125,-0.08147887022478262,1.2035910345429282
2023-08-17,1255.2425537109375,1275.0752365265755,1252.695518025622,1269.6348629683328,13673744,1250.160693359375,1214.32857421875,-1.4426274382724147,1.226433433885901
2023-08-18,1264.5406494140625,1274.827925208279,1240.6771930744892,1251.9041214413387,18639978,1248.6015258789062,1216.8114453125,0.7407409568482626,1.2428087525902538
2023-08-21,1250.74267578125,1268.3374245054663,1248.5836072167706,1260.6443643964944,9221746,1248.3579895019532,1219.0046630859374,-1.0911451236625624,1.0566125329603149
2023-08-22,1250.44482421875,1259.6517042081298,1240.319812990251,1249.204008079304,7713044,1249.3693908691407,1221.353525390625,-0.02381397614932279,0.9453018463600306
2023-08-23,1251.8345947265625,1262.0838090060652,1249.228880766707,1252.8272476636505,9517952,1250.48984375,1223.71009765625,0.11114208967042405,0.9446490577735471
2023-08-24,1230.7904052734375,1260.6195534341234,1226.4227081001463,1260.6195534341234,14140020,1249.5590454101562,1225.3107153320314,-1.6810678936159063,0.9519642992474556
2023-08-25,1225.1075439453125,1243.2978613921046,1212.32713678729,1218.9778633049934,22222400,1248.9252319335938,1226.5146484375,-0.46172453926974777,0.9353188426808822
2023-08-28,1212.897705078125,1232.87484375,1206.6192242506277,1226.9189266304347,12580826,1247.0589904785156,1227.4679931640626,-0.996634044703304,0.9238192986974647
2023-08-29,1201.2838134765625,1217.7121468384466,1195.228533637356,1217.0173382536789,16876644,1244.0828552246094,1227.9621801757812,-0.9575326553045493,0.9096301955634152
2023-08-30,1200.142333984375,1212.525656094156,1198.628513903965,1207.066064519438,12168946,1241.9411254882812,1228.6672631835938,-0.09502163263850338,0.8666366043090268
2023-08-31,1194.6578369140625,1203.5917135507275,1191.133870437995,1202.599060591098,21638600,1240.189141845703,1229.2142700195313,-0.45698721851635815,0.8438236648376186
2023-09-01,1197.4619140625,1203.9141576589248,1192.0023233270636,1194.4343955405525,18112842,1238.8357849121094,1229.75162109375,0.2347180139612881,0.845125199416565
2023-09-04,1196.494140625,1202.921543874001,1193.8140262826475,1197.4619529612137,9347626,1236.601904296875,1230.5325610351563,-0.08081872384706479,0.771679366518808
2023-09-05,1202.89697265625,1208.033879307401,1197.362859390741,1201.1101487589583,8675876,1234.3345336914062,1231.6310009765625,0.5351327527525873,0.76994098845057
2023-09-06,1205.4281005859375,1209.125708635972,1199.745186611218,1201.6560920331103,8200370,1232.5696166992188,1232.9553588867188,0.21041934490018122,0.7680376507896938
2023-09-07,1207.06591796875,1210.1679582595823,1196.6430625915527,1201.9537313347682,13652572,1230.4773193359374,1234.3042553710939,0.1358701843781729,0.7479484408193362
2023-09-08,1215.1064453125,1218.9778160313297,1202.5742018862825,1211.0365924741222,23109288,1228.5088500976562,1235.5122192382812,0.6661216445644103,0.7590113281459447
2023-09-11,1228.20947265625,1229.326207160582,1216.9924464989117,1216.9924464989117,13271074,1226.9309326171874,1236.7927978515625,1.0783439915323711,0.798509924133549
2023-09-12,1210.4658203125,1232.3785847782628,1209.026400892418,1232.3785847782628,16255666,1223.7214904785155,1237.120947265625,-1.444676395906297,0.7884212225586864
2023-09-13,1216.52099609375,1222.278310335504,1204.2120756300535,1211.0365644667,12803338,1220.8667358398438,1237.8162524414063,0.5002351722485532,0.8057021766634329
2023-09-14,1217.6376953125,1223.8417758931353,1213.5181615722684,1220.9630582690309,9209636,1218.9864929199218,1238.5726953125,0.09179448791560851,0.7552256175475771
2023-09-15,1219.89599609375,1224.9336610195687,1215.7516218263509,1224.9336610195687,25468592,1216.7542602539063,1238.8790063476563,0.18546574157023432,0.7305905500835289
2023-09-18,1209.274658203125,1216.4962329024152,1207.0908701058952,1211.061482045193,7516300,1214.680859375,1239.0199096679687,-0.8706756907667312,0.7176198504491103
2023-09-20,1182.3240966796875,1204.882232531632,1168.8488809798134,1202.623922773179,57081884,1211.2748229980468,1237.6955712890624,-2.2286551149168776,0.8514975620414288
2023-09-21,1173.7127685546875,1186.269851496792,1171.330377450607,1178.7504333612094,12226182,1207.3687316894532,1235.9283056640625,-0.7283390526491962,0.8520880561090808
2023-09-22,1168.823974609375,1182.4729522811776,1166.367182863141,1179.2716708437545,19176786,1204.27041015625,1234.0354150390624,-0.4165238784385572,0.7903142666971673
2023-09-25,1161.6273193359375,1171.6779308453931,1158.9720452955405,1166.5657437194718,14254884,1201.0963989257812,1232.2245556640626,-0.61571762983752,0.7931794956111906
2023-09-26,1162.644775390625,1166.4664650387544,1159.2201711598177,1160.684310036077,10087782,1198.5837524414062,1230.4550463867188,0.08758885382182946,0.7772674932114694
2023-09-27,1175.747802734375,1177.1872222950064,1160.6595255350553,1163.1411580463557,11722778,1197.306951904297,1228.436318359375,1.1270017825820933,0.8105828491837231
2023-09-28,1158.4757080078125,1182.7460248832851,1153.959088482433,1182.7460248832851,14518346,1195.2236206054688,1225.8553149414063,-1.4690305766588474,0.8660870988397291
2023-09-29,1163.8856201171875,1175.847137006539,1158.475709840611,1162.2973995824232,12342014,1193.685009765625,1223.18712890625,0.46698537327798384,0.8747378413891566
2023-10-03,1150.5592041015625,1159.2201982891547,1149.492150617653,1156.4158809171215,8859056,1191.3398742675781,1220.2838330078125,-1.1449936132283511,0.8988054471831501
2023-10-04,1148.5738525390625,1150.981084388904,1139.1189302205564,1146.0178196869251,10286386,1188.9438598632812,1218.1430419921876,-0.17255535877011008,0.898422192049035
2023-10-05,1148.5491943359375,1156.1428927957072,1146.017880733707,1151.1052273242312,10953682,1186.2264709472656,1216.5096899414064,-0.0021468539502689232,0.8831774263064416
2023-10-06,1150.4847412109375,1153.8597853939605,1147.5316229908371,1150.0132553057874,5431026,1183.4793029785155,1214.9308740234376,0.16852102500659605,0.8821338892429761
2023-10-09,1140.6822509765625,1147.4818990309532,1139.0691900320726,1145.5711149238573,7576878,1180.1601196289062,1212.7563916015624,-0.8520313119544265,0.888249372100244
2023-10-10,1145.719970703125,1150.435072150941,1143.4121010954177,1144.8018394410435,10236032,1176.6907958984375,1210.9151147460936,0.4416409321920778,0.8770300219649486
2023-10-11,1163.910400390625,1166.2182699823193,1148.0031129607796,1148.722762099973,9814118,1173.4758422851562,1209.1888720703125,1.5876854862132417,0.924938231739258
2023-10-12,1166.0693359375,1171.0078811502246,1160.485663265934,1163.3148210249558,12554450,1171.2560180664063,1207.2941284179688,0.18548984063984086,0.8864847748472379
2023-10-13,1166.019775390625,1170.0896281233202,1156.0187245288932,1161.4039150831682,10150316,1168.73095703125,1205.7549853515625,-0.004250222979673701,0.8730995461473422
2023-10-16,1163.4140625,1168.6254903286665,1159.418610263332,1163.885548402189,5929036,1166.019775390625,1204.42931640625,-0.22347072885209318,0.8702407400698963
2023-10-17,1168.972900390625,1171.18152891328,1162.0491704758838,1169.3451452373686,7928180,1163.4736206054688,1203.318193359375,0.477803910903396,0.8798802333965879
2023-10-18,1153.4627685546875,1174.8048077319042,1151.9737890772074,1168.9729714451066,8918320,1160.6830261230468,1201.564013671875,-1.326817057158003,0.9035204108132149
2023-10-19,1144.603271484375,1152.37085365543,1142.0472385636656,1147.5068298823098,12032556,1158.7969848632813,1199.49119140625,-0.7680782866891889,0.7848896183683549
2023-10-20,1141.104248046875,1148.846868358942,1139.7145096810816,1141.5508934053469,8913312,1157.1665588378905,1197.4987475585938,-0.3056974870395357,0.7743750194719647
2023-10-23,1123.2860107421875,1144.6528889030683,1119.340239652529,1136.5875839948085,7853962,1154.8896606445312,1194.98623046875,-1.5614907520662857,0.8359312624183239
2023-10-25,1120.680419921875,1132.2200112886635,1113.2603628260954,1116.7594889591046,11620688,1152.8423156738281,1192.310322265625,-0.23196147689855673,0.8301546001095503
2023-10-26,1105.07080078125,1120.7050833883056,1101.993601137725,1117.2307983645155,15222534,1149.9636169433593,1189.2163818359375,-1.3928698015187257,0.87044182137985
2023-10-27,1124.5765380859375,1128.3982276638756,1109.761144511754,1111.7712909465938,11771084,1147.4050537109374,1186.2148193359376,1.76511199924001,0.9330174724139053
2023-10-30,1147.7550048828125,1153.9590859902871,1126.6362885582769,1128.6464350717906,16813304,1146.8690185546875,1183.69759765625,2.0610839735573316,1.0142856448165858
2023-10-31,1135.5452880859375,1155.448028104718,1133.0636557231696,1155.448028104718,12808438,1145.452001953125,1181.30365234375,-1.063791204998632,1.0314980868797112
2023-11-01,1140.2603759765625,1150.236586425296,1129.2419526519689,1136.1656826268284,10309190,1144.937060546875,1178.818046875,0.41522675846532575,1.0084933469935307
2023-11-02,1151.57666015625,1153.6116471680004,1145.4966608528323,1148.4746196953226,10562104,1145.0872009277343,1176.8347265625,0.9924298360359796,1.0337693219135669
2023-11-03,1151.3284912109375,1158.897469898072,1149.3680258840427,1155.0509397455935,8850156,1145.2261657714844,1174.8523999023437,-0.021550362550659674,1.0337984470411516
2023-11-06,1160.9075927734375,1161.4039192346488,1154.256866662586,1157.5822297180116,10647304,1145.7473083496093,1173.0338598632814,0.832004213882076,1.049438698321843
2023-11-07,1153.3634033203125,1160.9572220726066,1151.2540159543112,1158.4507493206686,6960204,1146.381365966797,1171.4853198242188,-0.6498527100767593,1.0412307695458465
2023-11-08,1159.3690185546875,1161.9003321646271,1152.3460470752768,1157.4333936812943,7884494,1147.063818359375,1170.1705493164063,0.5207045079708594,1.042903000950805
2023-11-09,1146.787109375,1159.3689122452763,1143.6353879313751,1159.344192861405,14513610,1146.2076538085937,1168.8483374023438,-1.085237657581417,1.0081053486310232
2023-11-10,1148.9461669921875,1149.6659373563402,1140.5831381668131,1144.3055869187945,7734954,1145.351495361328,1167.8015844726563,0.18827013309943297,1.0081425178596384
2023-11-13,1148.79736328125,1153.7606282722284,1147.3579437297892,1152.9167762849927,3854810,1144.4903747558594,1166.7746850585938,-0.012951321411958094,1.0081149268452059
2023-11-15,1169.5684814453125,1172.2982770196893,1154.9516911953865,1161.4039352802763,12220648,1144.798095703125,1166.2728979492188,1.8080750207099205,1.0907522935968261
2023-11-16,1171.6778564453125,1178.353423134986,1164.8533675821152,1166.9131951067154,13134910,1144.9333435058593,1165.757216796875,0.18035497993185157,1.0863731862299058
2023-11-17,1169.121826171875,1177.9067803474445,1167.384683548377,1167.8064883385834,7758634,1145.7162963867188,1165.2097705078124,-0.2181512827418408,1.0415472704903674
2023-11-20,1166.0445556640625,1170.5362129509904,1159.61703140789,1165.6474702823514,4490186,1146.7883605957031,1164.4727221679686,-0.263212134007329,1.026103966703594
2023-11-21,1180.7109375,1185.227556641674,1171.4296571663483,1174.3083747965666,8214450,1148.7686950683594,1163.97837890625,1.2577891440507694,1.052949748896913
2023-11-22,1185.3267822265625,1188.4288224829827,1177.3855591701267,1178.7752974396924,8534814,1151.8707336425782,1163.5435961914063,0.39093774606135945,0.9706777098228606
2023-11-23,1188.9500732421875,1191.1835423841578,1185.3268657327444,1185.3268657327444,8531542,1155.2842163085938,1163.02046875,0.3056786592486205,0.9633562721734193
2023-11-24,1188.1558837890625,1192.474021001291,1186.7414260587238,1187.0144298509326,6749486,1159.4384704589843,1162.2193969726563,-0.06679754440481744,0.882953386119613
2023-11-28,1188.404052734375,1191.034607263244,1178.899449291774,1188.155889499075,13792174,1162.6298461914062,1161.7781616210937,0.020886901180094952,0.8215778060142223
2023-11-29,1191.5308837890625,1197.1145563492605,1190.2156671664848,1195.1540911072586,12531306,1164.8186401367188,1161.278359375,0.26311177982716316,0.7067250208632163
2023-11-30,1179.9913330078125,1191.530923348677,1176.2440439527552,1188.5529645510346,28439984,1167.0409423828125,1160.5254321289062,-0.968464262088975,0.6980949812234682
2023-12-01,1188.3544921875,1189.3967050711567,1180.0658643673892,1180.2643464861462,14342842,1169.4456481933594,1159.8946020507813,0.7087475090490347,0.7060207196130188
2023-12-04,1201.2093505859375,1215.9999042684665,1190.4887710727894,1215.9999042684665,15590990,1171.9272827148438,1159.7332958984375,1.0817360041088797,0.7114966491482057
2023-12-05,1209.919921875,1211.458582489934,1201.929016778731,1210.5403299982054,12693624,1174.8568542480468,1160.2852124023439,0.7251501401328131,0.7180685351000526
2023-12-06,1221.5091552734375,1227.3905513904704,1208.5549856031337,1214.560584514323,16422442,1177.8869323730469,1161.2411401367187,0.9578512750230361,0.7239555929513916
2023-12-07,1219.4989013671875,1221.4345260102064,1212.0291642243994,1220.9630401277734,8142096,1181.1937072753906,1162.254638671875,-0.16457133354845777,0.6996790026132936
2023-12-08,1218.8536376953125,1229.2516522307412,1213.5181285411948,1222.8739302715144,10204894,1184.1679382324219,1163.3991650390626,-0.05291219788321477,0.7011126150387574
2023-12-11,1220.6405029296875,1224.7351961410227,1217.1909371644088,1218.9777608532804,7066138,1187.8606079101562,1164.5590795898438,0.146602116867256,0.6276373794165386
2023-12-12,1203.1201171875,1223.4198198791,1201.184371389843,1220.9630282642331,9197124,1190.5693054199219,1165.1065258789063,-1.435343633128383,0.7397920831476488
2023-12-13,1208.03369140625,1210.2176004047435,1194.3103140708777,1202.102614795848,10031182,1193.5311218261718,1166.097685546875,0.40840263150419,0.7384108442406976
2023-12-14,1223.0228271484375,1228.3831772791464,1212.3518080035872,1217.9851619285064,16972354,1196.203839111328,1167.2804296875,1.24078788934594,0.6845130593816031
2023-12-15,1238.63232421875,1240.8161121066785,1225.9511593183302,1229.8969303201395,15932152,1199.5515625,1169.0418920898437,1.2763046382958443,0.7234333587826554
2023-12-18,1251.239013671875,1258.1379030406688,1236.3243792186838,1238.6323699765337,14165188,1203.657421875,1171.0951953125,1.0177910915635469,0.73132063885938
2023-12-19,1269.6527099609375,1277.4945707453207,1253.3234974409622,1268.1140495332209,16820604,1208.8378295898438,1173.517265625,1.471637000434134,0.7580884238184752
2023-12-20,1254.2913818359375,1289.8780864366483,1250.742696068458,1276.080186427869,17736722,1212.5168518066407,1175.5933984375,-1.2098842466514048,0.8148347204667641
2023-12-21,1271.8614501953125,1277.2962009364337,1249.8741628164655,1254.2170195322976,13765454,1216.8435852050782,1178.216982421875,1.4007963870131368,0.8508747169395817
2023-12-22,1273.102294921875,1280.9689971307214,1264.4661412408368,1270.3973397701047,16541784,1221.0511962890625,1180.76462890625,0.09756131270208801,0.8527977758615283
2023-12-26,1279.554443359375,1286.453332624264,1271.935783794956,1274.5663382448713,7465664,1225.6211242675781,1183.077509765625,0.5068051847236577,0.8478163022648517
2023-12-27,1283.9222412109375,1290.3992050276352,1277.0977519092014,1281.5150092423955,9204156,1230.3970336914062,1185.4345678710938,0.3413530291134226,0.8437972667059256
2023-12-28,1293.2034912109375,1296.4047727896043,1283.922210219302,1285.38634910855,12302636,1235.4806640625,1187.9782421875,0.7228825626734547,0.8463980798595181
2023-12-29,1282.97900390625,1297.3973111899322,1280.1748079960485,1295.958012986606,10864584,1240.6300476074218,1190.369541015625,-0.7906325163964278,0.831924708014734
2024-01-01,1285.609619140625,1293.848686885263,1277.1223881648043,1280.7952766903763,4030540,1245.4928039550782,1192.702275390625,0.20503961688893568,0.8304277468851304
2024-01-02,1296.255859375,1297.8937610136477,1277.0480485996618,1283.0039664322292,7448800,1250.2451293945312,1195.5581372070312,0.8281083212096307,0.8213133207197661
2024-01-03,1282.16015625,1307.3238832997818,1279.132516403198,1295.412048372221,9037536,1253.8571411132812,1198.3092749023438,-1.0874167335911844,0.8796966648021161
2024-01-04,1288.7860107421875,1295.337616733607,1280.0755785995668,1284.4928354763,9612778,1257.2209838867188,1201.26291015625,0.5167727650784659,0.8676256519625756
2024-01-05,1294.2705078125,1300.3009471094986,1289.456165302221,1291.888116528752,8086406,1260.9595642089844,1204.6826000976562,0.42555529192578323,0.8620135071378789
2024-01-08,1284.1702880859375,1306.3063750382337,1275.0378087074926,1295.4120337021336,7734652,1264.2253967285155,1207.9523974609374,-0.7803793461718667,0.892562492235918
2024-01-09,1280.7705078125,1293.8239187379374,1279.132606160338,1290.448874370277,5403074,1267.2318969726562,1211.4663916015625,-0.26474528378201967,0.9001448061483094
2024-01-10,1315.3148193359375,1319.7320764251056,1278.0654937339266,1279.0333061103788,11102740,1272.8416320800782,1215.2811572265625,2.697150762976075,0.9661132527196049
2024-01-11,1349.9088134765625,1352.489686993197,1318.7394856296971,1319.7321386109766,23725852,1279.9353881835937,1219.3242333984374,2.6300923271046495,1.081740575636206
2024-01-12,1360.6541748046875,1363.2350482099334,1335.8626919019084,1349.9087552154865,15012164,1286.8169555664062,1223.8264111328126,0.7960064576844506,1.0715815531126724
2024-01-15,1383.88232421875,1386.1901939086483,1355.9639593887296,1364.897836134336,8610594,1294.0794555664063,1228.6988500976563,1.7071310141973939,1.091309902999153
2024-01-16,1364.5255126953125,1386.0413130880693,1360.4308194226976,1379.7627106993225,9069024,1299.7437805175782,1232.9578271484374,-1.3987324778040766,1.1691407543642667
2024-01-17,1351.5712890625,1376.0898877655304,1345.0694854389078,1349.511582817391,12197382,1303.8397094726563,1236.9626831054688,-0.949357378245308,1.182048764447045
2024-01-18,1357.8995361328125,1360.92717605878,1341.3222805612156,1341.4712027363942,10279438,1309.0201171875,1240.9025219726564,0.468214079532725,1.125988598370144
2024-01-19,1357.4031982421875,1365.890429247957,1349.015329468004,1365.890429247957,10422704,1313.2972045898437,1244.9833178710937,-0.036551886013491686,1.1046604673627058
2024-01-23,1318.8138427734375,1361.671682300463,1312.8332056966303,1361.671682300463,20055420,1315.582781982422,1248.1722143554687,-2.8428808417957585,1.3134186977092268
2024-01-24,1334.00146484375,1339.5851376107455,1314.1980872328545,1325.4149927095905,21919128,1318.3051330566407,1251.9165014648438,1.1516122729174016,1.3295558590147682
2024-01-25,1343.1337890625,1354.1274927557365,1325.390118278632,1333.0831783387705,11808872,1321.2657104492187,1255.80025390625,0.684581273665974,1.3334553818967785
2024-01-29,1437.4111328125,1441.8283899094502,1350.1817560391485,1354.474931519067,23893438,1328.476092529297,1261.572529296875,7.019207209119882,2.020946424789044
2024-01-30,1397.2830810546875,1449.2484377227322,1394.1066401470152,1449.223597164783,14093978,1334.1912963867187,1266.1268212890625,-2.791689228070482,2.1369604247637515
2024-01-31,1416.1435546875,1423.7125336444733,1392.195801594125,1393.684781061071,15130226,1340.7179931640626,1271.0161352539062,1.349796178636642,2.1453996339706234
2024-02-01,1416.1683349609375,1432.745590517861,1407.631543948549,1424.4569627393994,13349362,1346.7136169433593,1275.9570654296874,0.0017498419108363805,2.146829090583493
2024-02-02,1446.9901123046875,1464.063815224382,1422.6453963923934,1422.6453963923934,19652588,1354.9551147460938,1281.5759765625,2.1764204567248813,2.1466770639481414
2024-02-05,1428.452392578125,1459.6961190035065,1421.007495677393,1450.0177530325548,8814432,1361.9384338378907,1286.5308056640624,-1.2811227643454104,2.1888109530239093
2024-02-06,1417.309814453125,1431.2565145548228,1409.3933108861847,1431.2565145548228,9047984,1368.090399169922,1291.1704663085939,-0.7800454661908263,2.2085855066139515
2024-02-07,1431.554443359375,1438.8504181404362,1418.7491963623445,1425.3752031215413,9296568,1375.4596069335937,1296.0225537109375,1.0050469389959238,2.1910662382427986
2024-02-08,1439.4708251953125,1448.752105824393,1417.0368932886952,1439.3467435794869,14694634,1383.3946228027344,1301.0488525390624,0.5529920201540195,2.182338933813164
2024-02-09,1450.0177001953125,1461.160204582695,1440.2896534634558,1443.31729322881,12556798,1390.1297668457032,1306.2811254882813,0.7326911261691604,2.1268636237664915
2024-02-12,1441.679443359375,1450.2659153474915,1431.7529141646626,1450.017752117624,6674430,1394.7182983398438,1311.2840966796875,-0.5750451759874653,2.0789010752033836
2024-02-13,1454.3358154296875,1468.1337156942295,1443.3173918995335,1444.8063713272154,7715594,1399.4023803710938,1316.770986328125,0.8778908604551328,2.0799071002454177
2024-02-14,1470.4912109375,1472.749520552248,1446.7916226083244,1446.7916226083244,7117888,1403.7328247070313,1322.413720703125,1.1108435435896347,2.0636942542477117
2024-02-15,1459.7952880859375,1473.8165098910026,1455.750276105359,1472.4516121931645,10006782,1408.4963134765626,1327.585439453125,-0.72737074332756,2.039519763694059
2024-02-16,1449.843994140625,1466.1483668657747,1447.8339689108675,1465.6271998466532,9767498,1413.4099487304688,1332.3839208984375,-0.6816910580907831,2.031355741498449
2024-02-19,1463.17041015625,1468.630001238923,1442.8458657695369,1451.30825618237,6729828,1418.6734924316406,1337.2171459960937,0.9191620663659084,2.0349941356419707
2024-02-20,1460.2174072265625,1464.659505178025,1451.0602075132597,1464.1880192365334,7117496,1423.8142028808593,1342.0315161132812,-0.2018222149101634,2.0371658193617757
2024-02-21,1456.916748046875,1477.5888193115914,1446.8414171157522,1463.170510366537,12720292,1430.7193481445313,1346.7927783203124,-0.2260388873158603,1.8982335590820905
2024-02-22,1470.8634033203125,1474.0398440634356,1447.2878974462733,1457.3633484018678,18493728,1437.5624450683595,1351.797236328125,0.9572719437904942,1.8953030139363394
2024-02-23,1482.6512451171875,1486.5474563697878,1472.4517119404402,1478.556551746289,14438584,1444.5383178710938,1357.3878588867187,0.801423284464442,1.8960619129771792
2024-02-26,1476.3974609375,1483.5446346905887,1471.607959051116,1482.5768223248915,7513106,1446.4876342773437,1362.7551342773438,-0.42179738494019237,1.125436140034555
2024-02-27,1474.73486328125,1488.9297276070065,1467.1907251784094,1472.1291493159845,10826044,1450.3602233886718,1367.789375,-0.1126117932493731,0.8937213553717024
2024-02-28,1444.930419921875,1480.3185210789975,1439.5205099276588,1472.1042938560004,8647950,1451.7995666503907,1371.9153369140624,-2.021003510628405,0.9925206523750881
2024-02-29,1450.0675048828125,1468.1088998815817,1443.8385832706604,1454.2365988812116,23628976,1453.4945251464844,1375.8919067382812,0.35552472908801924,0.9937289221800863
2024-03-01,1481.1622314453125,1488.979373154373,1451.7548888255135,1452.7475417409498,12132926,1455.2031311035157,1380.1220971679688,2.1443640697963895,0.9902624398637224
2024-03-04,1496.3250732421875,1501.337897909408,1476.2982516112518,1479.524373681886,10024420,1458.5967651367187,1384.9627709960937,1.0237124249434348,0.9518156101097068
2024-03-05,1489.1778564453125,1496.3250301461744,1475.1319146195472,1494.7119691573153,7107668,1462.190167236328,1389.3090991210938,-0.47765134225737915,0.9371029197383645
2024-03-06,1491.9573974609375,1497.9133152152726,1467.6373999640691,1482.4775132325713,7805676,1465.2103149414063,1393.686201171875,0.18664936519132702,0.9201956816258829
2024-03-07,1468.059326171875,1492.056638756749,1464.7091224345347,1491.9325571368477,8315726,1466.6397399902344,1397.456298828125,-1.6017931430034826,1.0006578653093212
2024-03-11,1455.82470703125,1478.060156044582,1452.7475073010382,1478.060156044582,11277130,1466.9300903320313,1400.8943481445312,-0.833387242770911,1.010031560345089
2024-03-12,1464.5850830078125,1477.0676458601297,1454.2614676999044,1455.8248476863198,9432678,1468.075372314453,1404.3219799804688,0.6017466206097666,1.0075203645038144
2024-03-13,1421.6527099609375,1472.2034859914554,1417.2850129833478,1468.9029635812572,13522134,1466.4412170410155,1407.0954541015626,-2.9313676306674474,1.19254260130919
2024-03-14,1420.9578857421875,1437.882667347047,1415.0268084821887,1429.1224321842872,18571102,1463.96455078125,1409.8024194335937,-0.048874399062559526,1.1579126061944363
2024-03-15,1407.80517578125,1422.694969713975,1402.5193474045138,1415.4733954219128,19223818,1461.3650451660155,1412.0334057617188,-0.9256227853697174,1.1638158556016502
2024-03-18,1428.8990478515625,1431.1325169373013,1406.1177116464064,1409.5671563330236,9169392,1460.3177978515625,1414.96818359375,1.4983516493044968,1.214804945312582
2024-03-19,1414.778564453125,1427.0378036957163,1406.8373411480031,1418.252849649116,8275764,1457.8982055664062,1417.4880346679688,-0.9882072088765459,1.208271458051187
2024-03-20,1433.142578125,1434.3833942099568,1413.5625245390722,1417.458614341769,8488806,1456.5444641113281,1420.2654760742187,1.2980132816030832,1.2513829483930645
2024-03-21,1440.3145751953125,1447.1887452733042,1434.060934378195,1441.8532357214951,13006936,1455.71435546875,1423.3883618164064,0.5004384894973679,1.257634191310521
2024-03-22,1444.3348388671875,1449.2732629085035,1436.716179238339,1439.321893152815,19527608,1454.3879272460938,1426.6596484375,0.27912400118077496,1.2380441764255723
2024-03-26,1430.983642578125,1441.7291835759677,1428.4276096750873,1434.3835274360674,11415906,1451.8045471191406,1428.9730249023437,-0.9243837322053361,1.2332430012274298
2024-03-27,1481.8819580078125,1488.9794509587407,1436.368843691532,1437.3614966588375,16326644,1452.0787719726563,1431.6124877929688,3.556876117604446,1.4855639025110716
2024-03-28,1474.933349609375,1494.8856495085238,1467.786296896486,1481.90676076149,21854364,1452.0886962890625,1433.8980712890625,-0.468904311904772,1.489482531314593
2024-04-01,1473.8663330078125,1482.9986918329437,1471.6080232736622,1481.509712382751,5013880,1453.5354919433594,1435.6977514648438,-0.07234337753940778,1.4112321504772332
2024-04-02,1476.025146484375,1483.0233977342266,1464.1629930776332,1473.0968689675983,8910166,1454.8333740234375,1437.927744140625,0.14647281291491066,1.410080819130425
2024-04-03,1460.7880859375,1473.5436523631188,1458.1079713887636,1471.186101560143,7008292,1453.8146667480469,1440.112080078125,-1.0323035879955644,1.3448668631082759
2024-04-04,1452.1768798828125,1468.878217464342,1439.3467919062653,1468.878217464342,14490272,1451.6072570800782,1441.997626953125,-0.5894904358534014,1.3246311628741787
2024-04-05,1449.3724365234375,1459.9938949751336,1445.3025839763254,1450.1417667351743,7442298,1449.6169860839843,1443.83701171875,-0.19311995654422986,1.3223549667204164
2024-04-08,1475.057373046875,1480.0206375610207,1450.265891033407,1452.226356281804,8357118,1448.7719848632812,1446.9618823242188,1.7721419199227428,1.388047516822077
2024-04-09,1452.896484375,1478.8543827139297,1451.7549092714803,1478.060211901015,7071414,1448.0138427734375,1449.3397827148438,-1.5023746924568426,1.3823558687325197
2024-04-10,1468.7044677734375,1476.0749645358123,1455.5766564963697,1455.5766564963697,9138330,1448.6578308105468,1451.8511962890625,1.0880323249758295,1.3912629903862757
2024-04-12,1456.3707275390625,1475.553696376268,1452.3255942645226,1465.031599863232,15551012,1448.2471130371093,1452.2303881835937,-0.8397700493873339,1.398669755686334
2024-04-15,1454.062744140625,1471.2356878788278,1435.6986653849476,1450.2658952456557,12902062,1449.8676147460938,1453.3659814453124,-0.158474992307589,1.220906490870629
2024-04-16,1454.9810791015625,1460.366269889981,1440.265047408789,1442.6721581376476,9366184,1451.5687744140625,1454.1427319335937,0.06315648789145811,1.2203488524419623
2024-04-18,1453.56640625,1475.082206281391,1448.6279823176308,1452.7475160786112,19005692,1453.8568359375,1454.890693359375,-0.09722963905730575,1.196627070197872
2024-04-19,1459.323974609375,1463.1705049395248,1432.42310285773,1446.0720814485835,15741778,1455.3780822753906,1455.1373706054687,0.3960994375364457,1.1567925611266536
2024-04-22,1468.9774169921875,1471.930535229808,1457.0160218672338,1461.6317610616636,10350362,1458.0880249023437,1455.94787109375,0.6615009792733995,1.132804175940918
2024-04-23,1448.603271484375,1482.527235777458,1444.8561033979945,1468.1337674689391,14605554,1458.8610595703126,1456.573740234375,-1.3869611113239366,1.1540028355555556
2024-04-24,1439.5205078125,1457.7605053579202,1438.8504186169605,1452.7475596039474,10462776,1458.821356201172,1456.7330615234375,-0.6270014606944763,1.1588784648500192
2024-04-25,1449.2484130859375,1457.189636393573,1430.9091747445573,1431.9018276580116,15943926,1459.0670349121094,1456.92861328125,0.6757739970109977,1.1672067937226842
2024-04-26,1441.878173828125,1454.2366552962403,1439.346860190818,1453.1943211694756,9413848,1459.6117614746095,1456.7658227539061,-0.508555965372337,1.1530534384664912
2024-04-29,1454.2613525390625,1457.1152296530197,1439.3467183436048,1439.3467183436048,7247974,1458.230731201172,1457.0174609375,0.8588228142784482,0.8341944224622886
2024-04-30,1456.2218017578125,1472.178648628076,1452.1271085524606,1457.2144546560796,11474262,1457.2951538085938,1457.0551806640624,0.1348072143516177,0.8307051507249129
2024-05-02,1455.7752685546875,1466.4710074185996,1453.368036621592,1461.185178797564,14512646,1456.3906005859376,1456.7608618164063,-0.030663818010823185,0.8307262637578905
2024-05-03,1423.46435546875,1464.1134460205978,1405.745524232649,1460.1925152681529,17226958,1453.7625610351563,1456.0342431640624,-2.219498694878652,0.958623762426464
2024-05-06,1409.095703125,1429.4202480421582,1407.5818831415145,1424.9533097670264,7394208,1451.1779418945312,1455.21927734375,-1.0094142707927745,0.9575616714997444
2024-05-07,1391.17822265625,1410.311631866643,1381.772860502106,1405.571689953147,14517472,1448.1280090332032,1453.77943359375,-1.2715588039204029,0.984835206208914
2024-05-08,1408.1279296875,1422.4220356245855,1387.2325360419566,1387.2325360419566,9439002,1446.0657836914063,1452.7376440429687,1.2183706411740047,1.0353652685667967
2024-05-09,1383.88232421875,1413.2896685063718,1379.787630710347,1402.6186490602306,11009612,1441.50703125,1451.2769555664063,-1.7218325805192114,0.9896615235904248
2024-05-10,1397.0845947265625,1399.6406275450738,1377.8766636438304,1386.4879762578594,10505096,1438.7164367675782,1449.8013793945313,0.9540023943340525,0.9868152406181621
2024-05-13,1392.394287109375,1396.6379028351903,1373.8317248456565,1389.614931468387,8456620,1434.900927734375,1447.996240234375,-0.33572108910882026,0.9399298021788443
2024-05-14,1409.6414794921875,1416.590049599915,1389.738862101979,1390.6818338615062,7188300,1432.5644653320312,1446.6611206054688,1.2386715848007324,0.9864598016476991
2024-05-15,1405.86962890625,1419.468926315315,1402.6435067088078,1410.063563528233,5046534,1430.1548095703124,1445.2838159179687,-0.2675751700564555,0.9867625148298738
2024-05-16,1414.8778076171875,1417.012035618308,1387.75361519461,1408.1278405018506,14711774,1428.1496459960938,1444.682763671875,0.6407549125266865,1.0020860980772999
2024-05-17,1425.15185546875,1426.6408349602225,1402.8668442157614,1412.5948920294334,10916476,1426.7289184570313,1444.1844506835937,0.7261438264315689,1.020458345769481
2024-05-21,1425.57373046875,1431.231803864575,1415.1260338425998,1415.1260338425998,11176128,1425.04140625,1443.0726806640625,0.02960210860205592,1.0144731435620193
2024-05-22,1449.9185791015625,1457.9838844507517,1425.722663053995,1425.722663053995,10281604,1424.0884643554687,1442.14455078125,1.707722870623285,1.0812359583713473
2024-05-23,1475.1319580078125,1481.2615172416956,1444.3100355832012,1447.8340020088174,14608260,1425.4148986816406,1441.8636328125,1.7389513638671694,1.104949285799119
2024-05-24,1469.37451171875,1477.5638984586112,1465.2549777906745,1472.724715385057,7094776,1426.9075988769532,1441.4119750976563,-0.3903004241625929,1.098037048299208
2024-05-27,1455.4774169921875,1473.990419113941,1450.8119965034373,1469.3497180106694,6629010,1427.2190490722655,1441.1603369140626,-0.9457830264325784,1.1136951208276469
2024-05-28,1445.5010986328125,1467.6373066821805,1442.0764946111178,1457.2144512745626,7820162,1427.4001953125,1440.9538647460938,-0.6854327138920202,1.1188649885186503
2024-05-29,1430.1895751953125,1447.287997987601,1427.8815843874524,1435.87248908715,7383556,1426.1966064453125,1440.2659545898437,-1.05925367002363,1.1252319368076305
2024-05-30,1414.3814697265625,1429.817270893488,1409.6663684202383,1424.9532474164846,13206858,1424.10458984375,1440.1205297851564,-1.1053153891567913,1.1468830379405743
2024-05-31,1419.8907470703125,1431.653659822201,1411.800601617005,1420.7841589242364,31069832,1422.3103637695312,1440.0991870117186,0.3895184900022164,1.1528130894515236
2024-06-03,1499.228515625,1503.3728901534053,1448.2806515244756,1472.1043222829317,21527942,1426.0985717773438,1441.9276538085937,5.5875967019565875,1.6278301217113011
2024-06-04,1387.0091552734375,1487.0437791255476,1349.3131842665357,1487.0437791255476,36709098,1424.9942443847656,1441.0898559570312,-7.485140469382035,2.370661572625316
2024-06-05,1410.3116455078125,1420.6352601794422,1373.9308915121778,1411.5524616660985,17464890,1425.9509155273438,1441.000517578125,1.6800530945147996,2.3825767038135144
2024-06-06,1421.0819091796875,1433.0929853880773,1410.9072166555904,1424.4569533735907,17855722,1426.598614501953,1440.7593041992188,0.7636796949228142,2.3734527430163035
2024-06-07,1459.1500244140625,1461.1850112482905,1416.0193060772324,1418.004611799037,18558696,1430.3619995117188,1441.1360131835938,2.6788121774310447,2.4021117815980935
2024-06-10,1460.5894775390625,1482.3781598703026,1457.2888339961758,1459.150058153404,9251760,1433.5372436523437,1441.4611059570314,0.09865011142895508,2.3973343749191423
2024-06-11,1445.9727783203125,1462.847878399236,1443.9874724286744,1458.20717740815,11774902,1436.2161682128906,1441.760888671875,-1.0007397316991185,2.4104659183573545
2024-06-12,1452.5738525390625,1465.1557773484808,1444.48382780751,1446.7916974833406,10081742,1438.3627868652343,1441.1747265625,0.45651441837086804,2.399337485016582
2024-06-13,1454.4847412109375,1461.433311890669,1449.3725542618724,1461.1851486521073,9181160,1440.7935424804687,1440.7657543945313,0.13155191170037828,2.397095869489384
2024-06-14,1466.6944580078125,1468.8038455887872,1446.518713499826,1459.199879544848,8157998,1443.384375,1440.6223168945312,0.8394530689067148,2.3994386139780586
2024-06-18,1470.1439208984375,1476.4720837189377,1460.5399547367645,1476.4224025999808,7196766,1445.6339782714845,1440.5046923828124,0.23518619517457484,2.396366100421689
2024-06-19,1447.9332275390625,1476.571240472528,1445.3026730272272,1476.571240472528,8725874,1446.751953125,1440.2475952148438,-1.5107836072132064,2.4261339440511396
2024-06-20,1462.8726806640625,1471.9554798675892,1439.446094050177,1448.280730003189,16113776,1447.399658203125,1440.4615112304687,1.031777767155151,2.4072853196604522
2024-06-21,1443.515869140625,1463.8652545834836,1429.9909727182371,1462.7982011333013,31170360,1445.8188537597657,1440.3443798828125,-1.323205483244827,2.3930515155239416
2024-06-24,1430.88427734375,1438.8503408924523,1426.9385064042085,1434.9045699529108,8878386,1443.8943420410155,1439.46091796875,-0.8750573559260566,2.3988007745313498
2024-06-25,1443.46630859375,1445.2282918111714,1430.412898092634,1432.3982039886682,7045386,1443.2937866210937,1439.272314453125,0.8793185758779076,2.3998431430150573
2024-06-26,1502.9013671875,1507.8149506909176,1434.5075565031482,1435.425808927042,22014882,1446.163800048828,1439.9562524414061,4.11752309284259,2.5637912584653515
2024-06-27,1519.304931640625,1526.2038207675607,1494.9352546835423,1502.6283145931025,28383030,1450.6195678710938,1441.2149365234375,1.0914598130828956,2.5521010049930055
2024-06-28,1553.89892578125,1569.3842873036351,1519.7764812043604,1519.7764812043604,28957336,1457.595440673828,1443.21166015625,2.276961880408601,2.5637386846749473
2024-07-01,1548.6875,1567.7960689891884,1544.2454023527885,1551.0450507194453,7724306,1464.0352783203125,1445.0857885742187,-0.33537739776928754,2.5705448597706018
2024-07-02,1553.6756591796875,1561.9394466769938,1545.5606726889605,1557.968834801107,7749246,1466.757635498047,1447.0879736328125,0.32208945831146973,2.2706316899070527
2024-07-03,1541.019287109375,1563.4283787351976,1531.440162014497,1554.8170660210362,9049620,1474.4581420898437,1448.7218798828126,-0.81460837695011,1.4077666230693602
2024-07-04,1542.6075439453125,1555.983518377374,1539.4062623766438,1545.5606622734106,6837176,1481.0729370117188,1450.194482421875,0.1030653444264562,1.3843529519244768
2024-07-05,1576.9532470703125,1586.755694667964,1536.6267221432645,1542.4088769403463,12269710,1488.86650390625,1452.7614819335938,2.2264705796238182,1.4389025729308043
2024-07-08,1589.13818359375,1596.9801663885871,1570.898185044045,1577.3255888697254,9500806,1495.3659118652345,1455.7538354492187,0.77268850843073,1.349536955683786
2024-07-09,1578.5911865234375,1588.7410386525216,1568.887979750272,1585.8623208770043,6960002,1501.2659973144532,1458.3406909179687,-0.6636928858169577,1.3701793023118316
2024-07-10,1572.5855712890625,1585.7630632323037,1551.6654591589945,1583.281430895477,7134578,1507.5966369628907,1460.9548388671874,-0.3804414522040611,1.343613703355049
2024-07-11,1569.036865234375,1592.463449956501,1558.9614138424097,1575.8365135146928,11940946,1513.4197875976563,1463.2503491210937,-0.22566060120839948,1.3515152160470387
2024-07-12,1584.9937744140625,1593.3569240772113,1562.9320865975435,1572.8586162043875,12924784,1519.9452392578125,1465.8257885742187,1.0169875248472238,1.356924762306711
2024-07-15,1585.4901123046875,1594.0517441522056,1573.8512804915936,1592.6620057625546,5329688,1525.8850219726562,1468.4200854492187,0.03131481641360789,1.3564112350044912
2024-07-16,1564.669189453125,1588.24469666931,1557.5965372882697,1581.792452589091,9386838,1530.6112854003907,1471.2441821289062,-1.313216821093699,1.4093958092000543
2024-07-18,1575.0177001953125,1582.1895936713806,1546.379565062024,1564.4210812674708,12298374,1536.965509033203,1474.5626220703125,0.6613864970271832,1.3429033016251135
2024-07-19,1543.7242431640625,1578.293333314245,1541.3915329908289,1574.3475621142547,13140390,1541.0080871582031,1477.6135424804688,-1.9868638319029297,1.4379776617873214
2024-07-22,1489.6495361328125,1526.203933085127,1488.2597977476694,1525.9557698439748,19674376,1543.3147705078125,1479.243974609375,-3.5028734743724033,1.6349154362694214
2024-07-23,1476.96826171875,1494.6870915999891,1452.2511804820083,1489.9719903646578,18052044,1545.6189697265625,1481.105693359375,-0.8512924756103102,1.634124309091043
2024-07-24,1484.7109375,1498.4095963901725,1465.552808673545,1474.0895996286229,11913362,1547.681201171875,1482.8582202148436,0.5242276345356123,1.6279437950315065
2024-07-25,1481.4351806640625,1489.4508041915794,1466.2227025912728,1470.1189136102262,12519876,1546.607891845703,1484.6390380859375,-0.22063263314091586,1.3345489977312588
2024-07-26,1497.9381103515625,1501.3131545447015,1479.4002684339398,1481.4352554076795,9859940,1545.53955078125,1486.404970703125,1.1139825692611405,1.3355838995132343
2024-07-29,1508.9317626953125,1516.2774189432153,1500.6679751498336,1500.8416167163412,7538550,1543.291192626953,1488.4662133789063,0.733918996237426,1.2340509164506235
2024-07-30,1502.03271484375,1513.795627121447,1498.9058340677934,1505.8792447159435,8228208,1540.9584533691407,1490.2093115234375,-0.45721403857514886,1.2353691458651623
2024-07-31,1494.364501953125,1499.3524857083617,1490.1208866802615,1492.9499231376883,10057346,1537.9928955078126,1491.593564453125,-0.5105223617864252,1.2328083161567458
2024-08-01,1504.1671142578125,1506.8472288436842,1493.2479314401046,1500.8913109431162,10764222,1536.1502868652344,1493.1654321289063,0.6559719728269409,1.2372619899300754
2024-08-02,1488.3092041015625,1498.2357327232485,1482.3037269895096,1493.9425575637474,10268248,1533.435369873047,1493.9332446289063,-1.054265181437275,1.2535511236399803
2024-08-05,1436.6912841796875,1472.9976360481728,1422.7197433328895,1469.1262655731218,17046704,1526.4222717285156,1493.1644311523437,-3.468225539398906,1.3249276409036386
2024-08-06,1445.3524169921875,1466.6447748995176,1440.6620347326757,1444.4590050773538,10236186,1519.2329833984375,1492.6839892578125,0.6028527428176833,1.3171581884629826
2024-08-07,1454.062744140625,1461.6814036613468,1450.7622216985117,1458.207118491354,8174568,1513.0065612792969,1492.6556958007814,0.6026438290091196,1.3373714431560204
2024-08-08,1438.478271484375,1454.2366377811502,1435.3018303695276,1446.816580877676,12387192,1506.3011962890625,1492.5152392578125,-1.0717881823910314,1.3457100181517283
2024-08-09,1463.46826171875,1465.6520496932055,1445.3026646483625,1449.2732763644294,6249776,1501.0227661132812,1493.1808129882813,1.7372518396532755,1.4307480499044214
2024-08-12,1449.8936767578125,1462.1777566892652,1447.0397996020206,1459.199797918004,8184584,1494.2677612304688,1493.8910571289061,-0.9275626479931298,1.3995675533196787
2024-08-13,1452.8717041015625,1459.2742672925806,1447.28803114191,1450.0178268110735,6265064,1487.6368408203125,1494.5506762695313,0.20539625708344555,1.403157263334244
2024-08-14,1451.1097412109375,1461.1851932386814,1443.0195951522678,1452.7973239887267,6267466,1481.9588684082032,1493.58830078125,-0.12127449971328641,1.388744925766268
2024-08-16,1467.339599609375,1469.5235088888628,1447.337738823352,1457.8598362701878,9416902,1476.5749633789062,1495.1949096679687,1.1184445901998963,1.4101497633798334
2024-08-19,1482.4791259765625,1492.3397678065596,1474.6105280885963,1476.6025720306277,13797742,1473.5127075195312,1496.6382592773436,1.031767040923448,1.386388621536324
2024-08-20,1489.9990234375,1497.942395948273,1484.0976661921163,1491.268975771349,8411808,1473.5301818847656,1498.0166015625,0.5072514903698089,1.152802215623524
2024-08-21,1492.7132568359375,1501.8766102174725,1484.072717714687,1487.30978907883,7769996,1474.317431640625,1498.6878662109375,0.18216343472330365,1.1353086991636765
2024-08-22,1492.1654052734375,1500.5070892244864,1484.720165407205,1497.0210123494212,10445782,1474.6901550292969,1499.319384765625,-0.03670172821144124,1.1301333662370898
2024-08-23,1494.008056640625,1505.3128818837536,1492.4642955105633,1497.768063961028,9249654,1475.318798828125,1500.2800903320312,0.1234884122548019,1.1287166034800267
2024-08-26,1506.5828857421875,1516.941539085057,1497.021098650585,1500.9802618699923,8816114,1475.7510375976562,1501.3602709960937,0.8416841559635069,1.1167654657295705
2024-08-27,1494.481201171875,1507.4544123852302,1493.485179145279,1504.4912711730517,6251156,1475.0285095214845,1502.1602001953124,-0.8032538192779826,1.1190091537288955
2024-08-28,1492.33984375,1501.4782728482842,1487.0608784010917,1499.0131426615155,9610286,1474.5438659667968,1502.6731079101562,-0.1432843330646083,1.1150745989809983
2024-08-29,1514.874755859375,1530.885760314005,1488.0568158159556,1497.1205913811584,38335358,1475.5693786621093,1503.567724609375,1.510038896552457,1.1595499336680999
2024-08-30,1503.6197509765625,1533.599989641746,1497.3447635789732,1527.89778785993,41620730,1475.542010498047,1504.681455078125,-0.7429660332829102,1.164817992428234
2024-09-02,1510.2183837890625,1520.7264647058682,1500.6316718721823,1504.8647654458696,11240852,1476.637469482422,1505.628369140625,0.4388498360848425,1.1409801422183927
2024-09-03,1503.1217041015625,1516.941509382377,1501.5031683479538,1515.1984708784903,10923800,1479.9589904785157,1506.8204858398437,-0.4699108263862328,0.7947805372375467
2024-09-04,1508.525146484375,1511.463362707152,1493.534966971581,1494.7301447200666,11983304,1483.117626953125,1508.3733032226562,0.3594813625582116,0.7906116174536332
2024-09-05,1487.035888671875,1519.7054581926027,1481.1345314015284,1513.0072347057646,16264168,1484.7662841796875,1509.2446948242186,-1.424521020586289,0.8650225607053343
2024-09-06,1458.997802734375,1491.0448575756725,1455.8105811316243,1486.5627588054049,19394228,1485.7922607421874,1508.3666235351564,-1.8855016312041895,0.9397265835478312
2024-09-09,1456.63232421875,1464.07768593117,1449.809597840599,1460.666261949736,9010298,1485.4504638671874,1507.1131713867187,-0.162130368612734,0.8550642227328636
2024-09-10,1455.7110595703125,1466.1942153054945,1451.7766997689328,1454.6901127162012,10768260,1485.7413330078125,1505.1494140625,-0.06324620380312451,0.8281966374955548
2024-09-11,1445.7259521484375,1462.9073318760024,1441.7917138302157,1457.2300550346945,9760202,1485.3840454101562,1503.0901831054687,-0.6859264657110176,0.8417520576996965
2024-09-12,1473.913330078125,1480.088617533546,1440.1232367942907,1451.2039809867947,22349376,1486.5242248535155,1501.4949365234374,1.9497040838064361,0.9493129072363917
2024-09-13,1466.766845703125,1477.2500011980833,1463.6542770635715,1470.526852936648,8711328,1486.495587158203,1500.0098876953125,-0.48486462732657554,0.9245813776144511
2024-09-16,1465.4969482421875,1475.0090069946318,1458.9232273463058,1471.6723576050656,5481774,1485.6464782714843,1498.46767578125,-0.08657800417685158,0.8922854201542102
2024-09-17,1466.4432373046875,1471.5975781970765,1460.790763828237,1468.1364260685732,5935328,1484.4686889648438,1496.2574755859375,0.0645712066227766,0.8830782565429783
2024-09-18,1457.6282958984375,1476.10455198121,1454.7399294679983,1464.1522884024148,8574714,1482.7144409179687,1493.6272778320313,-0.6011103043068844,0.8883817160242587
2024-09-19,1463.82861328125,1470.6264144806405,1449.7598031867433,1460.4171894563085,16955902,1481.2976013183593,1491.3320263671876,0.425370267595615,0.896499446277593
2024-09-20,1480.0140380859375,1489.0528890965668,1465.5218693608433,1468.136427109257,30897320,1480.597900390625,1489.480595703125,1.1056912440321032,0.9350011871774339
2024-09-23,1487.434326171875,1495.5270047691104,1483.026880271187,1485.0687739665293,8832314,1479.6404724121094,1487.848544921875,0.5013660610634352,0.9210482041109455
2024-09-24,1483.4501953125,1494.530939532627,1481.9561623839436,1482.5786761041754,17137444,1479.0889221191405,1485.8176733398439,-0.2678525558589717,0.9059631265308573
2024-09-25,1488.0069580078125,1490.546862638843,1474.3116560624171,1477.9970102640052,7069002,1478.8722778320312,1483.8680102539063,0.3071732849347697,0.9086760517994423
2024-09-26,1491.9910888671875,1498.017070530802,1482.1305684499498,1484.7202013028073,18818998,1477.728094482422,1482.4144482421875,0.2677494777785894,0.8390495204459422
2024-09-27,1520.1038818359375,1527.3747692811155,1486.06478230705,1493.0369361114394,20597478,1478.5523010253905,1481.316171875,1.8842467075386393,0.9293891731287359
2024-09-30,1470.701171875,1518.9086621673466,1468.5348969230115,1513.3558880158446,27008814,1476.5764404296874,1479.8557104492188,-3.249956174131363,1.1817319389079017
2024-10-01,1458.997802734375,1482.0308103038055,1457.0057588364782,1474.7599230273088,16431642,1474.3702453613282,1479.24267578125,-0.7957679890677194,1.188950108898031
2024-10-03,1401.3780517578125,1443.634334423912,1396.4975195620746,1430.8602791168494,37757294,1469.012890625,1477.7308715820313,-3.949269208533057,1.4540883925660377
2024-10-04,1381.0093994140625,1411.711728297617,1376.2782950115372,1398.34020617394,37072876,1463.7115661621094,1475.6568408203125,-1.4534730523430572,1.4552204880730273
2024-10-07,1365.272216796875,1390.9447078848398,1355.9594355150189,1387.9566419173104,22181340,1459.0252868652344,1473.3335815429687,-1.1395420352580121,1.4232444025795599
2024-10-08,1391.791259765625,1395.4267642320656,1359.669551595401,1367.513224520688,17020808,1455.7832336425781,1471.21064453125,1.9423996652453202,1.5107695452993621
2024-10-09,1369.1318359375,1395.4019165531051,1367.040214025334,1391.9656892391697,14310610,1451.4542724609375,1468.4146459960937,-1.628076313106086,1.5426020619519547
2024-10-10,1365.595947265625,1380.4864268287754,1363.9774115920343,1374.5352199766685,22358646,1447.447772216797,1465.6859106445313,-0.25825772062730845,1.5398552967458417
2024-10-11,1366.6417236328125,1377.7723178051706,1363.3797273571677,1364.5501018082973,7980122,1442.0841918945312,1463.131455078125,0.0765802190085152,1.4519874322658601
2024-10-14,1367.0650634765625,1374.5849563155427,1362.8070452852592,1373.962442591221,12221432,1437.099102783203,1460.3894140625,0.03097665148292794,1.4543627770456928
2024-10-15,1338.678466796875,1366.243302159234,1335.3666207605413,1353.1207855156183,33762794,1430.7581787109375,1457.3967993164063,-2.076462740368623,1.50327048820443
2024-10-16,1348.6884765625,1358.574043806933,1332.3039628645522,1334.6695151768993,20034438,1424.8704406738282,1455.6367431640624,0.7477531023245998,1.5229884333448573
2024-10-17,1351.0291748046875,1363.0062419523483,1346.6715786036464,1360.2671814831224,15543660,1419.5404846191407,1453.7502783203124,0.17355366215876522,1.5276228730889774
2024-10-18,1353.8927001953125,1362.9814005892638,1335.98910817891,1346.796043723323,12082452,1414.0436889648438,1451.7468774414062,0.21195141037859688,1.5225276900463016
2024-10-21,1363.7532958984375,1368.5342502099145,1352.3239675798943,1361.686598848784,14067408,1408.2306518554688,1450.2523779296876,0.7283144152932186,1.5054085681580267
2024-10-22,1338.006103515625,1370.5262455038624,1334.8935348258,1363.7532474009167,15831960,1400.7592407226562,1447.743134765625,-1.8879655477459623,1.5250149313289878
2024-10-23,1333.2003173828125,1352.0748848775756,1329.689315659354,1332.1793705575924,17214742,1393.2467468261718,1445.409267578125,-0.35917520257832125,1.5243669042652381
2024-10-24,1334.4703369140625,1338.3547254831988,1317.8616212723591,1329.9633130042932,22155934,1385.5699157714844,1443.041240234375,0.09526096826493191,1.5190319352542636
2024-10-25,1322.5677490234375,1339.002111534351,1316.7410448137834,1338.1555171764887,18597496,1377.0987487792968,1440.470400390625,-0.8919334931152934,1.508999485479962
2024-10-28,1329.0418701171875,1347.6177038778262,1316.8406011796387,1331.6813526124563,10824350,1367.5456481933593,1437.7044458007813,0.4895114899429842,1.4181317376886844
2024-10-29,1334.66943359375,1337.856655249044,1315.0478495098762,1322.8167478889227,12008361,1360.7440612792968,1434.748251953125,0.42343011180425716,1.2977664066479744
2024-10-30,1338.553955078125,1344.62966480214,1320.0776988278842,1329.6893351932274,11984423,1354.7218688964845,1431.7193505859375,0.29104745988790537,1.3063977783497656
2024-10-31,1326.7510986328125,1337.6574904459744,1320.8745447599274,1334.6694245700712,9331650,1350.9905212402343,1428.400107421875,-0.8817617250717169,1.0188762836953913
2024-11-01,1333.3248291015625,1336.6116286385318,1327.6972806767253,1327.7471304089104,2127335,1348.6062927246094,1425.2232958984375,0.4954757886030059,0.9924144233397658
2024-11-04,1296.9700927734375,1334.6695017714562,1279.9878687625326,1332.5280301195803,19796890,1345.1911865234374,1421.2825366210936,-2.726622615482377,1.1281219198050394
2024-11-05,1300.1075439453125,1304.340637375998,1281.0336986406933,1287.8564249120311,16267479,1340.607000732422,1417.1530297851561,0.2419062081197243,1.0123088126380304
2024-11-06,1320.0777587890625,1323.0160966964434,1295.0277806900112,1304.7888451117578,21625209,1338.154296875,1413.6649609375,1.5360433017062691,1.046301995846434
2024-11-07,1300.4561767578125,1318.7331565363688,1297.4182609581876,1318.7331565363688,9611974,1334.8973083496094,1409.8272875976563,-1.4863959263467397,1.0865847558696047
2024-11-08,1278.6431884765625,1296.4720058402277,1269.9279963447846,1292.4879180085577,19814406,1330.497381591797,1405.10265625,-1.6773335904045839,1.1297433098622178
2024-11-11,1267.6370849609375,1280.884225507143,1261.9598084895413,1273.8622221377802,9056552,1325.5259826660156,1400.3830029296876,-0.8607642550177097,1.1325017254173342
2024-11-12,1269.1810302734375,1284.1712099692156,1262.4578817905294,1270.4759075040322,10671091,1322.0511108398437,1395.562255859375,0.12179710824313794,1.0627667296279955
2024-11-13,1247.0693359375,1270.3761523895544,1244.5294313213271,1265.196886863478,14633633,1316.9701538085938,1390.4412084960939,-1.7422017670066903,1.0840322013484782
2024-11-14,1262.5574951171875,1267.537605244334,1246.1231316976048,1248.613186761178,12612633,1312.5465698242188,1385.52185546875,1.2419645590951989,1.1380031720452473
2024-11-18,1255.7347412109375,1267.8364328732807,1238.951794764919,1262.55746761959,13620611,1307.638671875,1380.8958325195313,-0.5403915411881233,1.1314966293738573
2024-11-19,1236.710693359375,1276.4021442257297,1230.236550606767,1255.734688515481,14183746,1301.2865417480468,1376.4500903320313,-1.514973443612555,1.1281272295987141
2024-11-21,1218.1348876953125,1239.0014996478671,1212.407761281373,1236.7107220331202,19433843,1295.2929809570312,1371.6801416015626,-1.5020332373453904,1.1058876974928769
2024-11-22,1260.3662109375,1263.8024380613526,1217.586994857739,1224.509420421979,20471957,1291.6512756347656,1367.7732446289062,3.4668839771996307,1.4129685039734037
2024-11-25,1281.8802490234375,1299.260783408558,1277.3483005192684,1284.868314871977,28923341,1289.0217712402343,1364.4963305664062,1.7069672210535236,1.4793601573120636
2024-11-26,1290.545654296875,1292.687125909721,1279.0914013187908,1289.7986377983043,9247557,1287.4206665039062,1360.8289770507813,0.67599179252813,1.481773583379773
2024-11-27,1288.0555419921875,1298.6632001168684,1280.8842325588682,1288.3543972122054,9572746,1285.3713500976562,1357.2547509765625,-0.19295034595612215,1.4750335535323353
2024-11-28,1265.7447509765625,1291.442044503892,1264.0017125526565,1284.818474176107,15027412,1281.925115966797,1353.25970703125,-1.7321295773564005,1.5095685166821626
2024-11-29,1287.0595703125,1294.3305794929802,1270.177046170391,1274.9081506356404,13202307,1279.3503967285155,1349.6720336914063,1.6839745390603067,1.5670745282591436
2024-12-02,1303.9422607421875,1306.133460567327,1271.9699779978705,1282.876370557777,11024152,1278.2099548339843,1346.5983129882814,1.3117256434050262,1.59224966481857
2024-12-03,1318.035888671875,1321.5219654799555,1301.8006823317874,1311.760901783446,16869482,1277.4455078125,1343.6824584960937,1.0808475462453115,1.6085777133830352
2024-12-04,1303.742919921875,1323.1156203515295,1298.8625094957515,1320.7251432865569,19608540,1277.7841491699219,1340.1570361328124,-1.0844142312697147,1.502955442744335
2024-12-05,1316.7908935546875,1324.6593698468237,1300.9541199209712,1309.1214514378748,16858723,1278.6183166503906,1336.7441674804688,1.0008087816572253,1.5179138504031962
2024-12-06,1306.3326416015625,1318.6334884089777,1304.7887589399247,1318.6334884089777,9037514,1277.9310607910156,1333.20181640625,-0.7942226821521237,1.488995530970204
2024-12-09,1289.9979248046875,1309.7689372979064,1287.9560310594236,1297.816673231309,14650002,1277.4081481933595,1329.2416357421876,-1.250425525373744,1.4778398237115926
2024-12-10,1279.73876953125,1289.7488386952923,1275.107243177966,1284.121290398709,16043729,1277.4629272460938,1324.9965893554688,-0.7952846338873609,1.4387372017027327
2024-12-11,1273.115234375,1284.8683422637005,1270.9738844056644,1279.8882324099652,11724373,1277.736834716797,1320.05681640625,-0.5175693128900094,1.429772785012601
2024-12-12,1257.876220703125,1273.1152845047754,1255.5853214463157,1264.9479526569407,20906813,1277.1715942382812,1315.8003173828124,-1.19698620049552,1.4555533632715654
2024-12-13,1267.78662109375,1270.1272485556606,1234.6688884780408,1254.9877622795104,28630222,1278.2074584960938,1311.97609375,0.7878676953671393,1.408529933467304
2024-12-16,1263.2547607421875,1275.904191603511,1261.511722229068,1269.9280595585296,9486781,1278.2423217773437,1309.2136279296874,-0.3574623896608675,1.3849979846725058
2024-12-17,1240.34619140625,1258.8721754853295,1237.8561365143116,1256.033537225462,17462791,1277.4728942871093,1306.4003637695312,-1.8134560064890004,1.4398795050838331
2024-12-18,1248.2645263671875,1254.9378248920182,1235.714673937889,1235.714673937889,12670179,1278.0505859375,1304.0602099609375,0.6383971681293232,1.404796915766246
2024-12-19,1225.55517578125,1239.947766097918,1224.1109925687356,1234.0712121990753,14244653,1278.4216003417969,1300.73548828125,-1.8192738883663018,1.4249593816388852
2024-12-20,1200.50537109375,1234.5692750261348,1196.7204388413884,1219.1309339507775,20312896,1275.4285583496094,1297.362958984375,-2.043955684943488,1.2494241590565967
2024-12-23,1217.437744140625,1222.3181546925216,1208.3738466363206,1210.166734877433,10052824,1272.2064331054687,1294.399794921875,1.4104370921263154,1.2267123669015108
2024-12-24,1217.8858642578125,1228.6429501715868,1216.1428258096823,1217.4377030050357,6734917,1268.5734436035157,1291.424677734375,0.03680846263756088,1.2095126344461058
2024-12-26,1211.7105712890625,1222.8161189414398,1209.419672133533,1219.3798917928575,10016178,1264.7561950683594,1288.317587890625,-0.5070502212055183,1.2103294923585803
2024-12-27,1216.1927490234375,1223.0154756156849,1212.1588111658666,1213.4536884394554,7000397,1262.2785949707031,1285.8678735351561,0.36990497900886155,1.1698353611256334
2024-12-30,1205.8837890625,1218.3340640862093,1203.294156174512,1211.5611874241415,8818766,1258.2198059082032,1283.0117797851562,-0.8476419522493672,1.0903166883664153
2024-12-31,1210.6148681640625,1214.2503727116298,1201.3519366916562,1203.1945530395503,6405475,1253.5534362792969,1280.2034936523437,0.39233292166906963,1.0359454639618333
2025-01-01,1216.391845703125,1221.4218053468785,1206.7802092584152,1210.0172807004092,5892590,1248.4712341308593,1277.4534765625,0.4771936716607028,0.9997486045320401
2025-01-02,1236.860107421875,1239.4994683243335,1215.1467802555553,1216.3918076943417,15486276,1245.1270935058594,1274.9156127929687,1.6827029703506913,1.087077944277988
2025-01-03,1246.1729736328125,1257.0296379589822,1230.5852047154665,1238.9518139936486,15521102,1241.5961975097657,1273.0789501953125,0.7529441814037696,1.0733050960828083
2025-01-06,1213.15478515625,1256.9797527645217,1210.1667191829588,1248.961727102304,14816766,1236.9373046875,1270.6780395507812,-2.6495670484899647,1.1943746121517504
2025-01-07,1235.913818359375,1239.5493228115215,1216.3918123612464,1217.1388288273845,10070505,1234.2330993652345,1268.7069091796875,1.8760205607393887,1.2739895696881922
2025-01-08,1260.4658203125,1265.9937909556584,1240.395953024955,1244.0314575822304,19346579,1233.2694519042968,1267.4648706054688,1.986546439436765,1.3555349552251463
2025-01-09,1249.758544921875,1264.698874209644,1243.0852464738894,1261.9598138402198,12794704,1232.1016174316405,1265.8792041015624,-0.8494697133453744,1.3633492732166554
2025-01-10,1236.959716796875,1251.750618829338,1231.0831628192257,1248.8621307808614,8120332,1231.0557922363282,1263.925009765625,-1.024104070102605,1.3564496566217812
2025-01-13,1234.9178466796875,1240.2963897717905,1221.5213994754447,1225.1070543419412,13764861,1229.412353515625,1261.8522875976562,-0.16507167448225335,1.3411944150688104
2025-01-14,1233.822265625,1248.3641626627486,1222.3680125031533,1239.1509590647415,13095266,1227.9407287597655,1259.9937109375,-0.08871691810375948,1.3400642295701535
2025-01-15,1247.2186279296875,1251.999581888204,1236.90982514039,1239.9974688456068,9578856,1228.2843505859375,1258.2715869140625,1.0857611082177643,1.302288199181243
2025-01-16,1261.4119873046875,1269.9280238633037,1246.3223515830243,1253.8920943102864,14117603,1228.9417236328125,1257.5604248046875,1.138000913164694,1.3191398681089248
2025-01-17,1297.169189453125,1320.72513338128,1279.888232575373,1316.9900509904955,29366277,1232.5224243164062,1257.5016577148438,2.8346965549963965,1.3791749049681035
2025-01-20,1300.2568359375,1310.764916385877,1295.07757031211,1310.764916385877,14040244,1237.5099975585938,1257.1052392578124,0.2380295885440198,1.2653241376923559
2025-01-21,1268.6331787109375,1307.776892128252,1265.1471016946018,1305.2868371165837,14562976,1240.0697692871095,1256.468779296875,-2.432108515219722,1.390550839700477
2025-01-22,1272.0196533203125,1277.7966294698952,1263.6530443254642,1273.2149526536994,10273590,1242.7764587402344,1256.33630859375,0.26693883355755066,1.3899476052523847
2025-01-23,1258.6231689453125,1272.2686211078578,1256.581275301743,1264.947884048613,8720682,1245.122088623047,1256.1560302734374,-1.0531664616998282,1.4103391106244887
2025-01-24,1241.34228515625,1267.9360243063209,1238.5533748820974,1260.9638702056577,14235970,1246.3795654296875,1255.5992553710937,-1.3729990211083898,1.4524772862319064
2025-01-27,1224.4595947265625,1235.515414368934,1215.1468135462453,1234.1708090151494,9536019,1247.3083557128907,1255.147060546875,-1.3600350710330056,1.4746523005754246
2025-01-28,1229.4896240234375,1239.7984277662488,1213.652849353825,1233.0752790316255,10568025,1248.2520935058594,1254.485703125,0.4107958579064652,1.4748594006244624
2025-01-29,1230.585205078125,1237.8063647194172,1223.1648896668228,1231.0832160878692,5928156,1248.9617614746094,1253.9827124023439,0.08910860517084007,1.4720157351084056
2025-01-30,1248.0654296875,1251.9996679975989,1227.497550840604,1230.635044492625,9269259,1249.5220275878905,1254.2098071289063,1.4204806410186954,1.4579806100231538
2025-01-31,1260.0673828125,1261.9598488917904,1244.0314532484974,1250.8541794958078,6584612,1250.216748046875,1255.04845703125,0.9616445451906319,1.4639718313010266
2025-02-01,1259.5693359375,1265.495739501575,1236.06324219181,1260.0673469134033,7118453,1252.5374755859375,1255.03251953125,-0.03952541600500403,1.318275496148736
2025-02-03,1240.94384765625,1251.003645649064,1232.6270881824537,1246.0235355947286,9252345,1252.7889770507813,1254.2137915039064,-1.4787187771117871,1.3066551069356123
2025-02-04,1280.08740234375,1283.6731787459128,1241.6409781641655,1243.085282988569,16691069,1253.7700561523438,1254.0046264648438,3.1543373023227295,1.4199435376789096
2025-02-05,1273.115234375,1285.366353249074,1271.6212014188793,1277.5476050956522,10112028,1254.937890625,1253.7058203125,-0.5446634312613718,1.41097310221423
2025-02-06,1276.4520263671875,1282.8763195509282,1265.2965071593935,1268.6331564996678,9956001,1256.9125061035156,1253.9199658203124,0.2620966195432839,1.3860351194747738
2025-02-07,1261.6610107421875,1278.5933846345008,1256.979756005846,1271.073491533156,8764283,1258.2496643066406,1253.4119946289063,-1.1587600097353934,1.4160260866408556
2025-02-10,1248.6629638671875,1261.461821832557,1240.5952102474196,1259.469777897567,6970972,1258.99169921875,1252.3064086914062,-1.0302329044276082,1.4386822997688407
2025-02-11,1229.937744140625,1259.519670533727,1225.2066396338644,1259.519670533727,8859714,1258.1276550292969,1250.5444458007812,-1.4996216167547205,1.458584548964406
2025-02-12,1211.7105712890625,1222.0193743195214,1188.6027887286011,1214.5989377224969,21131654,1255.6425842285157,1248.703798828125,-1.4819589803139244,1.4630017918740283
2025-02-13,1211.2623291015625,1223.1150152108587,1207.1786632211406,1212.2086229517822,8511216,1251.3472412109375,1246.5932275390626,-0.03699251274362769,1.2799152840145607
2025-02-14,1212.40771484375,1219.1308629852126,1200.6546072366425,1214.1507532507958,10298145,1246.95478515625,1244.7147290039063,0.09456132785348181,1.2769375492578647
2025-02-17,1220.02734375,1222.6169765728448,1199.7084711054922,1206.2821918357026,8166683,1244.5244934082032,1243.3153173828125,0.6284708364159508,1.1938945843339392
2025-02-18,1220.525390625,1225.0074896525716,1211.2623373341316,1219.9775298877432,6673250,1241.9497802734375,1242.1310498046876,0.04082259939102162,1.1904211769524131
2025-02-19,1222.567138671875,1227.8461038341088,1212.706618273488,1214.6488125132394,6217338,1240.1469787597657,1241.120087890625,0.16728435660231522,1.1755578727344727
2025-02-20,1228.0950927734375,1234.4198079853766,1217.1388510698623,1219.0810452834291,7795582,1239.484619140625,1240.5244653320312,0.4521595523635513,1.1451461259768858
2025-02-21,1223.264404296875,1235.0672403005465,1217.2882724889691,1223.8121434284387,6904025,1239.4248596191405,1239.6340209960938,-0.3933480806973422,1.1065796179349348
2025-02-24,1209.718505859375,1218.3838481751116,1205.68456833515,1211.7105497558396,7172498,1238.4363037109374,1238.5632958984374,-1.107356544498339,1.1288284600749579
2025-02-25,1199.21044921875,1216.142822671174,1196.7203942992758,1206.1826029932777,11552182,1236.8675659179687,1237.7405810546875,-0.8686365125215811,1.1417406690981966
2025-02-27,1202.298095703125,1210.166693583284,1195.8738026303336,1207.975493883109,11509215,1234.57919921875,1236.8212524414062,0.25747328055609753,1.0873168104088444
2025-02-28,1195.325927734375,1212.5073065135475,1188.5530513693543,1197.218393771922,23007298,1231.3421264648437,1236.2166674804687,-0.579903436066953,1.056245069795075
2025-03-03,1166.5906982421875,1201.6506219268736,1151.4013636439431,1199.2104168056296,17944938,1226.6931945800782,1235.5383740234374,-2.403966050217987,1.1579186282088374
2025-03-04,1157.2779541015625,1169.3297956512124,1154.9373267832575,1157.576687742468,11377373,1222.5098999023437,1234.3351782226562,-0.7982871931567215,1.1335644053256089
2025-03-05,1170.9234619140625,1178.294049175979,1152.3974766666165,1156.38156474498,8664095,1217.0517028808595,1233.3959301757814,1.1791037549914618,0.8677682674730948
2025-03-06,1204.7882080078125,1209.1208794668382,1180.4355183146993,1192.2383549047067,14468014,1213.6353515625,1233.2574829101563,2.892140024113332,1.1428614160229789
2025-03-07,1244.828369140625,1249.8084792402678,1207.178688153437,1211.1627762331514,16474965,1212.0541687011719,1233.8301953125,3.3234190762060356,1.394969427312641
2025-03-10,1233.4736328125,1252.9956391209716,1230.4855669004469,1240.0473535020744,11931051,1210.6447998046874,1234.3819921875,-0.912152760140239,1.3863320380921877
2025-03-11,1242.3382568359375,1244.5294565449085,1224.858022557904,1235.0672477916655,10089838,1210.328564453125,1235.0164599609375,0.7186715457569104,1.37996645183187
2025-03-12,1252.0494384765625,1257.9757204337957,1239.0513034201438,1252.995610693361,11977555,1211.434149169922,1235.7296118164063,0.7816857918678366,1.3447489281376723
2025-03-13,1242.9359130859375,1259.1212710412997,1238.901975238559,1255.0376050433522,9505270,1212.9954162597655,1235.8511279296874,-0.7278886208929469,1.308203830092816
2025-03-17,1233.9217529296875,1252.398008503818,1228.1946267891797,1237.208673957254,16640917,1214.1283874511719,1235.606103515625,-0.7252312899922453,1.3219558968027638
2025-03-18,1233.9217529296875,1233.9217529296875,1233.9217529296875,1233.9217529296875,0,1215.2040893554688,1236.0214428710938,0.0,1.3221490414567016
2025-03-19,1242.1888427734375,1248.264552564328,1233.8720835165427,1236.113132982547,16162399,1216.3121643066406,1236.146943359375,0.6699849341436304,1.3230608947673612
2025-03-20,1264.101318359375,1267.9359786597456,1245.0773228865291,1246.8700894970418,15971477,1218.4909606933593,1236.2196533203125,1.7640212849612702,1.3742398848795438
2025-03-21,1271.2725830078125,1275.9041093610767,1265.0474458622175,1269.927977701306,21780769,1220.9262329101562,1236.6499340820312,0.5673014136038379,1.3768851746861805
2025-03-24,1296.920166015625,1300.8046759652354,1279.141198398433,1285.86434660882,20299319,1224.3674865722655,1237.8491430664062,2.017473148609139,1.4349692040679387
2025-03-25,1280.33642578125,1302.497915186312,1277.4977874103538,1302.497915186312,13713899,1227.2210876464844,1238.7575146484376,-1.2787017018420888,1.4701482566194288
2025-03-26,1267.98583984375,1288.65329608475,1263.7028966635362,1285.8643858858131,12074747,1230.134454345703,1239.4407861328125,-0.9646359885421396,1.4636037368562926
2025-03-27,1273.115234375,1279.8882324099652,1266.242780044616,1273.0655062272906,15028056,1233.8296936035156,1239.9587182617188,0.4045309001149411,1.440089302718324
2025-03-28,1270.027587890625,1290.5954658598978,1263.9518781988888,1274.9081198538831,18147129,1237.2161682128906,1240.1310302734375,-0.24252686646160093,1.4453658356115855
2025-04-01,1247.6170654296875,1272.8164693011493,1244.330265958221,1259.5693287834792,12099648,1239.8307250976563,1239.1399877929687,-1.7645697364857216,1.505661238084261
2025-04-02,1246.1729736328125,1250.5554948342144,1238.9518139936486,1242.5873186806543,10142590,1243.8098388671874,1238.058310546875,-0.1157479996779065,1.3768014817309326
2025-04-03,1243.732666015625,1246.8204315907722,1228.145018441354,1228.145018441354,7434366,1248.1325744628907,1237.5603002929688,-0.19582414871938125,1.3570481356597934
2025-04-04,1199.9075927734375,1240.4954871764826,1188.4036122186155,1236.162816017271,17908652,1249.5817810058593,1236.1180590820313,-3.5236730882516665,1.5958175804414536
2025-04-07,1161.062744140625,1166.590714623955,1110.415052053189,1127.6960086529814,22156106,1247.3955078125,1234.1668505859375,-3.237320012537581,1.6266054766913232
2025-04-08,1177.4971923828125,1191.8399338970503,1158.6724733291408,1167.3378163352843,19555040,1244.0289489746094,1232.8899487304689,1.4154659879601628,1.4580252638470141
2025-04-09,1180.6346435546875,1185.0670143686195,1163.3536863154889,1164.8477193030517,10223104,1241.3869995117188,1232.0134497070312,0.26645084100167526,1.4544104437370402
2025-04-11,1214.1009521484375,1217.786306450343,1190.3957018139645,1190.3957018139645,11224242,1239.9751342773438,1231.7056762695313,2.834603302253491,1.59551955270889
2025-04-15,1235.1668701171875,1246.0235343416643,1232.1788040875913,1246.0235343416643,13378535,1239.131005859375,1231.7973095703126,1.7351043116696552,1.6370378209191954
2025-04-16,1234.3701171875,1235.9637280756608,1224.111041920754,1229.1907298200806,8248464,1238.7027160644532,1231.5234033203126,-0.06450569141414064,1.6293904193027278
2025-04-17,1269.4300537109375,1275.1073305428426,1222.7165970526498,1235.266450081142,15398401,1240.4781311035156,1231.7106567382812,2.8403098904663304,1.7397095163088592
2025-04-21,1290.346435546875,1295.7249783909904,1261.9598099867933,1264.947875835223,10429964,1243.299365234375,1232.3261987304688,1.6476986482864886,1.7706526107280534
2025-04-22,1286.0635986328125,1298.713151385602,1281.1831879455033,1294.8286411452225,13051707,1245.4931030273438,1233.22859375,-0.3319137245686554,1.7719829835826957
2025-04-23,1294.82861328125,1300.804745342548,1280.286716249035,1291.840547250601,10480888,1247.0294677734375,1233.52341796875,0.6815381959146771,1.7375294671003432
2025-04-24,1296.4222412109375,1299.3107293954529,1285.167265298474,1287.2588872304611,10468940,1248.2869506835937,1233.9895581054689,0.12307636032609093,1.7345431365375772
2025-04-25,1295.22705078125,1319.928323767296,1282.9759313802824,1298.3146947064158,14431012,1248.202294921875,1234.36505859375,-0.092191447484824,1.675739136287062
2025-04-28,1363.35498046875,1369.1318351951852,1314.9482133535364,1334.669497851195,31104496,1252.35322265625,1236.3989379882812,5.259921775599641,2.0151826557868646
2025-04-29,1394.1319580078125,1405.2874774645995,1364.5501529607263,1365.5461749701867,32538970,1258.6605285644532,1239.3083178710938,2.2574441711784132,2.0346176366245596
2025-04-30,1399.410888671875,1406.781475676485,1363.5540972183608,1396.4228227174156,25480745,1264.9753112792969,1242.6977807617188,0.37865358682445116,2.03468635186075
2025-05-02,1414.152099609375,1421.024554216323,1403.4945911426703,1408.3751233126775,13007841,1272.1815368652344,1246.746611328125,1.05338689707426,2.0306407100434876
2025-05-05,1425.6063232421875,1433.773654928142,1421.2238021682567,1425.3074680112338,12685649,1281.0809997558595,1251.0334912109374,0.8099711223408246,1.955858169822181
2025-05-06,1415.2476806640625,1426.3035005201457,1404.9886054552055,1425.3074785225756,14084117,1289.534735107422,1255.0902905273438,-0.7266131195719505,1.9737438632868287
2025-05-07,1400.4068603515625,1418.733688530858,1397.1199392858432,1415.2476117092149,13440169,1297.3684448242188,1258.697880859375,-1.0486376706539735,2.00213623372112
2025-05-08,1401.4029541015625,1415.1481063364454,1392.438756100913,1398.51446598441,16106175,1307.443212890625,1262.3154321289062,0.07112888248419491,1.7575569604224668
2025-05-09,1371.721435546875,1389.251519832932,1369.032224808638,1379.988466695066,13668904,1317.9761474609375,1265.2985180664064,-2.1179860130747574,1.6360626428251728
2025-05-12,1430.7855224609375,1433.275577320772,1394.430721507353,1394.430721507353,10674081,1330.6405639648438,1269.3523266601562,4.305836840007893,1.8073637837916465
2025-05-13,1410.0682373046875,1441.9409399606418,1406.7814377941193,1427.7974767909468,11407896,1342.1122436523438,1273.0884033203124,-1.4479658083635383,1.8827776644583951
2025-05-14,1418.7337646484375,1424.2118856620737,1409.8691445094285,1414.3512435205853,5570160,1352.3438842773437,1277.2687084960937,0.6145466662176524,1.8278839077875377
2025-05-15,1448.4151611328125,1455.5865925696291,1407.0802476372012,1419.3313670179805,20177211,1363.006298828125,1282.252802734375,2.0921047503038803,1.8392304151034402
2025-05-16,1450.6064453125,1455.1881221330052,1441.542669553187,1447.419102005185,9036695,1373.818115234375,1287.2189697265626,0.15128840393894283,1.8344242046613781
2025-05-19,1435.0684814453125,1448.81351147394,1432.4787270944578,1446.3234565863577,6195791,1382.1000366210938,1292.0138208007813,-1.0711357251580567,1.8167997540969156
2025-05-20,1418.932861328125,1439.2517336495314,1416.1440727881434,1432.4787356808251,11270560,1388.5293579101562,1297.0606640625,-1.1243797996968508,1.8406977654869063
2025-05-21,1423.5145263671875,1430.486680037078,1412.458707007589,1418.235682967954,6136364,1395.401904296875,1302.3853955078125,0.32289512519809715,1.8310716880508524
2025-05-22,1403.79345703125,1418.1361984129633,1391.3431818014155,1415.5464438973825,12134466,1400.850146484375,1307.0427954101563,-1.38537886130784,1.8794401728738814
2025-05-23,1421.124267578125,1428.0964217220903,1401.004549811851,1401.004549811851,6474883,1407.0852478027343,1311.3695166015625,1.2345698336225563,1.8865774533841932
2025-05-26,1429.0924072265625,1435.2676949623965,1419.430920923106,1426.3034970063509,4842944,1413.778515625,1315.0547973632813,0.5606926734152973,1.8818551009537139
2025-05-27,1416.44287109375,1431.2836233071982,1408.275539274527,1420.426959119657,12640414,1416.43291015625,1318.7141821289063,-0.8851447302390625,1.5351468262156904
2025-05-28,1407.279541015625,1416.9409060075968,1405.0882196135674,1414.4508509493858,5944611,1417.0902893066407,1322.0130078125,-0.646925496617401,1.4663314065608148
2025-05-29,1412.1600341796875,1414.3512339364067,1402.996558868143,1406.4826358531975,13771917,1417.7277465820312,1325.2152197265625,0.3468033906426582,1.4659809941256128
2025-05-30,1415.2476806640625,1424.9090454066045,1404.0921613404494,1412.3591925541664,13788484,1417.7825256347655,1328.661455078125,0.21864706617111818,1.4478445998017622
2025-06-02,1408.0762939453125,1411.8612262898896,1390.0483195350275,1406.4826830156508,8098668,1416.906024169922,1332.1445458984374,-0.5067230857700444,1.4396449824306763
2025-06-03,1399.908935546875,1420.825397764224,1397.8173136420835,1416.6421539546416,11252626,1416.1390869140625,1335.4642895507814,-0.5800366381819577,1.4364000371314645
2025-06-04,1417.8372802734375,1420.0284799827916,1400.506473605418,1409.0722382665938,8126827,1417.0106079101563,1338.9772583007812,1.280679355015235,1.4451284642870343
2025-06-05,1436.662109375,1448.913106617055,1417.9368477633757,1422.3193687346825,13716817,1418.7735656738282,1342.4284741210938,1.3277143550585846,1.4721665270438453
2025-06-06,1437.7576904296875,1445.7258660607492,1431.28354772945,1435.2676355449807,8182161,1422.0753784179688,1345.7581762695313,0.07625878399228903,1.3739522749871804
2025-06-09,1443.0367431640625,1451.70208605586,1439.5506661134996,1451.204075048637,7885125,1422.687939453125,1348.6805078125,0.3671726306536005,0.9896800013223277
2025-06-10,1432.777587890625,1448.1163503747662,1430.2875329933524,1444.2318404180787,7913181,1423.8234069824218,1351.7293310546875,-0.7109420686643664,0.9437282716790016
2025-06-11,1443.13623046875,1462.7578142878924,1437.3592545136698,1440.048586734708,8195700,1425.0435302734375,1355.2323388671875,0.7229763129792621,0.9472406388747016
2025-06-12,1435.865234375,1451.2039968882907,1428.6939248911117,1447.7179200254843,8828114,1424.416033935547,1358.4873388671874,-0.5038329674107223,0.8288546407177863
2025-06-13,1422.2198486328125,1429.7895915718395,1408.673973649598,1418.335338487147,9757276,1422.9967041015625,1361.5311840820314,-0.9503249619472132,0.8517441561293277
2025-06-16,1432.0804443359375,1436.6621211041454,1418.7337255535565,1421.223780491138,8458093,1422.8473022460937,1365.2204516601562,0.6933242924857197,0.8365963054725388
2025-06-17,1425.506591796875,1442.2398094911548,1420.12817043809,1442.2398094911548,10366599,1423.1759887695312,1368.8071240234376,-0.45904212749101614,0.802357546143395
2025-06-18,1424.4110107421875,1437.0605628519918,1420.028489708749,1424.3114328610282,6681735,1423.2208129882813,1372.4206909179688,-0.0768555586478592,0.7995509514804264
2025-06-19,1427.598388671875,1434.1721095891817,1420.0285241646616,1424.4110453044384,10007230,1424.4110595703125,1376.9745068359375,0.2237681333301822,0.7300969079124566
2025-06-20,1460.367431640625,1465.148385952672,1422.4190171371763,1425.3075053013415,29010635,1426.3732177734375,1382.9606005859375,2.2953964664555127,0.8470501501089152
2025-06-23,1451.0048828125,1457.9770367383994,1436.2637087352834,1447.2199506188397,5989078,1427.4688415527344,1388.4307543945313,-0.6411091226272259,0.8581666346669536
2025-06-24,1445.0286865234375,1469.1323689599471,1437.359244595668,1459.1721495093714,16402744,1428.8981323242188,1393.7186352539063,-0.41186603572820335,0.8364135716118707
2025-06-25,1461.463134765625,1466.5428226679085,1454.690136506102,1458.1762135192969,7525851,1431.6073120117187,1398.66587890625,1.13730948011328,0.8472709081136841
2025-06-26,1489.3516845703125,1492.8377614283193,1459.2717484446844,1463.2558362824063,14657893,1435.46689453125,1403.7495751953124,1.9082622846425812,0.9301307595796712
2025-06-27,1509.3717041015625,1515.9454247275912,1490.9452978220222,1493.4353527246628,11117052,1440.173095703125,1409.2496069335937,1.3442103526425164,0.9603851890839249
2025-06-30,1494.630615234375,1518.734421010171,1490.0489382705405,1507.7781788170053,8409527,1444.5008117675782,1413.7536181640626,-0.9766374198701411,0.987224122350157
2025-07-01,1522.320068359375,1525.3081343971446,1494.132596769193,1494.630607775488,10368523,1450.6213684082031,1418.3930908203124,1.8525950721715922,1.0219089752382267
2025-07-02,1512.75830078125,1523.9136988316195,1502.6983810571346,1522.3200879079554,6361002,1455.3674194335938,1422.9269848632812,-0.6281049417176665,1.0269051910217388
2025-07-03,1511.76220703125,1525.806092605863,1506.9812529023668,1514.7502729656237,11283291,1459.1224243164063,1427.2656567382812,-0.06584619297647087,1.0026007065283504
2025-07-04,1521.2244873046875,1523.913698138102,1511.1645675851505,1517.9375659885409,6603501,1463.2957641601563,1431.7617016601562,0.6259106246622848,1.0048346277722393
2025-07-07,1535.367919921875,1538.65484117058,1518.933556847784,1520.5271677380254,7251074,1467.9123229980469,1436.5645190429686,0.9297400045306103,1.0150101083844862
2025-07-08,1531.4833984375,1538.7544076502809,1524.1128113419518,1529.8897875590692,7171261,1472.8476135253907,1439.9270874023437,-0.25300264737670997,0.9956177749311267
2025-07-09,1512.9573974609375,1544.8301010282516,1504.0927774643353,1530.586937987722,8870660,1476.338671875,1442.3035961914063,-1.2096769051145873,1.0486961296562094
2025-07-10,1511.16455078125,1518.6347158851345,1501.5031858807802,1513.654605815878,10047129,1480.1036376953125,1444.5386694335937,-0.11849948205391314,1.037760738261575
2025-07-11,1489.2520751953125,1508.9733598189127,1484.371664566644,1505.9852937598653,7234991,1483.4552490234375,1446.0406689453125,-1.4500390162414223,1.073847922956753
2025-07-14,1477.7977294921875,1494.0329360309418,1473.2160528053016,1486.263916129696,10311846,1485.74111328125,1447.0844970703124,-0.7691341105986238,1.0907270369613606
2025-07-15,1479.4910888671875,1490.5469086437597,1476.503022895967,1480.2878335086834,8132454,1488.4403381347656,1448.369365234375,0.1145866813303309,1.081011446718634
2025-07-16,1479.690185546875,1485.068728397248,1465.6463003598592,1467.1403332858122,10409983,1491.204296875,1449.9550317382811,0.013457105702463501,1.0800194164379058
2025-07-17,1470.52685546875,1483.674296790977,1468.0368005528198,1481.4830970988437,11854613,1493.3507202148437,1451.337509765625,-0.6192735592645882,1.095225814486643
2025-07-18,1470.12841796875,1478.8934598804974,1463.2558421043927,1478.8934598804974,10296318,1493.83876953125,1453.3056494140626,-0.027094880893763218,0.9724627053159004
2025-07-21,1422.9169921875,1470.128458883213,1417.4388712363768,1459.1722169809668,22442744,1492.434375,1453.1482788085937,-3.2113810742112725,1.208171324563112
2025-07-22,1407.179931640625,1426.2039275426996,1405.0881881707603,1421.721828538219,20396320,1490.5419372558595,1453.0905126953126,-1.1059717912765832,1.227693332348159
2025-07-23,1418.932861328125,1420.327316390472,1408.773485959778,1420.327316390472,8354596,1488.4154235839844,1453.0944946289062,0.8352115762336965,1.2131113938364975
2025-07-24,1397.3192138671875,1417.3392306864348,1390.4466381154343,1413.554298653669,14740507,1483.8138000488282,1452.0725756835936,-1.5232325679389147,1.1490653922122807
2025-07-25,1386.1636962890625,1395.4267490386208,1378.593953801798,1393.3351272649268,11854722,1477.6533996582032,1450.783720703125,-0.7983514051346452,1.0845853656111917
2025-07-28,1382.080078125,1402.199795115413,1379.490445288333,1386.7614543919697,7748361,1472.0258728027343,1449.7239526367186,-0.2945985510221405,1.0768317048509113
2025-07-29,1411.4627685546875,1414.550412474214,1377.498442270458,1377.498442270458,10750072,1466.4830078125,1449.57455078125,2.125975975975969,1.108015524744204
2025-07-30,1404.4906005859375,1417.6381639620697,1395.7256799199,1412.458776601272,7209849,1461.0696228027343,1449.194072265625,-0.4939675437482083,1.106785605809791
2025-07-31,1384.669677734375,1397.0203743336986,1376.7015020683227,1382.5780559389789,17065827,1454.7149963378906,1448.8115966796875,-1.4112535066659326,1.1283385076171544
2025-08-01,1388.15576171875,1400.3073026227253,1378.7932525308158,1381.3828853186424,10321171,1448.0615600585938,1448.1522265625,0.2517628601558686,1.1128707102001452
2025-08-04,1405.885009765625,1410.466686507784,1386.1637261382157,1389.550225151016,6312820,1441.5874145507812,1447.6880786132813,1.2771800208446038,1.1379827021170772
2025-08-05,1386.1636962890625,1405.38696851784,1382.5780415934858,1405.38696851784,9315972,1434.3214294433594,1447.0824951171876,-1.4027686005308682,1.1572699800273942
2025-08-06,1387.259521484375,1390.3471654369864,1377.797312271222,1386.3630773472378,5834312,1428.0365356445313,1446.6820947265626,0.07905453001302298,1.1510006815165077
2025-08-07,1383.8729248046875,1388.1557462486337,1360.5659868045632,1382.1796145349972,9976705,1421.6719543457032,1446.1163525390625,-0.24412135056487427,1.1495737952744927
2025-08-08,1362.35888671875,1391.6418351007062,1359.569976594415,1379.4904158119157,8793606,1415.327294921875,1445.0585766601562,-1.5546252622128498,1.1546717336511512
2025-08-11,1380.6856689453125,1382.4785572067017,1355.7851185633474,1364.5501609316866,9997486,1410.4716918945312,1444.5107641601562,1.345224258102995,1.217816754085483
2025-08-12,1374.9088134765625,1396.3232867936674,1369.7294260490362,1376.402846498686,12244664,1405.242578125,1444.01076171875,-0.41840482585460137,1.213348438883237
2025-08-13,1377.0999755859375,1386.2634508216695,1372.0202877666843,1382.4785186353236,7457021,1400.1130676269531,1443.196015625,0.1593678131886156,1.2161403459249267
2025-08-14,1373.800048828125,1380.699951171875,1370.0999755859375,1377.300048828125,7126128,1395.2767272949218,1441.9387744140624,-0.23962869917331098,1.2147038541240862
2025-08-18,1381.699951171875,1394.9000244140625,1377.0,1390.0,11785109,1390.8553039550782,1440.8176196289062,0.5750401851047249,1.2300391501724421
2025-08-19,1420.0999755859375,1421.0,1389.0999755859375,1390.0,14384719,1390.714453125,1440.3588842773438,2.7791869270527236,1.21368258943256
2025-08-20,1413.0,1424.9000244140625,1410.0,1413.0,8725641,1391.0054565429687,1439.9633325195311,-0.49996308062804085,1.1920676614872476
2025-08-21,1424.800048828125,1431.9000244140625,1420.300048828125,1425.0,11021323,1391.2988159179688,1439.5966088867187,0.835106074177272,1.1920638986561156
2025-08-22,1409.199951171875,1423.4000244140625,1407.9000244140625,1420.0,5818868,1391.8928527832031,1439.0633032226563,-1.0948973274587437,1.1663093017268793
2025-08-25,1412.5999755859375,1419.5,1405.699951171875,1414.699951171875,5979407,1393.214666748047,1438.8709057617189,0.24127338432242684,1.1496150551427584
2025-08-26,1384.9000244140625,1410.0,1381.5999755859375,1408.0,12145259,1393.3556640625,1437.9272973632812,-1.960919697764063,1.2368470405300804
2025-08-28,1385.9000244140625,1392.199951171875,1366.5,1389.9000244140625,13161813,1392.0775268554687,1437.135166015625,0.07220737832127622,1.1335125224695088
2025-08-29,1357.199951171875,1403.5,1350.0,1381.0999755859375,18758842,1389.7129943847656,1435.7909448242187,-2.070861731481788,1.2153278351573822
2025-09-01,1353.9000244140625,1363.199951171875,1340.5999755859375,1356.0,11232238,1388.17451171875,1434.3169775390625,-0.2431422691227758,1.1797869914279235
2025-09-02,1366.5,1384.5,1354.5,1354.800048828125,11517006,1387.0917236328125,1432.43962890625,0.9306429838784158,1.2002023500107626
2025-09-03,1372.5999755859375,1376.5,1360.5,1369.699951171875,7847563,1385.427471923828,1430.8715307617188,0.4463941153265649,1.1649164123074331
2025-09-04,1359.300048828125,1374.0,1357.0999755859375,1371.800048828125,13223177,1384.0842895507812,1429.1569580078126,-0.9689586911244885,1.1434845298076046
2025-09-05,1375.0,1381.0,1359.300048828125,1363.0,5777575,1383.4713134765625,1427.4276953125,1.1550026195769059,1.1767617287074101
2025-09-08,1378.5,1386.0,1372.4000244140625,1380.0,6986720,1383.2026672363281,1425.2106616210938,0.25454545454546285,1.1774428792124065
2025-09-09,1376.199951171875,1381.199951171875,1368.699951171875,1376.5999755859375,9754452,1383.8947204589845,1422.5472265625,-0.16685156533369216,1.121358894298689
2025-09-10,1377.0,1388.5,1374.0999755859375,1383.9000244140625,7790815,1383.7104370117188,1420.1946142578124,0.05813463570054633,1.0796656124914126
2025-09-11,1383.300048828125,1385.5,1375.0,1376.0,9766072,1384.1299987792968,1417.4142138671875,0.45751988584785686,1.0799002524388706
2025-09-12,1395.0,1396.300048828125,1380.5,1383.300048828125,7403368,1385.025,1415.0590478515626,0.8457999536533478,1.094833764534062
2025-09-15,1399.300048828125,1400.800048828125,1388.5999755859375,1393.0,5396697,1386.3,1412.8098046875,0.30824722782258895,1.0935248028009361
2025-09-16,1405.300048828125,1408.0,1398.199951171875,1404.699951171875,8686961,1387.4800048828124,1410.4913159179687,0.4287858065198158,1.0906497536131663
2025-09-17,1413.800048828125,1416.199951171875,1406.9000244140625,1407.0,7519417,1387.1650085449219,1408.0599584960937,0.6048530352708692,0.9002736013038553
2025-09-18,1415.0,1422.0,1410.699951171875,1420.4000244140625,9332642,1387.2650085449218,1405.7302905273436,0.08487417813216602,0.8932779879651628
2025-09-19,1407.4000244140625,1417.0,1403.5999755859375,1414.9000244140625,13461373,1386.3950073242188,1403.6191430664062,-0.5371007481227874,0.8792273445219144
2025-09-22,1390.5999755859375,1410.699951171875,1388.0,1403.9000244140625,7757970,1385.4650085449218,1401.2078515625,-1.1936939417859782,0.8856156106135362
2025-09-23,1389.800048828125,1395.0,1376.800048828125,1391.0,14014702,1384.3250122070312,1399.2188110351562,-0.05752385818038608,0.8827341090976226
2025-09-24,1383.0,1396.0,1380.4000244140625,1385.300048828125,5922759,1384.2300109863281,1397.3228564453125,-0.48928252908457814,0.7718563037402003
2025-09-25,1372.4000244140625,1384.5,1369.0,1381.300048828125,11411143,1383.5550109863282,1395.18103515625,-0.7664479816296144,0.7900632525060214
2025-09-26,1377.5999755859375,1382.699951171875,1366.0,1372.0,9879109,1384.5750122070312,1393.1392309570313,0.3788947157804978,0.6341166517369566
2025-09-29,1372.800048828125,1389.0,1368.0,1381.5999755859375,14231999,1385.5200134277343,1391.1846948242187,-0.3484267452727674,0.63733900944678
2025-09-30,1364.0,1377.0999755859375,1362.800048828125,1377.0999755859375,14604684,1385.3950134277343,1389.0621264648437,-0.641029175052632,0.6225229275384913
2025-10-01,1368.699951171875,1378.5999755859375,1362.699951171875,1367.0,12045916,1385.2000122070312,1387.9777856445312,0.34457120028408283,0.6190236379633105
2025-10-03,1363.4000244140625,1371.5999755859375,1356.9000244140625,1363.199951171875,12842347,1385.405010986328,1387.1021875,-0.3872234198061264,0.5844109641916169
2025-10-06,1375.0,1377.4000244140625,1359.0,1360.0,12396580,1385.405010986328,1386.2235302734375,0.8508123352075403,0.5565192855747693
2025-10-07,1384.800048828125,1395.9000244140625,1375.9000244140625,1376.0,11244040,1385.7200134277343,1385.9731469726562,0.7127308238636276,0.5765553788435707
2025-10-08,1367.4000244140625,1389.0,1364.5,1384.800048828125,8525081,1385.2800170898438,1385.5978735351562,-1.2565008521473686,0.6432086604364742
2025-10-09,1377.800048828125,1380.0,1369.0999755859375,1374.0,8826633,1385.32001953125,1385.5122729492186,0.760569272222944,0.6670174165467685
2025-10-10,1381.699951171875,1388.0,1375.0999755859375,1377.800048828125,6373084,1385.2400146484374,1384.9170166015624,0.2830528527754783,0.6619094045961094
2025-10-13,1375.0,1377.699951171875,1367.800048828125,1376.9000244140625,7600682,1384.2400146484374,1384.3272045898439,-0.484906376828953,0.6384900996736378
2025-10-14,1375.9000244140625,1388.0,1370.0999755859375,1380.0,9768174,1383.0700134277345,1384.1518115234376,0.06545632102272769,0.6332014493697422
2025-10-15,1374.300048828125,1384.0,1372.699951171875,1383.0,10882743,1381.5200134277343,1383.874697265625,-0.11628574442528183,0.6216677459355237
2025-10-16,1398.300048828125,1400.5,1375.0,1375.0999755859375,12315932,1380.7450134277344,1383.722998046875,1.7463435310553166,0.7331240797824414
2025-10-17,1416.800048828125,1423.300048828125,1399.0999755859375,1401.0,19335561,1380.8350158691405,1384.3357250976562,1.3230350678671732,0.7950060756400669
2025-10-20,1466.800048828125,1473.800048828125,1433.300048828125,1440.0,24721978,1383.8050170898437,1385.9265356445312,3.5290794944111026,1.106721962801902
2025-10-21,1465.199951171875,1474.0,1460.0,1468.0,2066169,1387.5350158691406,1387.553076171875,-0.10908764678105864,1.0597592935097802
2025-10-23,1448.4000244140625,1482.9000244140625,1444.5999755859375,1475.0,18707090,1390.4650146484375,1389.2738989257812,-1.1465961860274265,1.1043479564780307
2025-10-24,1451.5999755859375,1459.800048828125,1441.0,1450.0,9700837,1393.8950134277343,1390.6921850585939,0.22093006889927214,1.0919452502707907
2025-10-27,1484.0999755859375,1485.0,1458.0,1463.0,14113867,1399.4800109863281,1392.8760083007812,2.2389088279559433,1.1502370012680652
2025-10-28,1486.9000244140625,1492.0,1477.5999755859375,1484.0999755859375,17631577,1404.9450134277345,1395.0720092773438,0.18866982509178065,1.1511912638586026
2025-10-29,1504.199951171875,1508.300048828125,1488.0999755859375,1490.0,11884745,1411.5150085449218,1397.6800073242186,1.1634895738622308,1.14987912514907
2025-10-30,1488.5,1503.0999755859375,1484.0,1500.0,9318663,1417.740008544922,1399.8160083007813,-1.043740970716267,1.1735359297157373
2025-10-31,1486.4000244140625,1497.5,1482.300048828125,1490.4000244140625,8758053,1423.6250122070312,1401.1420092773437,-0.14107998561890822,1.180707755883979
2025-11-03,1484.699951171875,1495.0,1479.300048828125,1486.0,8452085,1429.690008544922,1402.5760083007813,-0.11437521624487745,1.1724386223391463
2025-11-04,1473.0999755859375,1492.800048828125,1470.0999755859375,1483.9000244140625,10007806,1434.5950073242188,1403.5420068359374,-0.7813010013761779,1.1983787020013323
2025-11-06,1496.0999755859375,1501.5999755859375,1476.199951171875,1484.0,16772678,1440.1600036621094,1405.2800073242188,1.561333268697629,1.2265185895419444
2025-11-07,1478.0,1498.4000244140625,1475.9000244140625,1494.5999755859375,7821765,1445.6900024414062,1406.5880078125,-1.209810566225611,1.2232511205334717
2025-11-10,1489.300048828125,1501.0,1475.5,1477.9000244140625,7068438,1451.2650024414063,1408.6760083007812,0.7645499883710993,1.2233137669083098
2025-11-11,1493.4000244140625,1498.800048828125,1480.199951171875,1497.0,7127506,1456.8500061035156,1410.8260083007813,0.2752954711284339,1.2233529871827085
2025-11-12,1511.5,1524.699951171875,1500.0,1505.0,12384459,1463.6750061035157,1413.9120092773437,1.2119978096986506,1.2178380117470313
2025-11-13,1510.9000244140625,1522.0999755859375,1506.800048828125,1515.0,7196443,1470.4250061035157,1417.0520092773438,-0.03969405133559256,1.2199530529769023
2025-11-14,1518.9000244140625,1520.9000244140625,1505.5,1505.5,7682823,1477.6550048828126,1420.100009765625,0.5294857284221965,1.2119693317191964
2025-11-17,1518.300048828125,1523.699951171875,1511.5,1520.9000244140625,5871416,1483.6550048828126,1423.0140112304687,-0.039500663394154145,1.1813607516278495
2025-11-18,1519.4000244140625,1527.800048828125,1510.5,1521.699951171875,11045042,1488.7850036621094,1426.2160107421876,0.07244783972617519,1.1639648791326556
2025-11-19,1518.9000244140625,1522.300048828125,1512.0,1517.4000244140625,5692366,1491.3900024414063,1429.0940112304688,-0.03290772620546667,0.8942452686570274
2025-11-20,1549.0999755859375,1550.9000244140625,1526.699951171875,1530.0,18171724,1495.5850036621093,1432.5060107421875,1.9882777461620593,0.9778242734444397
2025-11-21,1546.5999755859375,1557.800048828125,1540.0999755859375,1541.0,9615271,1500.4950012207032,1435.9140112304688,-0.16138403197988316,0.9254085045219856
2025-11-24,1535.9000244140625,1550.0,1531.800048828125,1550.0,18433951,1504.7100036621093,1439.09201171875,-0.6918370193185419,0.9532919060018635
2025-11-25,1539.699951171875,1559.5999755859375,1525.0999755859375,1535.9000244140625,15033482,1507.4900024414062,1442.220009765625,0.2474071682668333,0.8353891386840765
2025-11-26,1569.9000244140625,1571.5999755859375,1540.5,1542.300048828125,14054299,1511.6400024414063,1445.7180102539062,1.9614258751649682,0.9247980781791363
2025-11-27,1563.4000244140625,1575.5,1556.0,1575.0,9794643,1514.6000061035156,1449.000009765625,-0.4140391043325198,0.912309882366776
2025-11-28,1567.5,1581.300048828125,1563.0,1568.0,8959508,1518.5500061035157,1452.2440087890625,0.26224737891213934,0.8642941383266614
2025-12-01,1566.0999755859375,1577.5,1563.5999755859375,1575.0,8920233,1522.5350036621094,1455.2900073242188,-0.08931575209329967,0.8630988812789325
2025-12-02,1546.300048828125,1567.5,1542.0,1561.0999755859375,11389150,1525.615008544922,1457.9160083007812,-1.2642824255459595,0.9257302554097465
2025-12-03,1538.800048828125,1552.4000244140625,1533.0,1545.199951171875,6090883,1528.9000122070313,1460.5440087890624,-0.4850287630582373,0.9113327916279496
2025-12-04,1535.5999755859375,1560.5,1517.5999755859375,1536.0,11867930,1530.8750122070312,1463.4440087890625,-0.20795900316122884,0.8588772616736383
2025-12-05,1540.5999755859375,1545.800048828125,1520.5999755859375,1530.4000244140625,10183266,1534.0050109863282,1466.4600073242189,0.32560563164194534,0.7989844378173144
2025-12-08,1543.0,1551.0,1535.0,1539.199951171875,11301491,1536.690008544922,1469.6600073242187,0.15578504816928795,0.7882962666879886
2025-12-09,1529.4000244140625,1542.5,1520.0999755859375,1540.300048828125,11503971,1538.490008544922,1472.8000073242188,-0.8813982881359372,0.8226357821928274
2025-12-10,1536.9000244140625,1547.5,1531.4000244140625,1534.0,7991629,1539.760009765625,1475.9860083007814,0.49038837977484206,0.7873998155942735
2025-12-11,1545.0,1550.0,1524.0,1536.9000244140625,4706197,1541.4650085449218,1479.4300073242186,0.5270333435660968,0.7928064391109598
2025-12-12,1556.5,1559.800048828125,1546.0999755859375,1550.800048828125,5106655,1543.3450073242188,1483.2800073242188,0.7443365695792847,0.8001453547448985
2025-12-15,1556.199951171875,1558.5999755859375,1546.5,1551.199951171875,5774543,1545.2400024414062,1487.0300073242188,-0.0192771492531274,0.7999387935819042
2025-12-16,1542.300048828125,1551.699951171875,1538.800048828125,1545.0,11731856,1546.3850036621093,1490.6080078125,-0.8931951407197269,0.8318696030927776
2025-12-17,1544.4000244140625,1550.0,1539.300048828125,1550.0,7116649,1547.6600036621094,1493.9960083007813,0.1361586928259051,0.8315412007007588
2025-12-18,1544.4000244140625,1551.5,1535.199951171875,1535.199951171875,6580829,1547.4250061035157,1497.1880078125,0.0,0.7007891999990402
2025-12-19,1565.0999755859375,1574.199951171875,1551.0,1554.4000244140625,13937275,1548.3500061035156,1501.1420068359375,1.3403231575140895,0.7618299613373198
2025-12-22,1575.4000244140625,1577.5,1565.300048828125,1573.5,10184852,1550.3250061035155,1505.0940063476562,0.6581080434985509,0.7512333293399609
2025-12-23,1570.699951171875,1580.9000244140625,1568.0999755859375,1580.9000244140625,7506564,1551.8750061035157,1508.8740063476562,-0.29834157479688983,0.7566257845379164
2025-12-24,1558.199951171875,1575.699951171875,1553.5999755859375,1572.699951171875,8815745,1551.2900024414062,1512.5380053710937,-0.795823542916263,0.6426931251515787
2025-12-26,1559.199951171875,1561.0,1554.300048828125,1554.699951171875,2311495,1551.0799987792968,1516.20400390625,0.06417661605289116,0.6367342783039864
2025-12-29,1545.5999755859375,1558.0999755859375,1543.5999755859375,1554.9000244140625,5972105,1549.9849975585937,1519.6300024414063,-0.872240636982824,0.6611278998057518
2025-12-30,1539.800048828125,1553.5999755859375,1537.800048828125,1547.0,8815884,1548.6700012207032,1522.4600024414062,-0.3752540663449322,0.6646896036320921
