Date,Close,High,Low,Open,Volume
2020-01-01,1841.1494140625,1854.9943921477904,1829.5975545391166,1841.4890892482845,1354908
2020-01-02,1832.6978759765625,1851.6394346034203,1825.5205264223189,1851.6394346034203,2380752
2020-01-03,1869.22216796875,1888.2062407877997,1838.0919051123701,1838.0919051123701,4655761
2020-01-06,1869.0521240234375,1890.7117073905645,1858.3921699507205,1872.91691468686,3023209
2020-01-07,1873.6392822265625,1881.1137972699646,1854.9100686216645,1869.0949330238905,2429317
2020-01-08,1915.5992431640625,1919.6338718770785,1870.411443052674,1872.917118357946,5197454
2020-01-09,1880.85888671875,1912.7960310298683,1877.1639335839625,1910.0780070800613,3734173
2020-01-10,1880.178466796875,1897.548554209519,1875.464282763929,1892.4521838759213,1915807
2020-01-13,1860.473388671875,1884.7659738812758,1855.6741800031211,1883.8317633185686,2843893
2020-01-14,1874.5306396484375,1893.9819188803635,1864.422917259899,1864.422917259899,2948452
2020-01-15,1891.51904296875,1895.001647995885,1863.7438473792888,1879.7125266763305,2620681
2020-01-16,1901.6263427734375,1910.2901338313272,1881.4106920570875,1891.5609249710044,3117214
2020-01-17,1884.893310546875,1914.1549389795516,1879.7119159454812,1903.2826369881777,3281059
2020-01-20,1843.4857177734375,1904.5146637131754,1831.46664629897,1864.3382126609704,5817599
2020-01-21,1844.080322265625,1857.245953804403,1833.0381796847144,1843.1459041753758,1902980
2020-01-22,1874.5306396484375,1877.163848357347,1846.3307536271377,1852.5313815689474,1773686
2020-01-23,1865.2088623046875,1888.0243942421835,1859.036761365332,1881.2564078841476,2069866
2020-01-24,1858.781005859375,1865.2085445525686,1847.3733457554258,1865.2085445525686,1319430
2020-01-27,1846.7354736328125,1867.337482755451,1843.1173448957193,1864.1450162227216,1549101
2020-01-28,1859.0797119140625,1862.5276174017,1832.050161437464,1850.7792987755795,1743024
2020-01-29,1834.2635498046875,1861.8037681541525,1830.3473746102372,1860.1437272201713,2306761
2020-01-30,1820.0035400390625,1843.1169091342633,1809.0639408361708,1838.8602880970018,2098567
2020-01-31,1769.946044921875,1825.537570109877,1763.6037196762882,1821.3233480328813,3287223
2020-02-03,1789.9088134765625,1868.4008492457172,1781.991458250297,1832.0493539127526,4728073
2020-02-04,1794.3787841796875,1819.0245809705073,1776.3733584635934,1812.469425462486,3509339
2020-02-05,1827.4100341796875,1836.0508918196194,1791.441586117532,1800.550713643998,2439322
2020-02-06,1811.9163818359375,1850.9494811278364,1800.9767800865868,1826.0908500523417,2640065
2020-02-07,1818.8968505859375,1831.1984443127308,1803.9560685721415,1820.9825534100098,2083442
2020-02-10,1840.520751953125,1844.819981757914,1803.9564104037934,1822.6003316969623,2383032
2020-02-11,1833.2413330078125,1851.4597944393743,1828.30381923486,1841.4141279471985,1335820
2020-02-12,1848.0120849609375,1860.1434553217314,1830.3471070671499,1831.283646863712,1620407
2020-02-13,1866.0601806640625,1870.35940976988,1848.2249788850293,1849.8850196328256,1645948
2020-02-14,1859.46240234375,1883.1292582794824,1848.2249637092027,1862.6974760920018,1500115
2020-02-17,1875.6800537109375,1887.3857615237255,1864.5702312727813,1870.3166696536043,1774724
2020-02-18,1886.32177734375,1890.7912298230706,1861.0374877435904,1872.870812123131,2486223
2020-02-19,1869.80615234375,1898.453131026817,1864.8258222036961,1886.3217601222732,1760463
2020-02-20,1836.1363525390625,1885.172509135233,1831.4114609492167,1876.7444814236135,2317278
2020-02-24,1800.8487548828125,1854.9928500570545,1793.484675743761,1835.455000961397,3092877
2020-02-25,1835.5826416015625,1853.0347881855864,1797.1454360426605,1800.9763950489096,2674567
2020-02-26,1807.87255859375,1842.180765252635,1798.805829130253,1833.7527369248078,2686842
2020-02-27,1792.463134765625,1804.7647281043803,1776.0325358467978,1804.7647281043803,2349001
2020-02-28,1702.776123046875,1761.8154356585435,1694.1351616141587,1760.5384493558192,4298076
2020-03-02,1703.7552490234375,1748.5773872786488,1690.47450769598,1732.4448344429431,2667076
2020-03-03,1733.4664306640625,1753.7279897845094,1712.8644249739966,1719.675019109082,2757585
2020-03-04,1773.4786376953125,1783.056035516798,1723.9316078673942,1750.3226596421543,3237002
2020-03-05,1809.1063232421875,1828.431338775339,1774.2020350849118,1775.6066367150975,3937056
2020-03-06,1801.7855224609375,1807.9150167004432,1763.6037470288265,1786.0786285213057,2595027
2020-03-09,1679.1090087890625,1770.6688501706603,1647.3120755567804,1766.4974453645063,4940975
2020-03-11,1663.2320556640625,1691.8366320534906,1634.5424715599345,1645.6096862111215,6796449
2020-03-12,1506.7161865234375,1624.6672016335385,1496.925957756006,1620.9213541904119,8728786
2020-03-13,1537.74755859375,1549.4106632263783,1282.137365388409,1436.9507122457214,8029720
2020-03-16,1444.186279296875,1568.3518832497214,1426.6915268037478,1494.0738526819166,7844271
2020-03-17,1411.49560546875,1473.642275673345,1381.8269761622096,1472.790951423967,5713248
2020-03-18,1408.4307861328125,1458.7866336641725,1385.742975275671,1427.5004691171716,7258778
2020-03-19,1403.242919921875,1445.3483338842107,1326.406953752035,1337.512113141157,5135111
2020-03-20,1541.393310546875,1602.7506610316943,1395.2248932576601,1397.7975267424622,8547498
2020-03-23,1431.8419189453125,1500.7027797992453,1387.2925268687022,1389.2220018713012,7003490
2020-03-24,1460.5264892578125,1517.8533006073233,1400.2410874800578,1417.5635438886252,6350865
2020-03-25,1500.9600830078125,1552.1554444696912,1440.6746666901001,1457.825555579268,2765520
2020-03-26,1535.8189697265625,1571.0641252915073,1477.163021536476,1570.6781675361465,4556067
2020-03-27,1564.5899658203125,1586.4573509276943,1501.0459382679487,1560.7310155072453,4331250
2020-03-30,1525.142578125,1633.6219349609923,1512.3223323712095,1514.4232740898228,8513547
2020-03-31,1565.9617919921875,1590.7448458365106,1526.429016490021,1575.65208548601,3927593
2020-04-01,1465.3291015625,1573.379703930825,1459.5406764356255,1565.790456367289,4941878
2020-04-03,1418.5499267578125,1492.127279298979,1414.9482820938595,1492.127279298979,5735369
2020-04-07,1522.3126220703125,1531.4454899369334,1462.1130531895685,1466.4007747531741,5427577
2020-04-08,1462.4990234375,1548.7251528625702,1458.6829928124207,1509.2781113167905,6285615
2020-04-09,1514.552001953125,1525.3999591120478,1484.580763572668,1501.088492607335,5307397
2020-04-13,1508.6348876953125,1532.4317432494095,1497.2724251334464,1510.1355902978232,2990438
2020-04-15,1487.968017578125,1553.8702762961568,1481.6650878902162,1530.716580126181,4761399
2020-04-16,1471.58935546875,1513.4803854747017,1436.4300291918614,1466.3582500097993,6245533
2020-04-17,1548.896484375,1588.129136393499,1503.2751691459875,1543.5797515475058,9895823
2020-04-20,1559.5733642578125,1569.3064736362965,1545.7239993056962,1569.3064736362965,3244282
2020-04-21,1490.1123046875,1538.949424821158,1481.5796736269242,1513.5661271378813,5122541
2020-04-22,1517.4246826171875,1535.0043412742389,1474.2473468029607,1490.1119168105436,3829836
2020-04-23,1610.6826171875,1629.334206126048,1510.0068931991498,1526.4288878444029,5934366
2020-04-24,1559.4871826171875,1588.1290776474116,1550.2685816642263,1578.4817045571033,2987102
2020-04-27,1574.9658203125,1607.8955419477293,1565.01832749579,1571.278442678053,3374741
2020-04-28,1594.218017578125,1601.8929983693317,1571.535904551885,1599.320365074306,2678505
2020-04-29,1634.1793212890625,1640.0963979135165,1586.4998789976307,1607.0380231739177,4241510
2020-04-30,1727.480224609375,1742.5301702651993,1665.5226435061954,1697.9378627584128,5915544
2020-05-04,1655.44677734375,1685.9325269127596,1641.0400922111214,1685.9325269127596,3729348
2020-05-05,1657.4190673828125,1695.3654100198269,1652.4881867011666,1676.5851652701094,2905528
2020-05-06,1632.421630859375,1675.3845878361092,1623.8461861661856,1663.464803457153,3517431
2020-05-07,1622.1737060546875,1658.876539513057,1615.0560464484265,1637.909623120781,3166754
2020-05-08,1623.674560546875,1663.20733578484,1617.5430972540112,1662.8642970944757,2686530
2020-05-11,1659.6055908203125,1673.4120336562294,1637.0521329725575,1637.0521329725575,2449841
2020-05-12,1671.7828369140625,1677.7856478186013,1638.1242186278982,1657.976392769766,3256595
2020-05-13,1671.911376953125,1709.943448258849,1651.3303123803003,1709.943448258849,2656665
2020-05-14,1631.349365234375,1649.1434093182913,1621.701991935866,1637.909600013501,2263146
2020-05-15,1623.2457275390625,1644.2555641980364,1599.4916861406964,1643.0549811670965,3173682
2020-05-18,1668.4385986328125,1674.7415299241711,1605.4090763577722,1635.3374010680525,3727694
2020-05-19,1671.05419921875,1686.3184293174168,1631.9072697876968,1631.9072697876968,3198693
2020-05-20,1675.2987060546875,1683.2739107858047,1656.5184629025853,1672.2115671745078,2778505
2020-05-21,1707.542236328125,1713.3735796727667,1664.6222052113117,1668.781274295898,3400908
2020-05-22,1732.5396728515625,1742.5300852706775,1681.8588236895257,1695.4508804362295,3663418
2020-05-26,1666.2086181640625,1735.6697082676596,1650.7728203632632,1727.95180936726,4575317
2020-05-27,1719.6337890625,1723.6642057808476,1664.7080295880949,1679.9294423505874,3482160
2020-05-28,1718.7763671875,1727.0945064036514,1690.4774005979664,1705.227123129921,3475681
2020-05-29,1691.37744140625,1717.3610749884056,1682.844917684032,1699.6527646526306,7237735
2020-06-01,1753.8927001953125,1766.5414802113892,1698.8812054943344,1706.5133716605167,3747773
2020-06-02,1755.52197265625,1784.5498285565518,1749.4334285838615,1766.7128638423767,2443886
2020-06-03,1759.822265625,1774.9593907336337,1737.3315417477602,1764.7246998002104,3699799
2020-06-04,1798.869140625,1806.1366484770788,1760.338183462124,1760.338183462124,4048593
2020-06-05,1761.6282958984375,1804.4165335261428,1754.7908205241492,1798.9122010180326,3573289
2020-06-08,1781.840087890625,1801.8366039004993,1773.5405426557638,1787.4305117213426,2957841
2020-06-09,1782.09814453125,1802.2666315310605,1771.9493331481112,1774.4006029655602,2909439
2020-06-10,1813.6624755859375,1833.6589913215028,1783.345177535242,1786.3984509655056,5168397
2020-06-11,1778.3133544921875,1810.436866977743,1773.2821001116142,1806.1365418780333,2269513
2020-06-12,1754.102783203125,1762.445372733657,1729.5909276888867,1729.7628987146727,2842642
2020-06-15,1745.84619140625,1770.8740651614557,1720.9472434270783,1753.758748439288,2399022
2020-06-16,1759.5211181640625,1783.7318652878864,1746.7921134512794,1776.0343250994051,2146528
2020-06-17,1761.2413330078125,1770.7450942461157,1742.964949848317,1759.6931738507012,2703527
2020-06-18,1752.8988037109375,1771.0461578181796,1741.8039420092923,1758.8332743874846,1944389
2020-06-19,1758.4888916015625,1797.5358639012122,1747.652093515437,1756.25274358195,5681758
2020-06-22,1744.1689453125,1765.0685688515825,1736.6004355654366,1763.1334224123493,3196138
2020-06-23,1750.4906005859375,1757.9731252194392,1728.7309108077657,1743.3520180136024,4205944
2020-06-24,1756.4251708984375,1775.3896512173378,1747.308500457149,1749.3726780070558,2560937
2020-06-25,1733.977294921875,1771.7341752860927,1728.085869754166,1750.2325469452421,3043931
2020-06-26,1822.34912109375,1833.6588937884342,1737.2885520515113,1741.6319230401405,6300722
2020-06-29,1807.5557861328125,1829.874644110098,1798.6542380743408,1813.0172836678028,3076341
2020-06-30,1790.78466796875,1816.371607608447,1784.6783310492547,1806.1369157433103,3071725
2020-07-01,1799.2996826171875,1818.1350290079345,1788.5058209283027,1788.6777919957708,2503466
2020-07-02,1855.2894287109375,1862.0410240359379,1804.416659781708,1807.8569203341992,3758699
2020-07-03,1891.8421630859375,1896.443595482946,1857.9556812435528,1860.8798186698893,4185208
2020-07-06,1946.5,1952.262396269628,1896.4442349769424,1896.4442349769424,5190366
2020-07-07,1952.2615966796875,1980.471772657161,1919.794140648449,1956.6480124786099,5630055
2020-07-08,1908.3985595703125,1956.132177451983,1898.6799909380488,1952.3479746196724,2793358
2020-07-09,1895.8846435546875,1930.4161743558382,1884.4457353891564,1917.0851649094066,3443998
2020-07-10,1911.3656005859375,1935.0173888759766,1871.501502513637,1896.6584046039513,9610320
2020-07-13,1909.34423828125,1930.802817342249,1900.7435885592622,1909.34423828125,2963503
2020-07-14,1868.0185546875,1925.6859678965664,1862.041143589132,1900.7440772895989,2976738
2020-07-15,1921.2991943359375,1943.7469757009085,1875.8879285488017,1879.24209818871,5569321
2020-07-16,1926.3419189453125,2011.0328658236556,1913.7137856000968,1934.3153668702457,8582118
2020-07-17,1897.034423828125,1934.2294028720491,1887.8111246317935,1928.2817249135594,4509135
2020-07-20,1903.197265625,1919.57515848531,1888.4572883194262,1897.2495887127611,2952646
2020-07-21,1917.9805908203125,1929.703587835461,1897.3787993689534,1922.247420808323,2665286
2020-07-22,1888.5865478515625,1923.1094649164359,1882.768085777073,1923.1094649164359,2861534
2020-07-23,1871.5625,1888.58689213627,1864.4941868735057,1888.58689213627,2265766
2020-07-24,1859.6666259765625,1864.4938787738874,1831.8243753406698,1857.166926407,3665100
2020-07-27,1902.248779296875,1909.3170894119107,1864.9243895903696,1866.2173808473078,4248480
2020-07-28,1990.9915771484375,1999.8270198005737,1909.317607266496,1909.317607266496,8092319
2020-07-29,1961.9422607421875,2018.7907454073663,1936.0824305277463,1975.6910283832979,6090431
2020-07-30,1964.9166259765625,2032.5831998476572,1958.667165332417,1970.4333070556856,7098496
2020-07-31,1966.5538330078125,2012.5844577326327,1945.9091103403773,1985.3022101879722,4723290
2020-08-03,1943.064453125,1985.9057400885154,1922.8507279853316,1974.3548896888215,4012337
2020-08-04,1939.2291259765625,1956.4258754160412,1917.9810441812199,1948.0645702458773,2927928
2020-08-05,1947.6767578125,1982.5875383796194,1942.0737930301227,1948.107755103452,3800641
2020-08-06,1989.5697021484375,1999.3963558250293,1952.719435189386,1961.037598405666,4748047
2020-08-07,1978.5791015625,2006.7231369806102,1971.381363520041,1989.4832474876498,3165491
2020-08-10,1967.76123046875,2004.1373589370835,1961.94276716861,1998.1033969961977,2929353
2020-08-11,1965.2611083984375,1992.931215070563,1961.5547005349317,1967.9333754351624,2774423
2020-08-12,1945.8231201171875,1979.4838326827264,1936.5135386171892,1972.544946202677,3415751
2020-08-13,1943.323486328125,1982.5873784562584,1939.9186500938304,1959.3135266222068,2695682
2020-08-14,1932.7208251953125,1966.4680351123227,1924.919943565945,1962.7614167855165,2270405
2020-08-17,1942.41796875,1956.727159025977,1929.3588386299086,1950.6931986236941,2625630
2020-08-18,1956.5118408203125,1973.1052334564138,1938.0221025439423,1950.5210216724342,3493374
2020-08-19,1945.177001953125,1969.312849554681,1941.6427400894556,1962.201394457794,2843005
2020-08-20,1941.9442138671875,1962.373439537834,1930.910643198258,1945.5214065321336,2895164
2020-08-21,1938.281005859375,1957.5895993666197,1931.7729049960337,1948.1076594313345,1975294
2020-08-24,1937.849609375,1948.0641162959087,1922.2474272437946,1940.004595279982,2167966
2020-08-25,1933.151611328125,1939.4873541976426,1925.3075887420782,1935.1773822994257,1663419
2020-08-26,1942.5045166015625,1948.0211969692318,1910.5675797526867,1932.5915803065022,2618149
2020-08-27,1938.108642578125,1971.6835017864764,1932.3764624658206,1953.279832250496,3579393
2020-08-28,1929.617919921875,1965.3044097045517,1926.644080847966,1955.3483306763478,2941136
2020-08-31,1945.7373046875,1962.072060216185,1920.5239627173553,1930.8678978845942,6018154
2020-09-01,1936.3411865234375,1963.623224849338,1931.9880727545483,1955.8652753218382,3610908
2020-09-02,1952.546630859375,1955.6498950372566,1932.2897614231763,1936.9015158782217,2084137
2020-09-03,1982.15576171875,2003.2746206716133,1955.0029430650684,1955.0029430650684,4654146
2020-09-04,1972.9334716796875,2003.4911410891289,1950.6508249546857,1961.0379029698906,5231303
2020-09-07,2005.9039306640625,2020.0836951824547,1968.234820852851,1973.1050045968163,4620401
2020-09-08,2024.1356201171875,2060.55489093238,2005.904519024361,2013.5761865672202,7453998
2020-09-09,2006.42138671875,2033.4449981088842,1999.827213061726,2004.1371855036693,3866535
2020-09-10,2009.4381103515625,2024.3937969909064,2003.533575130218,2012.756872886424,2308813
2020-09-11,2046.4610595703125,2054.1327258149004,2008.5762360296649,2009.265873662943,4145424
2020-09-14,2147.57275390625,2159.9424576673623,2053.141436187524,2055.0809235784254,7512131
2020-09-15,2147.57275390625,2187.7417769369513,2124.471472452903,2147.57275390625,7318770
2020-09-16,2157.57177734375,2161.537035384561,2135.4185654669823,2145.4607150897095,3074003
2020-09-17,2121.325439453125,2151.3228917939005,2112.403922155768,2137.746477671591,4828176
2020-09-18,2111.800048828125,2155.330767109225,2100.163124139118,2142.0561371986855,4183256
2020-09-21,2125.074462890625,2159.2093088621186,2113.7391122543,2124.815822526515,4598809
2020-09-22,2174.768798828125,2202.3957623197903,2118.7823028501152,2142.0561523932206,7499613
2020-09-23,2126.927978515625,2172.0966100345754,2076.5444493861733,2163.6058812616416,7502280
2020-09-24,2010.3863525390625,2111.8861887536514,1984.8283038624666,2111.8861887536514,8424708
2020-09-25,2088.00927734375,2103.266537596577,2027.4973067532917,2041.2029348478256,8228267
2020-09-28,2091.45654296875,2106.7137980252814,2039.4782512797938,2103.2658212691026,4347166
2020-09-29,2144.987060546875,2164.5113625220984,2091.4573275938187,2098.827422764655,6995811
2020-09-30,2148.348876953125,2159.2961647206175,2120.5064132585703,2145.5042530896676,3917166
2020-10-01,2175.199462890625,2189.4655105707197,2148.3484247649217,2163.6056817057115,2610337
2020-10-05,2332.384765625,2351.6072851093713,2243.8148305435952,2258.425595263069,17412105
2020-10-06,2339.71142578125,2358.4166620419396,2284.3714277746603,2358.4166620419396,9846367
2020-10-07,2358.373046875,2387.7239921898554,2329.970379382375,2363.588154001655,9656101
2020-10-08,2435.738037109375,2486.8543576773836,2413.5848185430414,2413.5848185430414,19839329
2020-10-09,2424.74755859375,2439.3153929452974,2396.344879894649,2422.2047167280443,7739245
2020-10-12,2439.4443359375,2460.1322030973943,2414.230997836379,2426.9454161950644,4623203
2020-10-13,2436.470703125,2460.908122005074,2424.1009973273153,2452.3744602592483,4209878
2020-10-14,2432.18505859375,2460.2326652428605,2413.0970042668137,2460.2326652428605,4395936
2020-10-15,2372.454345703125,2447.8973717468925,2360.681153833888,2433.397404997088,6629355
2020-10-16,2392.104736328125,2399.3329503437703,2364.403310420735,2380.677940410348,5273773
2020-10-19,2347.306884765625,2401.3679191184196,2343.0218617139512,2401.3679191184196,3331194
2020-10-20,2371.069091796875,2389.161502336794,2352.846704006739,2358.949717103499,3406273
2020-10-21,2316.01220703125,2379.725569830299,2305.321314999678,2371.0688744144013,4570143
2020-10-22,2312.33349609375,2325.7513762202097,2283.723282061506,2303.5470333231883,5262294
2020-10-23,2325.880615234375,2339.038748009679,2311.4239783428557,2326.7462846451854,3499091
2020-10-26,2327.09326171875,2345.9215778268276,2311.770950189481,2328.6081837044576,2672752
2020-10-27,2276.8408203125,2353.0197453269852,2271.6036882938483,2337.0915091801853,3537502
2020-10-28,2269.958740234375,2299.175088685862,2255.934935246684,2294.0243969315857,3569445
2020-10-29,2279.0048828125,2298.352682018381,2250.957273603878,2257.6662126945153,3105968
2020-10-30,2306.880126953125,2315.103989610664,2269.4399101174863,2281.9921215421514,3427003
2020-11-02,2254.722900390625,2306.8794886019123,2250.7840618334503,2302.680906921554,2571196
2020-11-03,2279.827880859375,2307.009825788391,2251.6502889357816,2254.203972365092,2879269
2020-11-04,2296.751220703125,2356.222891454612,2259.397661903571,2259.397661903571,4893928
2020-11-05,2324.9287109375,2345.964523658515,2308.740732323712,2324.322784510374,2816502
2020-11-06,2343.75732421875,2348.7782506132935,2321.12014670814,2336.442457718706,3884421
2020-11-09,2360.334716796875,2375.3972826664103,2333.066125541776,2364.2302298333175,3646592
2020-11-10,2293.677978515625,2348.691105847415,2283.9391966967664,2334.8837196710297,4760020
2020-11-11,2326.746826171875,2331.075174233306,2288.3109685792956,2309.563199829946,3242441
2020-11-12,2312.24658203125,2348.5613756294088,2304.195813336373,2325.188298909175,2437505
2020-11-13,2299.95458984375,2306.923061740111,2281.905292352151,2299.0022686510715,2548093
2020-11-14,2311.64111328125,2327.7857682665012,2302.724673313024,2318.220076038625,298819
2020-11-17,2307.91845703125,2332.9795494398836,2294.067743565188,2332.9795494398836,2827273
2020-11-18,2273.810546875,2306.3164765707984,2256.843552681649,2303.5463766356675,2893762
2020-11-19,2282.68408203125,2316.6616138063814,2277.4469500311766,2282.7707335292334,4167501
2020-11-20,2302.89794921875,2316.5322477621935,2274.5905907023457,2298.3531830376023,2711471
2020-11-23,2358.301025390625,2363.278626894157,2307.0100881585818,2328.6518338261103,3706418
2020-11-24,2356.39599609375,2374.5317320920717,2341.63628702481,2367.086888933539,3120516
2020-11-25,2338.432861328125,2365.831214106654,2327.092507316259,2362.4118621450084,3302249
2020-11-26,2355.140869140625,2364.100422963058,2319.9945977853795,2325.188615541615,2341099
2020-11-27,2319.691650390625,2352.6304236558776,2310.5156786810176,2341.6364610983064,6086808
2020-12-01,2360.5078125,2368.385278735733,2271.9064479696062,2319.12876501716,3605017
2020-12-02,2380.201171875,2384.6592844301285,2339.428061494771,2353.754931315555,2509032
2020-12-03,2345.48828125,2401.280640557241,2338.0003243041824,2401.280640557241,2852548
2020-12-04,2361.156982421875,2370.9390904362444,2336.4420749289857,2346.6570177108483,2686527
2020-12-07,2369.944091796875,2375.3978536278073,2342.632168229754,2350.29343024763,1996400
2020-12-08,2421.5380859375,2428.679861528343,2365.3993169065684,2371.935165928432,4277818
2020-12-09,2433.224365234375,2458.501877480286,2417.9451686605585,2436.860135601058,3659996
2020-12-10,2410.2841796875,2447.5079766594476,2406.7781751455327,2439.4572062081147,2127801
2020-12-11,2409.677978515625,2430.540489028881,2393.186930397962,2417.555445053574,1795408
2020-12-14,2421.884033203125,2427.3377944825806,2386.0020670622725,2425.606455114191,2483658
2020-12-15,2390.590087890625,2419.2869525341393,2384.919909357971,2411.755668773614,2365509
2020-12-16,2436.167724609375,2441.0155596607315,2389.6379763790737,2405.696192223398,2565149
2020-12-17,2456.943603515625,2470.361483337224,2428.2034128764526,2433.3974308719103,2863460
2020-12-18,2476.680908203125,2508.710685764647,2463.8689549094893,2482.7405958498994,6076692
2020-12-21,2441.318603515625,2498.755879320951,2410.8903945639527,2476.6812994066313,2705195
2020-12-22,2486.635986328125,2496.288118064248,2440.0195926991205,2453.30770591955,2881737
2020-12-23,2518.01611328125,2526.8892254982275,2480.5325823297817,2489.7087634043987,2790988
2020-12-24,2518.5361328125,2528.9241688271745,2495.898744190108,2518.233063890685,1807144
2020-12-28,2535.89208984375,2553.465222554479,2512.1728306328737,2519.098186471972,2108994
2020-12-29,2536.844970703125,2555.4568686284338,2527.7554391582066,2527.7554391582066,1994151
2020-12-30,2518.492919921875,2551.734552120445,2512.1734887940606,2540.2211027525323,2637968
2020-12-31,2478.19580078125,2514.770343644933,2462.830164430235,2510.441995377041,4040956
2021-01-01,2534.896728515625,2545.0683452013786,2492.262505385976,2493.1281748911465,2681440
2021-01-04,2631.1591796875,2640.941287530261,2545.890731987187,2553.7250834103975,5113293
2021-01-05,2677.516357421875,2695.9118383773275,2631.2896804059933,2631.2896804059933,5801309
2021-01-06,2641.59033203125,2695.2618380400777,2629.2112166021334,2683.5753004413814,3726716
2021-01-07,2625.402587890625,2666.9980509975235,2597.2250024733644,2661.9337997185553,3717827
2021-01-08,2701.66796875,2707.814306989968,2648.9487785771425,2674.918864641624,5879039
2021-01-11,2749.756103515625,2796.112751935151,2723.8726675326607,2796.112751935151,9508039
2021-01-12,2748.37158203125,2778.7997880067237,2726.859605053327,2749.756526769587,3611458
2021-01-13,2734.60693359375,2750.2323121024488,2706.2995800158265,2748.500972906917,3572801
2021-01-14,2819.38720703125,2833.090857385207,2706.3757644928123,2736.385016087656,6931542
2021-01-15,2804.339111328125,2839.5954577091984,2784.0871775340647,2805.7700994774764,4131692
2021-01-18,2794.278564453125,2824.6346596671733,2764.4861405941256,2818.7802698758924,4160906
2021-01-19,2828.060791015625,2843.9327361008795,2803.1688328996775,2804.036149989065,2975735
2021-01-20,2869.7783203125,2886.387354938711,2833.6112464291687,2836.1263808447598,3453446
2021-01-21,2839.46533203125,2870.081447200783,2829.274359122853,2866.482167000132,2778546
2021-01-22,2864.834716796875,2883.828873399442,2811.7547497893943,2811.7547497893943,3052459
2021-01-25,2854.599853515625,2896.6647187182984,2843.6281688422373,2869.9079104832576,2272887
2021-01-27,2828.364013671875,2867.7401189418397,2798.831828845749,2862.145966901448,2786662
2021-01-28,2772.421875,2840.462843356283,2761.3635845411322,2801.433582913219,3083938
2021-01-29,2698.526611328125,2790.0285473235554,2688.68247948657,2784.1307498578026,5445659
2021-02-01,2722.8115234375,2745.0581182753135,2640.1995848069396,2688.682517110102,3985846
2021-02-02,2778.40625,2796.229654445879,2732.048204560955,2752.863809929039,2881837
2021-02-03,2775.457763671875,2806.637766972181,2743.0199813438967,2786.6894762922184,2505866
2021-02-04,2765.39697265625,2808.2425614623266,2754.5989178623313,2789.3350076489455,2057261
2021-02-05,2738.943359375,2780.4879658934738,2713.834577493573,2774.5033522408476,2366135
2021-02-08,2787.643310546875,2797.9642968748694,2736.5148103056554,2766.307230279726,2526592
2021-02-09,2755.37939453125,2815.1376650902857,2744.191089516285,2771.0779175109137,2658751
2021-02-10,2786.94970703125,2792.2402135852535,2738.3799559273443,2762.4045940346355,2127983
2021-02-11,2780.61865234375,2792.154012246609,2762.4484012538537,2788.4245063272474,1165882
2021-02-12,2767.435546875,2814.8777516414725,2759.803113764648,2761.711169105399,2777404
2021-02-15,2723.2451171875,2783.2199975335957,2716.0463443987987,2783.2199975335957,2630853
2021-02-16,2696.31494140625,2747.356416200862,2688.682509996156,2732.048356931578,3435770
2021-02-17,2665.35205078125,2717.174243346874,2641.4574242446233,2693.1061957536344,3678426
2021-02-18,2651.691162109375,2686.8606897331606,2628.83727922257,2658.3260510779205,4189909
2021-02-19,2664.267333984375,2677.537112309935,2615.95761633869,2652.2549109868482,3725028
2021-02-22,2565.913330078125,2685.2127975919084,2552.6433407638283,2685.2127975919084,5366696
2021-02-23,2584.778076171875,2626.235871043088,2574.1968511413097,2575.9314851380354,3832829
2021-02-24,2556.93701171875,2604.85626995892,2533.5626521024114,2577.6658007201077,3774549
2021-02-25,2597.875244140625,2627.8842921270866,2574.5876926877345,2579.401345483553,4224073
2021-02-26,2510.275390625,2577.969518222327,2497.8727163851563,2567.2580696180776,5553153
2021-03-01,2536.208740234375,2571.5953219209014,2516.780920983558,2537.7699534369503,3265871
2021-03-02,2607.457763671875,2623.6331361595453,2556.8497472391205,2567.257548109836,3306469
2021-03-03,2653.20947265625,2657.459241182454,2599.26218680881,2632.307048625571,3509857
2021-03-04,2645.05615234375,2672.5934623026014,2615.871025070524,2621.8988348222974,3916760
2021-03-05,2608.93310546875,2656.765556276552,2599.0023675543516,2615.9150500997966,3203686
2021-03-08,2607.97900390625,2630.5726557786415,2598.4819244025093,2615.828265686905,2003125
2021-03-09,2646.140869140625,2659.974533518005,2595.0993886106608,2607.978919549329,1942397
2021-03-10,2663.4873046875,2682.785109429216,2653.990225152841,2666.999981158492,3053778
2021-03-12,2652.2119140625,2703.42702403116,2637.8145792568857,2666.999710906582,2938317
2021-03-15,2659.323486328125,2687.8149296716683,2637.510552156032,2637.510552156032,3097083
2021-03-16,2697.399169921875,2724.242587644878,2653.989913464924,2653.989913464924,4894756
2021-03-17,2699.914306640625,2736.3850274060687,2675.933077232486,2693.0191791112024,3838390
2021-03-18,2633.6083984375,2728.9698721124687,2590.7196097964415,2711.1898713984992,3656306
2021-03-19,2645.489990234375,2687.8150976910692,2606.287308345164,2627.9702310435428,5776626
2021-03-22,2714.3984375,2722.8981860522467,2618.1262549990556,2644.189171980529,2821646
2021-03-23,2725.630615234375,2748.52770039675,2708.5011036904066,2723.375506230923,3305973
2021-03-24,2706.9833984375,2734.0436487376264,2698.3534241722164,2698.396832375288,2207104
2021-03-25,2658.197021484375,2715.4399527298974,2645.317277255193,2699.2643610189275,3179786
2021-03-26,2659.88720703125,2704.2937848825622,2639.28843301234,2680.57258568188,3697370
2021-03-30,2739.4638671875,2765.3965580858217,2654.7702439160366,2673.93803231726,4694008
2021-03-31,2756.20263671875,2779.7502019364074,2716.4360787721776,2736.3843641526882,3530069
2021-04-01,2745.05810546875,2788.4239523165975,2727.711766729611,2767.695162222246,4285076
2021-04-05,2809.153076171875,2830.0555015349146,2732.915993054403,2750.262333854494,5317862
2021-04-06,2831.529541015625,2840.462947750376,2801.43368587289,2840.462947750376,2291562
2021-04-07,2837.3408203125,2842.6749470447644,2805.5971443641874,2826.5861739415063,2491268
2021-04-08,2877.194091796875,2892.5021519199554,2832.700688010083,2836.1265477595966,2578118
2021-04-09,2881.444091796875,2909.2850540175705,2869.0848237381483,2908.9814083487754,2911129
2021-04-12,2815.787841796875,2895.1907496618546,2786.8627372733504,2881.4436915230553,3791828
2021-04-13,2692.1953125,2787.55677204421,2665.3084861361635,2787.55677204421,8654596
2021-04-15,2791.85009765625,2807.7220415767556,2677.7979087714425,2740.9820387955283,6062760
2021-04-16,2771.20751953125,2816.1779856768385,2760.32286179011,2800.56628141377,3224657
2021-04-19,2742.283203125,2765.8741854997706,2719.1258792929543,2748.5278437907723,2679106
2021-04-20,2727.321533203125,2797.400784488991,2711.536407203048,2797.0971388602725,3141893
2021-04-22,2704.98828125,2730.313895106737,2693.236093640469,2730.313895106737,1988980
2021-04-23,2696.92236328125,2705.161875244965,2680.9204060801317,2693.0194365615953,1615309
2021-04-26,2689.376220703125,2734.650119436634,2678.3179304960786,2690.4603668018553,2490260
2021-04-27,2716.436767578125,2719.992851877007,2691.284575285735,2693.886526212534,1471417
2021-04-28,2709.584716796875,2732.915455888313,2699.0900979766516,2732.00473082585,1639037
2021-04-29,2701.90966796875,2738.4238035533263,2693.4533260178005,2728.232827356028,1621395
2021-04-30,2632.87060546875,2716.480086208157,2619.297179947084,2687.815218760269,3072305
2021-05-03,2634.04150390625,2649.6532085721415,2605.4200453521157,2623.546884404149,1545831
2021-05-04,2645.099853515625,2680.009360558499,2632.3069285744477,2656.418381999483,1990777
2021-05-05,2684.95263671875,2688.161666602572,2647.3977760717694,2662.6626367992335,1939289
2021-05-06,2698.61328125,2718.171320818496,2666.132303827714,2693.452787747875,1791671
2021-05-07,2717.21728515625,2740.5916471927385,2698.9170239049954,2717.3041015532767,1912540
2021-05-10,2728.1455078125,2744.364292675277,2710.365510066464,2728.5357580964887,2137153
2021-05-11,2708.283447265625,2713.053689529801,2681.0061652844815,2710.3649228274526,2415625
2021-05-12,2677.927978515625,2706.0289638256604,2663.1835899306775,2706.0289638256604,1978558
2021-05-14,2646.617919921875,2687.3818203761853,2636.643774066033,2687.3818203761853,2043935
2021-05-17,2662.446533203125,2667.1733688098307,2633.1745825571097,2649.6536066244958,2890462
2021-05-18,2678.968505859375,2709.4980186496305,2669.6014409102313,2688.682412872553,2098538
2021-05-19,2673.07080078125,2704.2942105243146,2660.1478631142904,2674.8054346558647,1986041
2021-05-20,2653.989501953125,2678.968269026844,2647.137783689476,2660.14753615003,2329027
2021-05-21,2671.76953125,2678.4478285826176,2649.7397681664884,2654.8568528343612,1685566
2021-05-24,2672.63720703125,2693.019155551527,2664.397695927308,2672.63720703125,1652260
2021-05-25,2714.036376953125,2726.4561002580645,2686.233713053899,2694.8620672893585,1841613
2021-05-26,2752.820556640625,2758.4856931352156,2705.1462966966087,2719.2655174034353,1923753
2021-05-27,2771.558837890625,2804.460204598289,2755.696499676918,2755.8271484711445,5959785
2021-05-28,2739.834228515625,2787.246974997099,2732.9051610248803,2779.8387200604275,1763701
2021-05-31,2753.38720703125,2763.1488440041617,2726.761233587742,2745.4125224364557,1652799
2021-06-01,2748.027587890625,2762.8004814630044,2729.7248351644266,2761.624003600477,1377441
2021-06-02,2727.50146484375,2753.6482462980025,2714.907474333229,2746.1529632842817,2240078
2021-06-03,2737.785888671875,2749.3776709242543,2721.5747991720896,2749.3776709242543,1281706
2021-06-04,2739.965087890625,2751.382602077848,2723.623347803802,2726.238026217694,1836060
2021-06-07,2774.3486328125,2780.6674402692815,2731.1194018814945,2741.055096769255,2559821
2021-06-08,2789.12109375,2816.0087898714464,2777.834440599766,2787.2473259080425,2574057
2021-06-09,2789.20849609375,2806.4217974914072,2776.9630416567725,2790.7337253315172,1710925
2021-06-10,2803.632568359375,2809.9077540375833,2782.88941024876,2797.70592135876,1874324
2021-06-11,2853.311279296875,2883.9901284053785,2798.577305019544,2799.056705258424,3452954
2021-06-14,2855.5341796875,2883.7290030941417,2850.304822455383,2857.843727351782,1847360
2021-06-15,2843.68115234375,2874.4036289723967,2833.919727148859,2874.4036289723967,1304985
2021-06-16,2853.79052734375,2871.5266329719457,2835.1826495566793,2843.1139249899015,1635552
2021-06-17,2891.6162109375,2907.5657905780254,2841.2836553858037,2846.0772321050126,2273413
2021-06-18,2873.79296875,2926.6965839193863,2854.3571507849883,2920.5084268151454,3380431
2021-06-21,2852.70166015625,2863.944693285063,2834.050158038341,2845.6419426584694,1130569
2021-06-22,2877.192138671875,2899.7220365455437,2863.0729175256247,2879.6325477944183,1708688
2021-06-23,2842.504150390625,2901.4216594077234,2838.146352764599,2901.4216594077234,1467104
2021-06-24,2940.29345703125,2948.4860318943056,2857.408056625918,2862.201634271623,4155204
2021-06-25,2946.568359375,2962.997128052771,2919.724284589916,2941.7311616603324,2722861
2021-06-28,2908.175537109375,2955.8934094872093,2904.9071896862356,2955.8934094872093,1355238
2021-06-29,2911.749755859375,2933.93090345511,2899.242791426443,2912.751964210784,1497322
2021-06-30,2916.020751953125,2947.6147898394884,2909.7019443758522,2916.238641869583,1693146
2021-07-01,2912.31591796875,2930.1828867906443,2904.3412340712302,2926.696648971738,990310
2021-07-02,2898.3271484375,2910.7468698200696,2871.962476730642,2903.164345637849,1682274
2021-07-05,2894.448974609375,2940.6416261162394,2877.8893448238955,2912.751723319642,1972858
2021-07-06,2843.28857421875,2900.5499903048712,2837.8849479232354,2887.476597920685,2159420
2021-07-07,2854.313720703125,2861.068306777802,2825.2473392645243,2854.3573412344163,2640710
2021-07-08,2839.97705078125,2874.4036561229286,2816.7934795391784,2874.4036561229286,2485811
2021-07-09,2796.093505859375,2860.4582596113323,2789.8619405898457,2832.568355800375,6365067
2021-07-12,2782.9765625,2820.3663777594174,2778.8366551160825,2819.4948183101715,1892226
2021-07-13,2778.1396484375,2801.1923556653715,2767.2015336768995,2801.1923556653715,1809339
2021-07-14,2801.671630859375,2808.164706572145,2775.9170051000256,2777.6601240985183,2044279
2021-07-15,2797.6533203125,2822.8964842713835,2789.835882951835,2819.184273093379,2232968
2021-07-16,2790.534912109375,2812.415165876921,2788.0891771991855,2806.4318691544436,1256526
2021-07-19,2781.625732421875,2794.9023053084866,2774.1138778064173,2777.607724000128,1597058
2021-07-20,2800.142822265625,2808.178625137528,2756.775332345759,2781.6254817571275,1811945
2021-07-22,2809.358154296875,2816.8697957122436,2786.342357051715,2786.342357051715,2859334
2021-07-23,2806.30126953125,2831.3695755402578,2800.8856368537395,2821.2810511135626,1776193
2021-07-26,2792.93701171875,2816.2583923696466,2787.0848620044726,2795.076949858996,1259611
2021-07-27,2780.184326171875,2803.8115031390935,2761.142822223809,2795.0768878645167,1121367
2021-07-28,2793.1552734375,2798.9637072093665,2736.030762446464,2784.5953079467704,1660654
2021-07-29,2791.408447265625,2817.3064967675937,2786.604408769665,2795.2953084901396,1731997
2021-07-30,2766.64599609375,2815.6035630835045,2762.1914697311636,2811.6729857502096,2999943
2021-08-02,2812.02197265625,2816.826011085384,2766.25267364857,2777.6076735719776,2608669
2021-08-03,2869.233642578125,2873.688381599337,2811.6288983685017,2820.407229235337,3804735
2021-08-04,2859.669677734375,2886.9653538326647,2848.5330418862727,2882.4233959794033,2929598
2021-08-05,2868.40380859375,2895.5248304241322,2849.668102340492,2860.586370931835,2534521
2021-08-06,2890.98291015625,2903.3860207844823,2851.851792377056,2858.446469339697,2292362
2021-08-09,2902.250732421875,2914.7412755930864,2891.1578130695584,2903.2988436623186,1510489
2021-08-10,2912.033203125,2926.0085870941607,2896.0490283082218,2896.0490283082218,2040777
2021-08-11,2921.02978515625,2934.8305189364487,2906.093722070834,2926.0959042967565,1929707
2021-08-12,2927.625,2941.818751398523,2905.1333631684943,2905.1333631684943,1310205
2021-08-13,3025.14599609375,3039.645540003071,2932.6465231495145,2935.485272576241,4363584
2021-08-16,3033.48828125,3052.1804865769095,3001.6506500469623,3022.1769967008554,2083489
2021-08-17,3103.45263671875,3110.2219638050665,3024.7973806340597,3041.480581719962,4336019
2021-08-18,3110.00341796875,3140.0941242989843,3089.084057481392,3121.6204986858806,2631309
2021-08-20,3109.0859375,3122.6245895666525,3057.114982792527,3062.3557513344567,2836148
2021-08-23,3177.12890625,3208.2242222354967,3111.182560271568,3126.9922993746472,3744176
2021-08-24,3155.9912109375,3203.289281535624,3139.5700912462094,3194.248869248207,2511141
2021-08-25,3195.995849609375,3229.8424850759952,3150.6195641945837,3153.1962331483587,2123263
2021-08-26,3207.2197265625,3220.976745326856,3186.3001528276395,3196.869122383676,1902533
2021-08-27,3249.40771484375,3257.574665170031,3189.095368849665,3202.109859904366,3944728
2021-08-30,3232.94287109375,3267.0515829812716,3220.976492013116,3244.9092501743835,2033114
2021-08-31,3307.318115234375,3322.7348380108765,3234.820813776714,3240.017866834133,3207480
2021-09-01,3244.86572265625,3333.740429346746,3237.9217464537523,3315.6598191363482,2643336
2021-09-02,3351.253173828125,3370.8186247495905,3251.0234737703217,3261.5050110312686,3403717
2021-09-03,3355.883056640625,3368.853832964031,3323.128247873257,3340.990494271571,1746812
2021-09-06,3364.57373046875,3386.934430383509,3331.3821931484454,3362.5647263498754,1723693
2021-09-07,3333.04150390625,3380.2521385252685,3326.3596090282194,3375.0550854815306,1585039
2021-09-08,3296.574462890625,3332.255448602548,3280.7212227919185,3327.8881413304607,4147175
2021-09-09,3311.6416015625,3326.752527047534,3288.582304962132,3310.1567597714966,1441148
2021-09-13,3358.765625,3364.9233586382898,3290.329823827149,3290.329823827149,1691473
2021-09-14,3394.18359375,3403.442369956585,3340.9898794004716,3362.7826988401503,1991188
2021-09-15,3454.147216796875,3476.3767693180266,3376.8021583375607,3390.864973783777,2461369
2021-09-16,3409.3818359375,3477.904838322591,3399.5991111633075,3432.703212056955,2946666
2021-09-17,3343.479736328125,3445.8056672309503,3323.5210554661003,3423.9691294157988,6477148
2021-09-20,3339.679931640625,3381.1693514792364,3326.010344929612,3327.01474032147,2002008
2021-09-21,3374.138427734375,3381.650282754764,3338.064421190229,3369.8148354860814,1568129
2021-09-22,3373.43994140625,3403.7492322938847,3364.967405761521,3373.7457382931784,1744067
2021-09-23,3379.64111328125,3388.157363421327,3349.725055096878,3380.296209445871,2003869
2021-09-24,3381.431396484375,3445.281301332481,3367.1939320211554,3397.7650831549404,2320754
2021-09-27,3351.428466796875,3409.994110133992,3321.687056460379,3406.500263709674,1673362
2021-09-28,3300.9423828125,3362.8272236426765,3276.5728890102832,3362.8272236426765,2253075
2021-09-29,3312.07861328125,3324.394505866805,3251.154672980617,3284.0406267687767,2489161
2021-09-30,3297.79736328125,3323.5207598903125,3275.5678124118886,3323.5207598903125,2252412
2021-10-01,3258.1865234375,3327.888804029662,3253.6445656195515,3303.2135130286547,1578374
2021-10-04,3295.83251953125,3304.8727186534416,3238.3149909855993,3253.4696342242864,1356860
2021-10-05,3348.240478515625,3354.092628733975,3268.1440904216533,3278.974929236287,1877966
2021-10-06,3328.674072265625,3369.3337444080453,3314.7861208527197,3350.598039417927,1678154
2021-10-07,3400.298583984375,3405.6267850537693,3336.667034248531,3345.3579345360185,1647233
2021-10-08,3437.63916015625,3485.0244533266145,3406.500338514711,3428.336879146216,2934339
2021-10-11,3219.230224609375,3282.032029644776,3196.8695218895223,3279.8483755997695,11845402
2021-10-12,3190.623779296875,3237.9216320544865,3171.189261812868,3237.0481705945313,5752877
2021-10-13,3192.6767578125,3210.3643549916846,3183.7674922532174,3188.134800198695,3545655
2021-10-14,3160.515625,3211.754973922932,3157.671427816008,3172.373782144585,6442299
2021-10-18,3191.7578125,3196.6148686071647,3151.764069415855,3153.5143445062477,3590107
2021-10-19,3180.381103515625,3229.345221312506,3172.5486650226335,3210.8797331869355,3135441
2021-10-20,3158.240478515625,3176.7495536756223,3131.5049815515713,3160.997076549958,2933693
2021-10-21,3091.42333984375,3157.014855306704,3072.826667240302,3154.083272760841,4871211
2021-10-22,3061.974853515625,3116.889730316667,3049.854113970201,3115.489424887781,2691670
2021-10-25,3056.811767578125,3075.7148247703158,3019.224651245397,3065.6069429891672,2595594
2021-10-26,3047.754150390625,3088.3604476916144,3041.1030194753075,3058.1682018867514,3878763
2021-10-27,3054.01123046875,3072.8266875803133,3048.104052073259,3048.104052073259,2510813
2021-10-28,2994.4140625,3078.7336438655566,2988.5944837410107,3078.7336438655566,2424942
2021-10-29,2973.49853515625,3028.8509837909737,2963.171869596629,2975.5113942015646,3960501
2021-11-01,3042.328125,3051.604668589135,2986.800689606296,3008.6791285838494,2020718
2021-11-02,3049.154052734375,3074.883223579942,3036.5083585161897,3057.7304430162308,3087414
2021-11-03,3056.198974609375,3080.396441340284,3033.2704145388475,3066.6568251407275,1537639
2021-11-04,3070.55078125,3074.5764987896123,3067.3566151732985,3074.3139148358823,328991
2021-11-08,3065.387939453125,3104.9879121203876,3046.5286832194915,3104.9879121203876,2526082
2021-11-09,3067.96923828125,3093.6108076502364,3059.4804479618747,3069.982097096755,1782692
2021-11-10,3049.24169921875,3080.221481918905,3045.6535499293364,3061.2310404939344,1516489
2021-11-11,3052.654296875,3071.7761349092793,3006.9721664145727,3045.4782127830945,1284514
2021-11-12,3085.778564453125,3092.867049870975,3050.466681553837,3068.232015188849,1747259
2021-11-15,3109.626220703125,3123.8910051396083,3087.4851985153273,3087.4851985153273,1809157
2021-11-16,3112.339111328125,3129.0981236798307,3099.7372160142086,3123.365929970274,2013204
2021-11-17,3082.14697265625,3117.9840276583277,3068.58234009972,3107.2635922507475,1632914
2021-11-18,3041.715087890625,3081.227670596647,3020.624404263083,3076.239216377488,2136598
2021-11-22,3026.57568359375,3076.939893428129,3010.735821786596,3044.078434976218,3167936
2021-11-23,3031.695068359375,3046.309821800846,2982.293599476673,3014.84867157337,2153461
2021-11-24,3013.36083984375,3056.898928205596,2996.4706442403963,3038.6522268164313,2161746
2021-11-25,3015.6357421875,3030.6006765003076,3005.265492669486,3013.8854674681816,1849619
2021-11-26,3016.467529296875,3054.2296238540935,2985.8813052616533,2997.345691031596,1941251
2021-11-29,3064.73095703125,3088.666048683145,2981.111541671626,3016.7295885894177,2981745
2021-11-30,3088.4912109375,3118.771051824377,3055.1048030638794,3055.1048030638794,5588446
2021-12-01,3131.067138671875,3141.7437739467196,3093.611209164806,3093.611209164806,2102118
2021-12-02,3188.038330078125,3192.501616814279,3127.8290406863075,3141.0434888119357,3152938
2021-12-03,3185.894287109375,3208.2102934852182,3177.4930952559694,3191.1451121389855,2486263
2021-12-06,3094.836669921875,3201.253492590383,3082.234773347001,3185.894784250808,1849642
2021-12-07,3136.9306640625,3148.7450214247106,3084.247424334192,3117.677637250009,1484458
2021-12-08,3174.036376953125,3191.1453592306834,3151.3703992829187,3151.3703992829187,1428660
2021-12-09,3152.026611328125,3180.906149934033,3120.7404445050583,3159.246495979602,1567957
2021-12-10,3182.7001953125,3187.2508677135506,3128.704252723142,3137.368028762515,1510718
2021-12-13,3158.93994140625,3204.753474268667,3151.9826411227077,3194.2518244349085,1883864
2021-12-14,3171.323486328125,3181.1249841256044,3130.104422391659,3154.870857709162,1747007
2021-12-15,3124.546875,3170.622773255807,3113.870027885459,3167.9973610781176,1603233
2021-12-16,3134.392578125,3157.889891975921,3124.2408975889543,3134.7425476648837,2072320
2021-12-17,3136.799560546875,3195.4337800931366,3127.47921685785,3152.683222618019,4333992
2021-12-20,3112.77685546875,3155.746197250036,3071.864172517713,3140.8688579951136,2312310
2021-12-21,3157.7587890625,3186.550728307967,3121.090398398311,3135.3113832465447,2340989
2021-12-22,3177.405517578125,3182.7001422501903,3155.9646485618987,3171.498339379777,1224328
2021-12-23,3205.365966796875,3212.1920817902765,3176.749014275631,3192.5014887265843,1792861
2021-12-24,3212.5419921875,3242.384264810748,3189.7010328479782,3224.881515742944,2209923
2021-12-27,3234.59619140625,3238.0091426074227,3196.9652743435154,3212.6301520302295,1534135
2021-12-28,3243.740966796875,3259.887211057231,3232.6267631978826,3246.7601484623697,1456218
2021-12-29,3233.37060546875,3255.4678282113414,3224.881814116782,3231.226561240893,1456923
2021-12-30,3267.544677734375,3273.0142871714934,3220.506036575159,3221.687557676224,1966475
2021-12-31,3271.570068359375,3290.51670809093,3265.400306800385,3275.464387157578,1207141
2022-01-03,3341.05615234375,3351.776586595917,3277.3898999482267,3281.765587398091,2346158
2022-01-04,3399.69091796875,3403.5414380892203,3335.7620711811446,3352.739869446205,2488606
2022-01-05,3378.86181640625,3386.7818528762077,3336.3738514637826,3382.406165727789,1733031
2022-01-06,3332.0419921875,3356.1520713111595,3301.0184127733232,3336.023910257664,1810293
2022-01-07,3372.34228515625,3382.3187669832855,3322.3718494970512,3343.025179524296,2460591
2022-01-10,3395.40234375,3481.2970046437595,3378.905916271884,3481.2970046437595,3937092
2022-01-11,3426.950927734375,3434.9147646258375,3374.530275769995,3374.530275769995,1906106
2022-01-12,3377.942626953125,3438.414704288068,3357.508297690947,3434.914154830916,3203744
2022-01-13,3411.198486328125,3433.164523752587,3375.405446880889,3428.7888361107916,6684507
2022-01-14,3472.67724609375,3480.422299459404,3378.074997981083,3393.65249028002,3348123
2022-01-17,3517.308837890625,3538.180952966991,3467.557398640576,3494.161493482207,3442604
2022-01-18,3492.32373046875,3537.0431277245425,3483.047187672104,3530.2608122209094,2389041
2022-01-19,3431.876708984375,3517.2211308607257,3428.238592280874,3517.2211308607257,3102539
2022-01-20,3354.641845703125,3436.567108062124,3341.0095022512132,3427.8003552354353,6176776
2022-01-21,3360.73486328125,3376.5588957269547,3306.030408534417,3337.5029671349207,3112358
2022-01-24,3306.24951171875,3374.893017177605,3278.8534083165705,3366.4331860598354,3258414
2022-01-25,3304.978271484375,3339.606947339262,3263.160900663494,3304.6276869619614,3330501
2022-01-27,3199.20751953125,3272.9796645873425,3178.0358954512144,3270.8757293611275,5718297
2022-01-28,3234.975830078125,3269.823674292716,3196.358239154663,3196.358239154663,3143862
2022-01-31,3275.477783203125,3294.5454691943373,3262.459070603207,3286.6553922324565,2739393
2022-02-01,3331.935302734375,3338.378950660037,3275.608924693433,3305.0652951650054,2105169
2022-02-02,3380.635498046875,3387.473608696932,3331.9361387386193,3355.825542423141,1984212
2022-02-03,3352.93212890625,3403.691538484224,3345.4365129758144,3376.0762690799093,1960538
2022-02-04,3344.428466796875,3353.0199274159713,3304.189156735994,3344.7792653309098,2307366
2022-02-07,3312.9560546875,3359.244554675045,3292.92393788928,3323.476158592303,1919149
2022-02-08,3281.790283203125,3331.1032714460657,3262.1089644796893,3323.958452984582,2946443
2022-02-09,3296.78125,3312.0353141804735,3284.1133350757727,3287.532283037312,1638721
2022-02-10,3305.372314453125,3322.423603711633,3294.5452904854733,3322.423603711633,2112459
2022-02-11,3239.27099609375,3289.7236967950407,3234.9314966485545,3289.7236967950407,3851488
2022-02-14,3273.286376953125,3325.4485569139447,3252.4653387334697,3264.738792841898,5951745
2022-02-15,3346.970458984375,3362.049228886405,3285.778490186766,3319.092146170516,3931683
2022-02-16,3342.850341796875,3378.7940255459366,3336.62586216898,3369.939520277866,3256906
2022-02-17,3317.514404296875,3362.049549347574,3312.9557358499305,3353.2827969372806,3134372
2022-02-18,3326.01806640625,3345.348798016269,3294.1949268123303,3304.1889388122663,3688883
2022-02-21,3260.705810546875,3355.7375352299355,3248.5639868604344,3340.132673110831,7465922
2022-02-22,3144.107666015625,3215.556690596742,3129.7302791973857,3199.8642910561507,5408531
2022-02-23,3124.29541015625,3176.10679085941,3117.150378194761,3165.6744406252515,2426203
2022-02-24,2982.142578125,3054.205462139813,2972.8938245340382,3045.5701244470206,5039136
2022-02-25,3086.5546875,3094.663934353476,3035.050011538735,3040.3100635518003,2549723
2022-02-28,3115.879638671875,3124.2519314805745,3029.702404742474,3059.597121253513,3288942
2022-03-02,3108.822265625,3131.440532889471,3073.623835269187,3114.389239815684,2761341
2022-03-03,3107.287841796875,3137.27030822549,3094.7515562563644,3123.4626722767534,1928039
2022-03-04,3089.711181640625,3122.0165432801405,3057.0111448262805,3069.6790621650243,2370257
2022-03-07,3055.12548828125,3110.4437820815947,3008.354992186932,3024.529607717447,3054130
2022-03-08,3155.98681640625,3163.9207697047113,3033.2961660233586,3033.2961660233586,3300992
2022-03-09,3184.61083984375,3203.3716060011575,3153.4449895405287,3160.414515499226,2719654
2022-03-10,3174.3974609375,3229.671882735904,3169.1812855836843,3229.671882735904,2005441
2022-03-11,3155.285888671875,3190.9667453797583,3149.763005387988,3158.880343092492,1623423
2022-03-14,3193.728515625,3198.41881467692,3138.497964846967,3138.497964846967,1765688
2022-03-15,3150.683349609375,3207.7549986026397,3143.23160938305,3207.7549986026397,3651133
2022-03-16,3205.037353515625,3215.6452109530255,3170.277261207437,3191.536638624452,3090475
2022-03-17,3219.809326171875,3252.465482294645,3208.8947610929595,3240.7181184565948,3600452
2022-03-21,3179.438232421875,3255.928151498079,3169.1811743321073,3240.191872844113,2413831
2022-03-22,3244.531494140625,3253.3421239439754,3177.948046159232,3191.0981760054083,2907611
2022-03-23,3254.56884765625,3269.8231241842045,3234.931409267006,3250.7115624829426,1596195
2022-03-24,3287.40087890625,3294.720989062963,3239.31515426463,3243.6985306574106,1879046
2022-03-25,3250.229736328125,3313.394233297543,3219.1516403409387,3296.2113121317043,1690133
2022-03-28,3250.448974609375,3255.0953965166586,3209.6835730639873,3239.3152410797343,1760990
2022-03-29,3248.388916015625,3262.985474181719,3235.8085398185717,3239.0960722012105,2689063
2022-03-30,3271.357666015625,3277.0121787343182,3249.133862176236,3277.0121787343182,1583455
2022-03-31,3278.72119140625,3291.608273332243,3261.406857156942,3278.7650679702474,2168110
2022-04-01,3295.20361328125,3298.929483678708,3268.289721687204,3285.77935286415,1387014
2022-04-04,3305.372314453125,3313.8321442349893,3276.222865036243,3298.0519911672036,1472994
2022-04-05,3344.3408203125,3362.575708503235,3306.8190764268047,3306.8190764268047,2314947
2022-04-06,3292.22216796875,3339.5187503352595,3271.0064577406383,3339.5187503352595,2051729
2022-04-07,3229.802978515625,3283.587089747452,3225.28818667224,3283.587089747452,2494829
2022-04-08,3231.117919921875,3248.081670941631,3193.2894700148154,3234.931542719195,2296773
2022-04-11,3240.542724609375,3254.525867868103,3205.2128787232596,3234.932087901723,2291660
2022-04-12,3235.896484375,3277.8891482137474,3198.418612995985,3228.795328395622,4483476
2022-04-13,3210.3408203125,3252.3336923091606,3204.7301844452404,3249.835082287249,1621672
2022-04-18,3092.953857421875,3164.7973443578885,3088.088267451707,3164.7973443578885,3820792
2022-04-19,3043.728759765625,3124.0761760326986,3015.0176449045566,3112.1971834135416,3170014
2022-04-20,3118.158447265625,3128.9852577507763,3050.8297479526764,3068.363252251255,2640370
2022-04-21,3181.147705078125,3194.6047563908915,3127.4513435718295,3138.4975378373742,2280996
2022-04-22,3167.033935546875,3170.935098487836,3131.046365565194,3139.4625354869836,1581465
2022-04-25,3110.618896484375,3142.0039113968096,3097.381229406358,3119.2103562360066,1960694
2022-04-26,3108.953857421875,3145.4234238079243,3084.275317734149,3134.245813020245,1943469
2022-04-27,3122.016357421875,3128.372254002144,3073.8869641027354,3108.6909342944846,1727648
2022-04-28,3142.267578125,3159.888624679922,3101.7213421769807,3145.511234194427,1703660
2022-04-29,3109.30419921875,3176.4137352800244,3100.669076056526,3153.4010089842677,2051115
2022-05-02,3105.53466796875,3110.400258957858,3062.007822541794,3085.809472633501,1324161
2022-05-04,3050.6103515625,3108.2078660799434,3037.9424384582558,3102.1150165971426,2305825
2022-05-05,3080.110595703125,3097.2935154235815,3055.520027300212,3078.9710891563063,1612262
2022-05-06,3009.275634765625,3046.0082431775977,3002.174479424862,3032.4197764142496,2010812
2022-05-09,3020.234130859375,3029.7898059191575,2934.100783512281,2978.9426390374124,2481830
2022-05-10,3014.66748046875,3037.5049170566876,2999.983167768539,3010.5032723895856,1622685
2022-05-11,2991.2158203125,3023.170588951108,2965.0469796480074,3011.379350168065,1841769
2022-05-12,2988.279052734375,3024.2666151245353,2936.949887257732,2961.409041508169,2807195
2022-05-13,2993.75830078125,3015.6751825815522,2965.047185622854,3011.3795593615127,2187823
2022-05-16,2960.35693359375,3006.9960126156675,2951.4148891323207,2993.8458842806135,1195813
2022-05-17,3025.932861328125,3039.4335767194707,2937.2131406464464,2954.3960639009565,1754076
2022-05-18,3023.47802734375,3063.980386209113,3018.4371440187992,3037.6801253832837,1866781
2022-05-19,2859.671142578125,2985.0795954059245,2831.661407683153,2978.066192538598,4642963
2022-05-20,2886.8916015625,2905.2140286957065,2866.771947358323,2901.795080829601,3065125
2022-05-23,2912.09619140625,2927.1310872588047,2864.098218506576,2897.2365878081046,2293690
2022-05-24,2882.50830078125,2914.813870239504,2871.6376129969626,2906.3099488564503,1711510
2022-05-25,2795.7060546875,2906.205306459052,2783.7030890856627,2906.205306459052,3548046
2022-05-26,2848.043701171875,2860.8852932460363,2807.0920435370494,2816.314968609626,2813186
2022-05-27,2878.35986328125,2893.8931509887725,2850.0289426919717,2871.210874953486,3103153
2022-05-30,2978.9306640625,2988.9480417229124,2900.4693219029687,2909.8687206618956,2094624
2022-05-31,2969.31005859375,2986.123046252866,2934.5804266036826,2960.3075643045477,4840965
2022-06-01,2961.234619140625,2990.18330819429,2947.8636081875393,2990.18330819429,1493835
2022-06-02,3021.0732421875,3029.0164671888692,2953.3793566594723,2961.0577643993756,2657939
2022-06-03,3036.2099609375,3068.9979637885676,3028.3109066319194,3053.199639703599,1913622
2022-06-06,3028.08984375,3047.550788928705,2980.6069647315944,3016.6604681605313,1084210
2022-06-07,2967.85400390625,3017.4110382784365,2961.940756456237,3001.701059109505,2308256
2022-06-08,3004.4365234375,3013.085856009611,2953.555840405617,2983.2545900235646,2185707
2022-06-09,3024.692626953125,3033.4300903400786,2959.3816503208395,2987.5358905444186,1279197
2022-06-10,2965.382568359375,2994.5960733606303,2958.4102675817367,2984.887686444342,1527582
2022-06-13,2841.556640625,2906.337971721971,2817.5944475896667,2903.6902298710247,3030921
2022-06-14,2833.569091796875,2858.5901216693624,2801.9284921763433,2815.4320179906135,2611493
2022-06-15,2829.818603515625,2854.2660463465904,2825.14088260836,2840.586045196815,1404536
2022-06-16,2773.068115234375,2863.841611879597,2765.1690623293366,2859.561009980705,2032028
2022-06-17,2726.203125,2752.548242059403,2668.7914294364296,2728.9392110453464,5240434
2022-06-20,2746.94384765625,2770.1999332856935,2708.6399347682336,2730.7044503658894,1502769
2022-06-21,2834.804443359375,2857.575063751568,2758.4170566563466,2762.4770132167114,2964461
2022-06-22,2844.51318359375,2868.87249504478,2809.254130703088,2824.1696570831255,3336315
2022-06-23,2920.28271484375,2928.40241322025,2844.5130845990975,2844.5130845990975,3692578
2022-06-24,2906.426025390625,2952.2318686428434,2892.657682952741,2946.9363854703897,2132118
2022-06-27,2925.490234375,2968.0305814736325,2918.253115652628,2956.6453765118113,2037686
2022-06-28,2928.53466796875,2938.993334040657,2888.333294892649,2918.693980682418,1400046
2022-06-29,2904.131591796875,2941.6412689436206,2886.921269341309,2886.921269341309,2133994
2022-06-30,2883.479248046875,2922.136107068585,2872.7999362877504,2887.80380692274,2719603
2022-07-01,2925.8427734375,2941.6408785851318,2870.1960284541215,2877.2125005063094,1502879
2022-07-04,2855.192138671875,2928.3579771893606,2846.366333520248,2923.106666218894,2622535
2022-07-05,2838.643798828125,2887.8034912040525,2830.391584691567,2872.7996222094107,2170627
2022-07-06,2877.875,2884.7150003833476,2826.24402936441,2840.585965652074,2182144
2022-07-07,2901.79296875,2929.6382167656825,2881.6700861940794,2886.92139813414,1989921
2022-07-08,2882.023193359375,2916.9293042248155,2868.3873642150224,2912.5164005875613,2136916
2022-07-11,2748.179443359375,2846.3223604128075,2741.2952717650173,2829.6856303492573,6974600
2022-07-12,2722.49658203125,2767.949487076794,2718.569141097803,2749.1504754874695,3734815
2022-07-13,2681.941650390625,2744.825514673745,2678.631973323092,2739.530031365693,3863530
2022-07-14,2653.625,2705.171029595665,2625.5290954564402,2704.28611921634,4764908
2022-07-15,2649.951904296875,2680.3041482642047,2613.139557269506,2671.145458242659,4574806
2022-07-18,2710.9228515625,2722.824852536626,2667.385305641953,2675.083982462359,3202795
2022-07-19,2720.435791015625,2724.5948266776545,2681.322794633056,2681.322794633056,1865074
2022-07-20,2800.56396484375,2806.890986629367,2741.4962064485426,2750.1240812703145,3402251
2022-07-21,2811.625732421875,2817.554588630391,2782.2024629269126,2802.5111124976283,2420640
2022-07-22,2806.05078125,2829.0584508534375,2781.715746092518,2818.4395264210816,2075886
2022-07-25,2802.289306640625,2819.7219939415763,2786.670728413376,2800.7407138288713,1797504
2022-07-26,2757.292236328125,2804.1924876537432,2740.1250609391755,2800.4759071723042,2639367
2022-07-27,2821.8466796875,2826.4924593932465,2752.0714066422543,2756.4959587429653,1389808
2022-07-28,2885.25,2888.347186014415,2833.1729430263163,2845.871492102438,2106333
2022-07-29,2921.88525390625,2935.513002248576,2898.081253084199,2911.3549076784775,2430257
2022-08-01,2919.14208984375,2944.0965166592227,2894.5415407250725,2944.0965166592227,1306913
2022-08-02,2912.947021484375,2931.6184943990124,2895.1159538880825,2911.3541401444895,1269114
2022-08-03,2955.157958984375,2963.5646068688943,2899.895353730968,2902.5057959181763,2895824
2022-08-04,2968.830078125,2997.9878323495136,2926.708473067324,2964.4498148906173,2150567
2022-08-05,2977.76806640625,2988.342703478027,2968.8746728364763,2974.361074626939,1106933
2022-08-08,2986.0859375,2990.0237456788655,2952.0611749006835,2977.7235772004797,1068836
2022-08-10,2968.210205078125,2995.4211952566006,2951.1756827712743,2995.4211952566006,1878359
2022-08-11,3028.60546875,3034.091869341709,2986.6165186810267,3008.6949872169466,1449248
2022-08-12,3010.06689453125,3025.508537188174,2992.10317091767,3025.508537188174,1472354
2022-08-16,3002.23486328125,3021.835754299982,2997.633373341012,3018.428763532455,839942
2022-08-17,3009.66845703125,3024.57906570946,2983.121148478597,2995.5098924698354,1622326
2022-08-18,2992.10302734375,3001.6158133086874,2975.068503639094,2999.845992664048,1430659
2022-08-19,2996.0849609375,3027.7205032408347,2983.253761961322,2997.191098780274,1398410
2022-08-22,2968.476318359375,2994.6254647056326,2962.149079175961,2977.723589120042,1536532
2022-08-23,2906.57666015625,2957.2818510423613,2893.656882459739,2937.858111813569,1849256
2022-08-24,2880.69287109375,2927.2833126117357,2876.135453360613,2913.1247476172416,1691923
2022-08-25,2847.818115234375,2900.868441362344,2844.7652180890746,2898.9659707472765,1946930
2022-08-26,2851.357666015625,2882.152584862205,2846.57923724742,2862.0651660884055,1457962
2022-08-29,2772.026123046875,2781.007877210316,2726.408948614383,2765.345006303131,2539173
2022-08-30,2841.57958984375,2855.1630492052304,2780.476707184959,2791.8919635030225,3431525
2022-09-01,2771.27294921875,2822.8632518577556,2761.8044542470393,2822.8632518577556,3546935
2022-09-02,2770.123291015625,2798.9714550279446,2761.185826048759,2798.9714550279446,2052900
2022-09-05,2772.77783203125,2785.653320032453,2754.0620657083778,2764.1499566547036,2147912
2022-09-06,2767.158935546875,2779.3707415075887,2748.841334627087,2774.636384748224,1936453
2022-09-07,2787.11328125,2797.9975039888873,2744.9914688760246,2744.9914688760246,1291534
2022-09-08,2804.855712890625,2817.111806381108,2796.4049927606457,2805.1655178979468,1346113
2022-09-09,2847.331787109375,2861.357702996792,2803.8385285125514,2827.288653494588,1561185
2022-09-12,2869.7197265625,2893.4796538091186,2853.83563037096,2867.0207070213914,1785928
2022-09-13,2857.684814453125,2887.8601223695387,2853.8353687015865,2887.8601223695387,1972678
2022-09-14,2761.274169921875,2779.857287273214,2755.433891236994,2774.193947449832,5090269
2022-09-15,2747.0712890625,2776.627205727724,2743.221842962614,2769.769151120317,2138023
2022-09-16,2662.4296875,2738.2223874832284,2654.7310107772587,2721.9841963836157,5322221
2022-09-19,2680.21630859375,2691.8970811218637,2643.934986987571,2686.5876194233983,2072220
2022-09-20,2690.392578125,2725.4791818403546,2681.277959674037,2698.976164028321,1544295
2022-09-21,2655.792724609375,2691.3660751321318,2653.093705010806,2679.5083636387303,2253818
2022-09-22,2661.27880859375,2681.23357650881,2636.412961977395,2645.8814577649046,2017983
2022-09-23,2638.846923828125,2674.6415038891964,2636.1479040813615,2658.2706625916117,2652374
2022-09-26,2649.775146484375,2677.605746474014,2589.3359496927173,2619.2016704081934,2925489
2022-09-27,2670.172607421875,2676.8537235602644,2633.493117790197,2663.049036122566,2227447
2022-09-28,2686.278076171875,2698.932337661489,2637.03290053693,2637.03290053693,2739767
2022-09-29,2652.342041015625,2704.1535892358543,2645.882151750994,2702.5164185443264,2493902
2022-09-30,2658.757080078125,2672.1633836724513,2610.573761166664,2646.63385311136,2817353
2022-10-03,2641.413330078125,2673.0488777740657,2631.723604132221,2650.306723058508,1763331
2022-10-04,2735.39013671875,2741.4518581351913,2675.083591718103,2681.233674530913,2145875
2022-10-06,2744.947509765625,2764.459825429553,2736.54086176896,2752.955991328854,1790816
2022-10-07,2712.161865234375,2747.6468595639735,2706.1446472004754,2740.9214539415666,1939879
2022-10-10,2759.63720703125,2767.1146562581002,2659.1555938777074,2663.580145614609,3064063
2022-10-11,2716.27685546875,2783.0433042492978,2701.941349701484,2743.222334872122,4730645
2022-10-12,2743.885986328125,2751.9828302585565,2709.6399962637565,2729.860069746357,1665247
2022-10-13,2746.14208984375,2752.0709454566427,2701.0559547014504,2743.8855254420205,2054781
2022-10-14,2742.469482421875,2787.467254518983,2717.5593455961257,2783.0427033213336,2245977
2022-10-17,2760.745849609375,2775.5176496549793,2724.9916301054623,2726.056227267023,1517005
2022-10-18,2789.979248046875,2799.4280629231534,2775.6510472338673,2794.6814538133085,1793722
2022-10-19,2769.706787109375,2802.6661968962776,2760.967776113079,2802.6661968962776,1194289
2022-10-20,2801.157470703125,2803.552868124551,2754.7568530147882,2754.7568530147882,1587601
2022-10-21,2783.50244140625,2803.9080505555708,2774.27564390983,2801.6014594822955,1021913
2022-10-24,2805.061767578125,2819.523178997157,2799.1175675695504,2812.5143817126964,260949
2022-10-25,2805.416748046875,2825.068152203504,2795.7017294278116,2821.7411503755184,2069643
2022-10-27,2801.246337890625,2815.9739505486477,2780.796542816512,2804.174142407178,2438421
2022-10-28,2806.43701171875,2819.966819488832,2790.245602420128,2794.6816049676954,1355739
2022-10-31,2832.96435546875,2838.1545653376957,2819.3459569590173,2838.1545653376957,1919414
2022-11-01,2892.007568359375,2894.580579896571,2842.1025377869346,2851.90614711306,2991060
2022-11-02,2876.037841796875,2901.1456594790648,2858.6044384654506,2901.1456594790648,1405955
2022-11-03,2845.0302734375,2863.92768787321,2834.6056673057806,2863.92768787321,1422652
2022-11-04,2854.478515625,2856.8297266750774,2809.0094945626156,2854.1237221012757,1464013
2022-11-07,2868.9404296875,2877.014041486473,2834.69461776829,2864.770630343667,1474498
2022-11-09,2853.281494140625,2883.2245139833467,2840.5056757133734,2883.2245139833467,1162267
2022-11-10,2844.053955078125,2861.221369938422,2812.4253465751312,2812.4253465751312,1573092
2022-11-11,2941.912353515625,2964.6691755192865,2887.881931563793,2900.790741715342,3265394
2022-11-14,2959.25732421875,2971.2345311973,2935.746510520115,2949.0545182740593,1342074
2022-11-15,2956.684326171875,2963.2051195621743,2920.663901019243,2946.3927142420735,1400708
2022-11-16,2976.867431640625,2988.00162144507,2946.7912133444556,2962.272814314667,1748235
2022-11-17,2971.23388671875,2980.9930902881456,2943.508876578421,2963.2490837983355,1417986
2022-11-18,2966.310302734375,2983.433314748381,2946.3926959421224,2972.1215090051523,1164540
2022-11-21,2913.122802734375,2957.660223917546,2903.8071976091396,2947.723621770964,1304194
2022-11-22,2941.02490234375,2944.573703919236,2888.0590821499577,2910.0172918982757,1149739
2022-11-23,2935.125732421875,2954.3779417550127,2919.777119013738,2954.3779417550127,1150011
2022-11-24,2998.8701171875,3010.226324763557,2935.1249032598857,2942.178102582763,1296591
2022-11-25,3007.298583984375,3019.453402077861,2970.3467759953433,3001.3987882892015,1588981
2022-11-28,3012.266845703125,3031.563452401908,2985.917039876149,2986.3162366944166,2195437
2022-11-29,3014.13037109375,3042.210177164446,3001.398958689799,3001.398958689799,1576028
2022-11-30,3008.31982421875,3029.7012286211943,2994.302011481694,3001.3996162496505,3410702
2022-12-01,3083.598388671875,3087.4577975595,3034.2257665670945,3038.661769149795,2180856
2022-12-02,3051.216064453125,3077.6102840989797,3028.015853825273,3068.028690248418,2411749
2022-12-05,3039.4599609375,3051.2153670002604,3022.691958930157,3045.759170826894,1475065
2022-12-06,3003.48388671875,3023.534485303333,2988.090873517657,3016.5256889568245,1166999
2022-12-07,2999.27001953125,3010.892215820277,2975.6704001996686,2988.3574103425613,1167505
2022-12-08,2972.60986328125,2999.2702832829777,2962.761850478727,2980.9938652068045,1285619
2022-12-09,2921.32958984375,2993.5034407039375,2906.779587569862,2993.5034407039375,1797896
2022-12-12,2915.739990234375,2924.212798185376,2871.0695757813564,2888.281178547479,1527610
2022-12-13,2956.24072265625,2960.0999146743784,2899.19369008115,2907.5332877172273,1378016
2022-12-14,2985.739501953125,2996.0752984118217,2964.047282167183,2971.0562942298634,1213311
2022-12-15,2932.28662109375,2985.208047200076,2926.8302077564695,2979.92924725395,1415694
2022-12-16,2874.75146484375,2920.6640914329523,2861.399053790707,2905.581682698335,2703680
2022-12-19,2840.860595703125,2879.4094167044013,2834.1621881565893,2862.9962063488224,2120965
2022-12-20,2878.0341796875,2882.514585783526,2806.7919322309904,2838.0657516058345,1529971
2022-12-21,2899.859130859375,2912.723537635871,2874.5295141963525,2882.5143184024537,1432566
2022-12-22,2892.007568359375,2922.438590322109,2879.0545703851453,2922.438590322109,1384101
2022-12-23,2864.19384765625,2898.3510672263396,2854.1240352462114,2854.1240352462114,1360281
2022-12-26,2885.973876953125,2902.9194899563026,2861.2654776368245,2864.1932820564366,870157
2022-12-27,2891.830078125,2904.5170888075672,2866.9884637094456,2900.4358797986224,835883
2022-12-28,2889.700927734375,2897.685732490091,2862.108904660057,2883.2243205566224,910795
2022-12-29,2900.0361328125,2902.475933765535,2863.8827186902486,2866.6331264052383,1037927
2022-12-30,2889.345703125,2926.874326011963,2880.0300982680355,2915.385123342042,1163131
2023-01-02,2893.56005859375,2898.351071306402,2870.2710452177225,2893.160861684784,709547
2023-01-03,2937.83154296875,2945.505740863758,2879.2319050146616,2885.176105207512,1245178
2023-01-04,2940.7587890625,2952.0264076914345,2915.517980403362,2933.705589035318,1231668
2023-01-05,2937.609619140625,2960.8542285796434,2911.7475949836166,2954.555018481283,1826057
2023-01-06,2849.288818359375,2929.136863618989,2839.041609230721,2927.7616595191807,2488376
2023-01-09,2945.4609375,2951.715743667599,2857.805494277546,2864.7701040885713,2885060
2023-01-10,2915.69580078125,2925.9874138015825,2865.7465830992874,2914.4538066519704,3864655
2023-01-11,2953.224365234375,2971.6781796058563,2902.165931337438,2918.9785546870203,2720512
2023-01-12,2958.236572265625,2972.1211710959064,2941.557162373175,2953.4899637547082,2250391
2023-01-13,2993.90234375,2997.8503424610212,2932.1975086811703,2965.8223193412623,1742837
2023-01-16,3025.206298828125,3042.400855240915,2992.5410942982494,3009.7356507110394,1843607
2023-01-17,3065.44775390625,3068.5329337857097,3013.364990823047,3021.531291611185,1688475
2023-01-18,3075.9736328125,3093.168190378214,3059.8678711657676,3066.8999642791296,2421189
2023-01-19,3060.63916015625,3073.2514705543877,3049.659932841245,3066.8999027085415,1585044
2023-01-20,3051.565673828125,3080.1929219636927,3044.7604221587917,3053.289582307642,1529349
2023-01-23,3098.567138671875,3102.2874315724907,3044.760458713778,3074.1590576682065,1067916
2023-01-24,3117.985107421875,3132.1853116377615,3100.745135300925,3107.7318165396514,1387863
2023-01-25,3112.041748046875,3116.8054244598047,3089.58441638592,3108.004009487608,874110
2023-01-27,3095.073486328125,3126.7859108519738,3068.9866915118178,3108.6385753275863,1785879
2023-01-30,3115.58056640625,3138.083311989628,3071.9363472451823,3103.1950956433448,1953798
2023-01-31,3047.572998046875,3129.5082689944597,3040.5863175994305,3129.5082689944597,2820375
2023-02-01,3092.6240234375,3102.2873921912537,3044.2159113195835,3051.474846428542,2205161
2023-02-02,3139.8525390625,3147.6559835267867,3103.285827802895,3109.5465712154214,1813847
2023-02-03,3159.723876953125,3179.4136948565433,3133.0471565298344,3179.4136948565433,1804469
2023-02-06,3139.44384765625,3151.421045615969,3118.4838066080183,3151.421045615969,1138714
2023-02-07,3150.87744140625,3169.433052965273,3140.760166051832,3147.56541881371,1455647
2023-02-08,3194.02294921875,3211.988640195558,3155.8681191722335,3155.8681191722335,1986946
2023-02-09,3212.850341796875,3218.9750686870316,3180.5934025370234,3189.394817614889,1655427
2023-02-10,3209.85595703125,3214.21136264031,3183.179236128962,3193.9316229583487,1187821
2023-02-13,3159.814697265625,3220.2454270252683,3151.6483944075726,3220.2454270252683,1087939
2023-02-14,3175.875,3198.332330949659,3171.2473401639604,3180.32100923453,1579818
2023-02-15,3194.521484375,3199.37598635062,3139.6257818298463,3163.988673966141,1429449
2023-02-16,3228.456298828125,3243.8361208864717,3200.2825170256183,3200.463946070022,1618931
2023-02-17,3176.827392578125,3211.0804915355684,3166.7103407014015,3199.5115640731206,1061369
2023-02-20,3164.26025390625,3195.7458372424326,3153.145010718794,3177.5985014261782,1296082
2023-02-21,3131.3232421875,3183.859698266715,3125.6521989352045,3170.340019763293,1139541
2023-02-22,3086.454345703125,3127.6941326510655,3080.5110473891405,3098.6129752182524,1218430
2023-02-23,3097.56884765625,3132.593073464419,3092.306075874683,3104.101844356599,1441570
2023-02-24,3085.455810546875,3115.852602482513,3068.987189496275,3105.463295514014,977592
2023-02-27,3023.210693359375,3075.973993457147,3008.828838437729,3075.973993457147,1128022
2023-02-28,3005.970703125,3077.7887089468877,2994.2201238468547,3020.170907349562,4116217
2023-03-01,3072.072509765625,3075.06686527024,3007.921705037134,3015.180641278551,1669307
2023-03-02,3013.7734375,3057.7353150042663,3010.643066320148,3049.659839030144,1556538
2023-03-03,3032.555908203125,3046.9377608122345,3022.5296821304796,3043.308293556949,1043190
2023-03-06,3059.5048828125,3089.5385914645617,3047.84513063335,3050.476405785988,1334132
2023-03-08,3076.336181640625,3081.417524118465,3022.30266817717,3052.3817877310116,1844590
2023-03-09,3027.747314453125,3071.436941869971,3022.303113079057,3071.436941869971,1648500
2023-03-10,3022.43896484375,3028.1100076327843,2985.2369241476845,3006.0155363166627,1024404
2023-03-13,2977.9326171875,3057.6448843231524,2968.9043612497244,3024.2537396226567,1901233
2023-03-14,2917.13916015625,2998.3030847586924,2912.1032295746863,2976.1634210899015,2670334
2023-03-15,2902.575927734375,2958.333801726604,2896.3151846482865,2948.942465572347,1780522
2023-03-16,2889.96337890625,2921.539789172319,2878.167610012755,2910.8328161793565,1901060
2023-03-17,2884.791259765625,2922.991268444911,2852.7611679955166,2858.659052089655,6739966
2023-03-20,2852.12646484375,2876.035450110584,2808.346011246895,2876.035450110584,2289468
2023-03-21,2818.372314453125,2864.3303576607777,2810.523458137798,2852.1263176035486,1815297
2023-03-22,2840.7841796875,2852.307694383167,2818.372262786457,2840.103654549664,1123939
2023-03-23,2835.2041015625,2854.894141943843,2813.7449614277098,2826.357273644435,1372218
2023-03-24,2831.4384765625,2876.3531391453694,2818.2816562099424,2857.207608505045,1329577
2023-03-27,2833.07177734375,2860.701055740268,2818.2816522493927,2844.595292917529,1524217
2023-03-28,2827.264892578125,2857.7979266187317,2822.0475320589067,2837.3367554078964,1303530
2023-03-29,2848.134033203125,2858.2058949668713,2816.5578405359793,2839.151189000426,1740616
2023-03-31,2908.927490234375,2915.369883910021,2860.0205023605313,2894.455032314574,2382581
2023-04-03,2903.57373046875,2926.2124875934796,2879.755352210999,2926.2124875934796,1521830
2023-04-05,2939.686767578125,2961.962665039618,2890.416709977927,2890.416709977927,2655065
2023-04-06,2922.3564453125,2955.611574142893,2917.1844984383324,2926.258167173755,1703464
2023-04-10,2961.100830078125,2968.904273441099,2917.1843640321313,2921.7211981908126,2203187
2023-04-11,2916.095947265625,2969.7666137305973,2896.45131988944,2961.6457238357684,2348779
2023-04-12,2941.36572265625,2958.8779475351903,2902.666614298546,2928.934840854399,2417727
2023-04-13,2893.45751953125,2930.795585203265,2885.42723249114,2912.648244118415,4174070
2023-04-17,2848.67822265625,2870.3642017389866,2785.843068358131,2843.778530281314,5505048
2023-04-18,2840.739013671875,2864.421379134705,2822.4556586580384,2862.6972490540993,2617302
2023-04-19,2803.40087890625,2849.1320823181222,2786.9774493121377,2840.738938445051,3298034
2023-04-20,2817.192626953125,2824.632990783157,2792.875151182318,2803.7635533311773,2419999
2023-04-21,2868.05078125,2871.3171692054207,2813.563354091303,2821.91108534421,1929184
2023-04-24,2880.70849609375,2886.288713952927,2836.564963222924,2859.203944736877,1640676
2023-04-25,2881.79736328125,2895.5892962816,2855.9374058336693,2888.148931777147,2024090
2023-04-26,2901.8955078125,2911.196019002823,2886.3342533089885,2886.3342533089885,2000029
2023-04-27,2892.64013671875,2902.8480138926443,2876.942645737427,2889.963448787062,2434446
2023-04-28,2921.041259765625,2928.3001958774908,2900.1718184440097,2903.9373029419803,2931312
2023-05-02,2921.177001953125,2935.3320146523815,2912.647841432502,2935.3320146523815,2321159
2023-05-03,2885.3359375,2918.091971436183,2879.2112108808474,2918.091971436183,2468285
2023-05-04,2922.3564453125,2925.7590710882832,2883.611924117269,2885.5626742853387,1953253
2023-05-05,2931.429931640625,2943.497954612831,2912.69289547793,2921.721151002872,1710027
2023-05-08,2949.48681640625,2953.3431255778287,2931.9745916279403,2944.40547335836,928235
2023-05-09,2979.1123046875,2992.4959661492044,2945.3128884537045,2951.3015984635645,1107375
2023-05-10,2982.333740234375,3000.2088248723344,2963.505875992397,2985.237270173894,1559987
2023-05-11,2978.114501953125,3003.112507036917,2968.904815539429,3002.477394443756,1719623
2023-05-12,2970.991455078125,2985.237070959748,2958.0160642336714,2975.392051583769,1027479
2023-05-15,2953.524658203125,2987.0518206947813,2947.4453443068564,2979.792885529059,1150390
2023-05-16,2956.337158203125,2980.7000462781807,2949.3504778943434,2954.5678371838712,986306
2023-05-17,2911.468017578125,2976.1633194055926,2901.9860781368707,2954.341101981148,1588815
2023-05-18,2903.437744140625,2929.8419851105737,2899.0369265497516,2927.1198847100572,1369364
2023-05-19,2924.307373046875,2934.878108354694,2906.3414649157826,2912.6476202870826,1152449
2023-05-22,2993.131103515625,3001.9779306569994,2919.0446858597024,2930.795042732196,1333243
2023-05-23,2991.634033203125,3019.671581346221,2985.3278776559046,2999.7549225207754,1687418
2023-05-24,2997.350830078125,3009.9177299537914,2972.534254332538,2972.534254332538,1016555
2023-05-25,2988.4130859375,2999.75517294956,2964.4586867780845,2988.866769417982,1374917
2023-05-26,3020.533447265625,3029.3802741378013,2986.1443319315176,2988.4127490782294,1791115
2023-05-29,3012.776123046875,3059.6415402355,3005.1995199466123,3049.4790740866038,1210372
2023-05-30,3009.009765625,3018.763958815021,2995.535501435705,3007.9209697599713,1344224
2023-05-31,2984.783203125,3019.444571909924,2962.6887320872042,3002.4768564038986,5815424
2023-06-01,3016.087646484375,3030.6055172255756,2992.042423069262,3007.013977271125,1177314
2023-06-02,2999.392333984375,3026.8853758575733,2991.9971602900687,3018.1293732382414,2030661
2023-06-05,2984.23876953125,3018.8095354179477,2980.7455400443455,3007.9211331260885,1861468
2023-06-06,2932.882568359375,2984.194219487806,2922.266418149221,2976.1639324624093,2022849
2023-06-07,2971.53564453125,2975.119920852353,2940.7759965528526,2951.6643988850446,1567196
2023-06-08,2936.6474609375,2967.089663718905,2933.517089542269,2958.9233618921558,1759366
2023-06-09,2912.0126953125,2948.942484583645,2908.4286402901084,2944.405649991978,1775689
2023-06-12,2946.12939453125,2952.934646039938,2913.5550125863747,2917.184480057675,2324605
2023-06-13,2943.225830078125,2962.552788439429,2938.961250154766,2958.015954153917,1371928
2023-06-14,2949.895263671875,2954.250669184191,2927.0296616386267,2943.2260282131615,1658544
2023-06-15,2940.068359375,2968.542954682689,2934.3093897698986,2966.5776965411455,2273810
2023-06-16,2902.2236328125,2924.619450378722,2884.946948530458,2922.4256636412783,4156189
2023-06-19,2934.674560546875,2938.7880778419694,2902.314980427836,2916.026704744818,1468186
2023-06-20,2950.4892578125,2954.877054918367,2926.1281797146307,2937.965925601742,1528452
2023-06-21,2978.369873046875,2981.294996829443,2947.06142983265,2970.8741736125958,1645987
2023-06-22,2960.361572265625,2987.007936549625,2952.68309515918,2980.015045726706,1529603
2023-06-23,2940.11376953125,2970.325090715733,2933.531963216999,2959.2644334954502,1119505
2023-06-26,2915.70703125,2937.874321602417,2900.487104668833,2929.7387867833627,1978803
2023-06-27,2922.74560546875,2933.9890411265674,2908.9881304563214,2926.996150834744,863542
2023-06-28,2939.29150390625,2953.460288680506,2919.1352202864086,2932.4813906976683,1575872
2023-06-30,3018.63671875,3025.721111079567,2938.057558489853,2943.45074854266,2672406
2023-07-03,2991.25927734375,3033.7656350496386,2988.0141236800587,3029.652116561972,1687264
2023-07-04,3024.66943359375,3030.291151438237,2995.829061409342,3007.4382769930016,1656681
2023-07-05,3034.816162109375,3043.08894780055,3021.150186987329,3034.861912495592,1453008
2023-07-06,3037.512939453125,3042.586322830739,3018.4080233653217,3022.567291654091,1848238
2023-07-07,3043.317626953125,3068.592819620022,3018.4079910488003,3018.4079910488003,1789326
2023-07-10,2990.939208984375,3039.2045365819954,2984.7689313328437,3039.2045365819954,1407431
2023-07-11,2991.350341796875,3012.0094335540425,2980.7467399101047,3012.0094335540425,1110172
2023-07-12,2979.923828125,3006.661695723324,2970.9656783737587,2999.1659962790054,1515240
2023-07-13,3053.647216796875,3078.23682351536,2991.6701688926455,3001.9539636829727,4585146
2023-07-14,3212.79443359375,3222.1185858228855,3064.113707093481,3075.997202974214,6306101
2023-07-17,3191.815185546875,3245.016631990213,3178.423490549753,3208.54353407701,2743228
2023-07-18,3196.523193359375,3221.341326855405,3167.408540736089,3177.4638059447752,2600090
2023-07-19,3172.02490234375,3214.8055303533806,3149.720361723245,3199.4026028392373,2405370
2023-07-20,3174.0869140625,3188.3840555769907,3149.112506073371,3164.738740042845,1715404
2023-07-21,3087.02001953125,3148.0582519096606,3078.5424686103934,3119.7846082253714,3770223
2023-07-24,3111.261474609375,3128.399831677828,3090.503018591767,3098.659708565961,1680132
2023-07-25,3115.2939453125,3122.305243933692,3097.926465252558,3113.7818228908627,1272980
2023-07-26,3105.350341796875,3135.1822055035386,3102.325873004653,3116.3941167600838,1066803
2023-07-27,3113.23193359375,3126.750192106114,3102.3716364305046,3111.444818744401,1701769
2023-07-28,3075.19775390625,3110.2994489526377,3052.8354343417113,3102.3260117822556,2599831
2023-07-31,3135.73193359375,3140.4976478889985,3080.2382907228434,3083.446013157544,2743678
2023-08-01,3163.7763671875,3171.0624340990767,3129.820292615129,3129.820292615129,1956167
2023-08-02,3153.32861328125,3158.598443121832,3128.5376797292315,3148.1046527985704,1914899
2023-08-03,3116.02734375,3146.546576146607,3086.7454652186043,3134.4030555367062,2026351
2023-08-04,3155.986572265625,3181.1442369080387,3117.2189097618743,3117.2189097618743,2248493
2023-08-07,3193.1044921875,3196.7245913979227,3153.8785837580563,3165.5179892112346,1853889
2023-08-08,3180.777587890625,3198.5115758637803,3167.946698425561,3193.104361947542,1634225
2023-08-09,3173.354248046875,3177.4784629540836,3139.0316598474765,3175.5537398295282,1794589
2023-08-10,3154.65771484375,3175.5535568337395,3143.613939700264,3161.8979133179873,1096701
2023-08-11,3160.798095703125,3177.1573459356628,3128.90412489908,3150.9916746844083,1679974
2023-08-14,3161.760498046875,3166.480343065744,3126.1546889138212,3153.3744607157764,1190425
2023-08-16,3169.59619140625,3176.5616208724146,3148.3336194216304,3161.8977472619245,1328445
2023-08-17,3148.837890625,3171.796063632933,3128.1709479820706,3166.4803644355306,1843241
2023-08-18,3085.921142578125,3125.2385705777456,3076.206235232904,3125.2385705777456,2526749
2023-08-21,3117.58544921875,3125.009125174637,3090.4115463271137,3093.1610227918177,1375579
2023-08-22,3099.713623046875,3126.154509262279,3084.0417426084127,3116.0730963036494,1222012
2023-08-23,3114.46923828125,3117.9060836115095,3094.0772893217095,3105.0751943785403,1330046
2023-08-24,3104.846435546875,3128.033732845426,3096.0023753608025,3123.405402507195,1152881
2023-08-25,3098.934814453125,3103.0590289456754,3070.4776897039346,3093.1608694129627,1158046
2023-08-28,3093.665283203125,3110.5745195028617,3079.505523496938,3110.5745195028617,1037485
2023-08-29,3094.215087890625,3106.4962177667344,3083.9962892417298,3098.706033975188,944517
2023-08-30,3107.77880859375,3123.496782192859,3100.5386105821626,3114.240122580418,1188200
2023-08-31,3076.48046875,3132.019751113576,3064.428464391115,3116.9893714317213,3417652
2023-09-01,3097.01025390625,3105.991921800439,3076.4809190792193,3084.912602177715,1277950
2023-09-04,3133.028564453125,3146.180316935127,3088.62456241485,3095.910630604843,1828332
2023-09-05,3142.972412109375,3159.148408891023,3120.7931233027793,3134.403121092921,1501842
2023-09-06,3143.476318359375,3156.307208388253,3114.332047153296,3147.2340256547322,1314818
2023-09-07,3166.709228515625,3171.0625658531403,3136.5108595249253,3144.3010421288996,1885092
2023-09-08,3154.47412109375,3175.645178451275,3148.1962843578217,3166.709380330092,1518917
2023-09-11,3189.988525390625,3194.61685580775,3157.315667562757,3172.8960351530523,1783604
2023-09-12,3281.774658203125,3290.11460130347,3192.1416942178257,3200.390122368259,4476016
2023-09-13,3269.906494140625,3289.1528286270604,3248.964559733963,3272.8850935254304,1754929
2023-09-14,3262.758056640625,3297.2638979964904,3249.5147892827354,3271.922978515009,2604721
2023-09-15,3297.813720703125,3306.1080193423236,3264.9573878973515,3269.906579718022,2952897
2023-09-18,3305.0078125,3317.05981755895,3276.6882968344953,3281.0875035527256,1395753
2023-09-20,3304.91650390625,3322.283985091515,3281.0418390696896,3281.0418390696896,1649396
2023-09-21,3285.89892578125,3303.9537740539254,3233.383887617822,3288.8775248840725,2004073
2023-09-22,3302.716796875,3330.3032996737925,3267.3403346720384,3284.707815901169,1989083
2023-09-25,3278.429931640625,3317.7017112878607,3261.47482621001,3301.6630980426844,1238778
2023-09-26,3286.265869140625,3294.743421558143,3240.716253874933,3269.6774954186676,1726062
2023-09-27,3289.565185546875,3312.2024959846676,3258.770961052586,3290.2066852753064,1541134
2023-09-28,3241.4033203125,3301.937666132331,3232.788384377632,3299.371443592281,1755753
2023-09-29,3233.9345703125,3270.456651403998,3212.80937967325,3241.816269233915,2243791
2023-10-03,3220.416259765625,3239.0667420924833,3189.4846475037402,3239.0667420924833,1948148
2023-10-04,3242.31982421875,3251.7138679466116,3186.9179232767315,3195.166351915829,1788138
2023-10-05,3289.611328125,3321.3676929730136,3254.6470168624746,3257.213239742299,2990768
2023-10-06,3318.984619140625,3331.403132660782,3276.5053417710587,3291.123346974305,2075691
2023-10-09,3334.51904296875,3371.7743564547645,3327.7827366912884,3340.659495143479,4233074
2023-10-10,3325.858642578125,3343.363734086187,3300.609460047054,3336.077665436022,1848148
2023-10-11,3308.445068359375,3345.1964946926682,3303.954346127964,3345.1964946926682,2426417
2023-10-12,3246.71875,3288.9688965662976,3242.6404053874544,3276.458870380561,4241281
2023-10-13,3272.656005859375,3278.2923429472667,3230.6347522754027,3235.217212916928,2890357
2023-10-16,3229.76416015625,3276.138528036827,3225.2275688286772,3268.210960552936,1671104
2023-10-17,3214.18359375,3239.0203948649587,3210.7926178047637,3235.2170422343333,1672065
2023-10-18,3196.036865234375,3228.526463289023,3193.058266105545,3217.8035511758235,1408245
2023-10-19,3175.270751953125,3194.750838771474,3171.8250136242077,3187.9971019140276,1514545
2023-10-20,3211.014892578125,3215.5632226086977,3164.612279992973,3170.4469293525376,1481211
2023-10-23,3133.46240234375,3196.680258583494,3125.33059463688,3191.2130654023267,1106272
2023-10-25,3115.03955078125,3147.1078003867246,3103.1860758536272,3115.407006485019,1518537
2023-10-26,3066.01806640625,3099.9700309962845,3059.8157372092046,3094.778541475233,1984471
2023-10-27,3079.0654296875,3089.218915665749,3066.247329439799,3078.1925542772933,1108851
2023-10-30,3104.426025390625,3108.37718292849,3063.260899667819,3078.192430112394,910972
2023-10-31,3095.421630859375,3123.217253667092,3078.23892708099,3123.217253667092,999811
2023-11-01,3060.41259765625,3098.0402370916254,3042.357019784433,3082.787013402831,1563475
2023-11-02,3087.473388671875,3102.037240795796,3071.944460658224,3071.944460658224,1245384
2023-11-03,3079.019775390625,3113.017726690146,3072.955410568782,3107.596521485964,1402598
2023-11-06,3105.98876953125,3117.0611210828984,3086.4629174929278,3101.164735498253,1099852
2023-11-07,3096.983642578125,3127.949299700163,3092.8947446003413,3103.921107326189,1191144
2023-11-08,3107.182861328125,3125.927586681882,3096.1564995125254,3097.9022504005666,992899
2023-11-09,3075.849853515625,3116.32583917985,3070.88807990428,3115.0395198974807,2112352
2023-11-10,3062.9853515625,3075.8494399844067,3052.786101769985,3067.1662251659995,1338557
2023-11-13,3061.23974609375,3083.705913859629,3057.058872291712,3083.705913859629,1030990
2023-11-15,3128.0869140625,3136.0809812784887,3083.7517522263774,3108.607053624718,2059802
2023-11-16,3214.04638671875,3242.9905833981556,3137.183329826533,3151.747404237653,3951984
2023-11-17,3218.273681640625,3238.534668324732,3209.1770219858477,3214.047043797082,2021292
2023-11-20,3234.0322265625,3247.1717958060967,3207.9823552979888,3207.9823552979888,1475621
2023-11-21,3225.394775390625,3251.904078434434,3216.941275630958,3234.0322273250904,1807236
2023-11-22,3243.725830078125,3246.022988782295,3198.655755767825,3216.0221858385917,1798051
2023-11-23,3223.603515625,3256.452892289603,3216.0228902408608,3243.5888007286394,2729804
2023-11-24,3176.603515625,3220.20354959885,3172.836085044069,3210.7392094309985,1989733
2023-11-28,3188.594482421875,3198.7939582765516,3154.4587888727906,3176.6034917170814,1689195
2023-11-29,3228.6572265625,3232.562397167378,3193.7863950865076,3198.564441313145,1441634
2023-11-30,3204.62841796875,3231.321223058578,3198.5638291631694,3215.5168157957996,3266235
2023-12-01,3226.726806640625,3231.5968278858527,3206.879490337294,3216.0221369745987,1172141
2023-12-04,3227.462646484375,3259.9445668878407,3214.1851113453504,3257.050011733857,1625213
2023-12-05,3245.05859375,3250.9392307206267,3218.595278718338,3250.9392307206267,1377656
2023-12-06,3311.67626953125,3319.7163257375805,3239.131811495445,3245.977524530947,1896572
2023-12-07,3321.599609375,3335.979957891831,3300.282020829863,3312.502950367504,1967653
2023-12-08,3332.44287109375,3349.258121343015,3309.7929710621675,3338.2317571575236,1641155
2023-12-11,3347.327880859375,3356.608492292705,3321.6916779737553,3328.950610165191,1102503
2023-12-12,3374.158935546875,3398.324867473977,3336.3935538659134,3343.698474230384,2236866
2023-12-13,3301.982177734375,3353.851980623107,3273.910851221953,3347.92535555113,3850968
2023-12-14,3369.7021484375,3379.5799309981935,3333.26930063245,3335.47448328533,3290396
2023-12-15,3547.732421875,3579.84666039233,3369.1971763947013,3369.1971763947013,8531230
2023-12-18,3546.078369140625,3610.215093447748,3519.3853366273415,3545.0677537772526,2521612
2023-12-19,3506.567138671875,3542.311066426432,3482.4929578140577,3533.0304545633385,2004435
2023-12-20,3473.3505859375,3582.4656444029156,3460.9459266593262,3516.7209053622064,2586083
2023-12-21,3480.196044921875,3497.8381819861793,3439.628304850481,3451.481556102388,1517562
2023-12-22,3513.734619140625,3533.9036315153803,3456.7650724913783,3491.681891405433,2413058
2023-12-26,3487.5927734375,3522.9230339059286,3482.6307754103036,3509.921203730051,1285231
2023-12-27,3501.97265625,3508.4047009886162,3462.2777964437796,3490.762566000509,1293976
2023-12-28,3491.590087890625,3526.5988846334485,3484.4231304879945,3513.734792818736,1682889
2023-12-29,3485.617431640625,3512.4484308520914,3459.8892483226373,3484.331112207508,1574996
2024-01-01,3501.881103515625,3521.0852627367144,3466.8723111444738,3482.4929921117296,825907
2024-01-02,3476.244140625,3501.880565342347,3461.5883135420804,3501.880565342347,1344068
2024-01-03,3392.21435546875,3465.8154121881867,3387.8957418477744,3461.358834441872,1803075
2024-01-04,3369.288818359375,3417.2534494983192,3354.770729797893,3401.4030536919613,3598144
2024-01-05,3434.619873046875,3443.6707684816074,3376.6857073845927,3376.8234471802834,1963127
2024-01-08,3379.85595703125,3436.320079253609,3374.4345273007075,3434.620091894895,1067805
2024-01-09,3390.5146484375,3447.897858716544,3383.944863545508,3408.937908160742,1370944
2024-01-10,3411.78662109375,3426.6721669236586,3388.7690424654966,3390.606769711953,1292227
2024-01-11,3432.4609375,3466.8723341694326,3406.2273370702587,3421.8480181412583,1777909
2024-01-12,3567.763427734375,3588.3918695130374,3511.5290234837503,3535.7869314092995,6813450
2024-01-15,3587.059326171875,3643.293726721728,3569.784647746258,3638.6994092857612,2801505
2024-01-16,3548.008056640625,3582.649169426814,3542.724590950909,3582.649169426814,1432672
2024-01-17,3569.417236328125,3592.7102914180577,3503.213076388841,3509.1397010883193,3458696
2024-01-18,3585.95703125,3591.6539404750943,3548.6510808536727,3581.7301691267776,2239110
2024-01-19,3648.3662109375,3667.334143476537,3622.4587908841813,3650.1704325122582,2941975
2024-01-23,3569.903564453125,3639.899768957106,3555.5619574424277,3608.533376885165,2618854
2024-01-24,3554.68310546875,3593.4053099998555,3521.1885578051592,3590.028183123641,2657709
2024-01-25,3525.537109375,3572.447997496506,3496.298646388011,3552.924816553991,2205154
2024-01-29,3516.93212890625,3534.51216322596,3498.288130235622,3516.7471210923645,1646747
2024-01-30,3516.515625,3560.2343923222415,3503.978240197422,3522.899862568521,1411621
2024-01-31,3530.764892578125,3547.4659708226372,3512.722225277384,3526.3698838766622,2459358
2024-02-01,3566.110107421875,3613.0673074626943,3520.679730209892,3534.512397161187,2363107
2024-02-02,3669.878662109375,3686.625823288954,3582.626126302747,3585.448229768175,2826510
2024-02-05,3676.35546875,3721.415829059659,3665.9925459315737,3685.3304940687767,1691523
2024-02-06,3826.89599609375,3839.7570890882835,3691.807307643632,3698.2841625693227,4474396
2024-02-07,3778.226806640625,3844.4758674214854,3769.4830980416878,3842.625337521403,2124267
2024-02-08,3825.1376953125,3847.251435959756,3780.678671899335,3784.333423058057,2345173
2024-02-09,3824.76806640625,3872.0026633870466,3793.586455555742,3827.4047101937194,2100596
2024-02-12,3812.73974609375,3848.7324649898974,3798.721619618426,3821.3445300582025,1013716
2024-02-13,3839.38720703125,3858.355139973566,3776.4691855640554,3817.1347639781625,1257415
2024-02-14,3793.678955078125,3807.372695778341,3746.860457716769,3800.0631929479614,1391283
2024-02-15,3796.54736328125,3836.425921611901,3777.8568303798697,3819.4937535655404,1091582
2024-02-16,3819.771728515625,3837.953549147556,3793.6795237905503,3805.8466694877607,1307556
2024-02-19,3797.1025390625,3819.7715328328027,3751.9497852480945,3814.913891310595,772291
2024-02-20,3729.4189453125,3791.7356277963377,3710.312315144781,3777.02400598197,1193648
2024-02-21,3693.19482421875,3759.6751972072693,3683.109527232548,3713.0880194387687,1885939
2024-02-22,3781.650390625,3788.9135847979874,3674.2270417559253,3674.2270417559253,2982052
2024-02-23,3749.266845703125,3821.3449074740734,3743.9926538559025,3821.3449074740734,2538072
2024-02-26,3702.03173828125,3747.3234168691433,3685.0993428482916,3734.3697062923115,1379284
2024-02-27,3797.657470703125,3815.792754559911,3700.13463275584,3700.13463275584,2960475
2024-02-28,3811.120361328125,3844.3833662089555,3783.408494524996,3789.5153337368693,1939225
2024-02-29,3789.052978515625,3828.839375475597,3760.786086194176,3792.6614218354753,3772719
2024-03-01,3788.35888671875,3830.597144097078,3781.3730907093754,3800.2486324635324,2043265
2024-03-04,3775.728271484375,3810.1480791198646,3771.2869549745315,3798.2122527759802,1749271
2024-03-05,3712.255615234375,3760.276776027011,3682.554519829602,3758.426246117549,2070859
2024-03-06,3760.554931640625,3767.6794276190003,3662.6155319964905,3695.555059393514,1744204
2024-03-07,3801.5439453125,3815.792936239284,3735.9425199649227,3761.202300148567,2688905
2024-03-11,3814.266357421875,3842.625640015194,3783.408678550958,3783.408678550958,2304068
2024-03-12,3878.942138671875,3913.824809369905,3813.063090933948,3814.2662064898195,4039801
2024-03-13,3838.92431640625,3924.048692667849,3823.102195243199,3890.7391541307015,2837260
2024-03-14,3893.144775390625,3909.24429467232,3780.632470539905,3843.0417702321947,2919608
2024-03-15,3903.924072265625,3922.1980547097196,3864.831628809271,3879.265852135675,3373143
2024-03-18,3842.162841796875,3936.771186305901,3810.102500494757,3900.2232194784533,1526904
2024-03-19,3680.056396484375,3754.7252341028843,3670.1561065216574,3748.479695578933,8931209
2024-03-20,3674.134521484375,3717.7145912468923,3664.2342316393506,3688.106112670511,1817913
2024-03-21,3676.031494140625,3708.8320928330704,3652.946177836041,3691.853615815909,3829582
2024-03-22,3618.618896484375,3643.6936690237358,3566.8966719366435,3605.7578029927627,5852485
2024-03-26,3587.715087890625,3651.7433816109683,3582.1171893830456,3585.401925358136,3440925
2024-03-27,3553.85009765625,3603.907022394527,3543.209550606818,3597.892800149196,1968575
2024-03-28,3586.6044921875,3622.4121997880625,3553.4799625251735,3562.362596208228,4311783
2024-04-01,3624.03173828125,3639.3449194194973,3597.4766775972653,3606.405394611388,1569676
2024-04-02,3593.544189453125,3617.6473874613553,3583.5512824485972,3599.2807871740365,2142666
2024-04-03,3652.298583984375,3683.4799693421774,3563.195519200383,3563.195519200383,3973090
2024-04-04,3704.11328125,3727.5686125865695,3641.148955174128,3678.7608856605966,3394637
2024-04-05,3681.860595703125,3702.910373563839,3664.511877686053,3680.704014501987,1636819
2024-04-08,3675.6611328125,3731.269417903905,3664.0490131096794,3685.3301058625893,2302538
2024-04-09,3651.6044921875,3715.725399430203,3631.711295443335,3686.2556199419873,1876992
2024-04-10,3686.857177734375,3691.992443782896,3625.18835440643,3660.718440875778,2101965
2024-04-12,3702.355224609375,3713.4123219078538,3650.633002250067,3674.227259392984,4354821
2024-04-15,3646.654296875,3760.4618895048175,3626.1597679097335,3702.3552035360053,4200329
2024-04-16,3583.365966796875,3635.088184592879,3574.159626177411,3610.383656825331,3051420
2024-04-18,3573.37353515625,3641.843147171155,3562.270354829509,3587.0675027381876,3476284
2024-04-19,3540.2490234375,3564.6298474104997,3516.839772927929,3551.167196003858,2957749
2024-04-22,3575.779052734375,3588.177512833397,3527.1100255082283,3550.2416494950344,1728883
2024-04-23,3585.124267578125,3603.907192347492,3572.0781665521927,3587.298730696502,1807586
2024-04-24,3544.736328125,3606.6827712829886,3538.6294891035577,3599.280651690822,1317312
2024-04-25,3564.305908203125,3584.1527979444854,3526.1850340945725,3526.3700419218662,2856271
2024-04-26,3535.761474609375,3587.067373339443,3518.366447546027,3567.0352506857103,2039178
2024-04-29,3580.96044921875,3587.9925533633923,3533.7719356498687,3551.1669623012726,1110693
2024-04-30,3535.113525390625,3591.6473055453566,3525.2595437954037,3582.62597206714,2203078
2024-05-02,3574.576171875,3581.793283755537,3495.6973338865346,3495.6973338865346,2491044
2024-05-03,3556.163330078125,3602.6118127416667,3513.786374753984,3599.419467848168,2962234
2024-05-06,3628.01025390625,3645.497671472227,3565.0459275516187,3565.0459275516187,2053831
2024-05-07,3681.58349609375,3689.9571903631777,3621.0249409444073,3637.0320722300075,2062112
2024-05-08,3679.732421875,3686.5332096600414,3644.2486463464647,3664.974491004591,1247685
2024-05-09,3664.234130859375,3674.227037283015,3617.832184974583,3665.8996529124415,1726486
2024-05-10,3602.889404296875,3676.6332077878074,3594.7009443311135,3666.4552924738027,1672489
2024-05-13,3652.760986328125,3659.4228487372657,3580.775328600055,3594.1916702705203,931326
2024-05-14,3609.64404296875,3650.910955415098,3601.964297715039,3641.8433125575157,1058317
2024-05-15,3590.398193359375,3633.469324021022,3585.864485245422,3612.697170078893,1115021
2024-05-16,3635.646240234375,3643.6148000120916,3582.1034617844925,3626.466275520861,2599399
2024-05-17,3573.3427734375,3653.400619466784,3569.521523611679,3652.468629512838,2765804
2024-05-21,3560.38818359375,3583.2685838009415,3550.928576025766,3570.0810162003927,1908117
2024-05-22,3571.385986328125,3580.0068945675653,3557.9187751803274,3574.1819565679434,1311168
2024-05-23,3628.65625,3639.420779503035,3565.3275779741,3579.726777292213,2095742
2024-05-24,3587.695556640625,3619.6628596080805,3582.849254078192,3614.490269526303,1309452
2024-05-27,3585.412353515625,3642.5433888673538,3580.100055758464,3592.821628877189,1841538
2024-05-28,3578.74853515625,3606.8015269359616,3569.5219245903704,3595.617646232284,1801993
2024-05-29,3544.9638671875,3587.136417003768,3541.5621945153166,3587.136417003768,1568095
2024-05-30,3482.008056640625,3536.3428935872575,3462.7623259187662,3520.126358012179,2919230
2024-05-31,3421.28857421875,3494.7760752132112,3405.25839205768,3485.6425278948263,10956800
2024-06-03,3451.019287109375,3496.407154925521,3444.6350645492275,3478.9323423009814,2156773
2024-06-04,3462.343017578125,3490.3027189313802,3347.242247007224,3448.363166901497,3395997
2024-06-05,3491.65380859375,3526.4637252968946,3448.3629196102897,3463.274759262659,2799670
2024-06-06,3569.89453125,3578.7484365631567,3487.0407083341674,3523.8543146362385,4328036
2024-06-07,3629.122314453125,3648.740748916949,3576.3251734304413,3576.3251734304413,4552445
2024-06-10,3596.26953125,3640.2594108529347,3580.6120547712317,3630.1008115349123,1734661
2024-06-11,3590.11865234375,3616.0744364710417,3579.7734726681783,3583.5014325459897,1419898
2024-06-12,3571.0595703125,3628.703245697616,3567.145257624904,3610.9021447965306,2177001
2024-06-13,3614.396728515625,3625.4409004223003,3590.0252823719024,3594.498879632959,1932323
2024-06-14,3571.43212890625,3624.508910984573,3567.657524106183,3624.508910984573,1860730
2024-06-18,3555.635498046875,3580.7059405566774,3536.949051157932,3565.840744067161,1774045
2024-06-19,3543.14599609375,3573.1096082285862,3534.991084379514,3567.3310887560774,1509050
2024-06-20,3529.67919921875,3550.835327141292,3522.9689165897294,3537.834111884448,2846526
2024-06-21,3551.5810546875,3614.071032548509,3539.7448266543074,3566.7258928791084,4642195
2024-06-24,3557.2197265625,3594.685681678317,3533.453979898565,3549.7171610298915,1702154
2024-06-25,3577.39697265625,3585.97123515531,3534.9447826173177,3557.4058326486897,1338808
2024-06-26,3593.613525390625,3603.9584772724033,3579.7733836736766,3583.035348485668,1639845
2024-06-27,3666.588134765625,3673.9043468159107,3558.4308841597035,3570.453463381977,4526556
2024-06-28,3638.628173828125,3690.679899280851,3632.756819653996,3651.3499721241155,2731571
2024-07-01,3707.642333984375,3729.54409757546,3619.8489271393464,3619.8489271393464,2658723
2024-07-02,3744.176513671875,3749.7684536400434,3711.6967988787364,3721.9953338274368,2307449
2024-07-03,3695.572998046875,3752.2846751988714,3686.0201014501963,3746.5994457218176,1821198
2024-07-04,3747.4853515625,3772.0900254407375,3711.277674588624,3727.8204980005016,2518001
2024-07-05,3738.957275390625,3752.8904794437894,3716.775869378986,3737.2796479964227,1668616
2024-07-08,3721.62255859375,3757.0848248979423,3707.503000592041,3748.4639170826727,1758882
2024-07-09,3714.446044921875,3734.437184375931,3704.753440197671,3713.9800499344306,1305801
2024-07-10,3643.28857421875,3731.0355681986657,3636.6249368125336,3712.7684734009517,2669716
2024-07-11,3656.848876953125,3709.319956009016,3630.6600961977388,3663.652449012925,4872189
2024-07-12,3899.39990234375,3914.3117429549025,3701.2120841991746,3709.3203520241623,13509164
2024-07-15,3885.65283203125,3951.637541017052,3874.3287896416814,3947.630166106164,4848030
2024-07-16,3894.273681640625,3909.2783561355113,3863.005145027192,3888.2621642902236,2029521
2024-07-18,4022.048828125,4030.856314703166,3877.077981309866,3877.077981309866,5613364
2024-07-19,4019.1064453125,4071.7461454391314,4003.085786003565,4033.1187635646565,3903354
2024-07-22,4005.0478515625,4035.501383022473,3984.1694048386576,4016.8182908544136,1896386
2024-07-23,4019.060546875,4074.5027192991724,3985.38399641182,4000.9845622844437,2365208
2024-07-24,4022.703857421875,4053.390931920216,3987.06594524342,4005.188456010749,1809793
2024-07-25,4037.88330078125,4057.0334702817745,3992.763815580868,4012.1940490122543,2810342
2024-07-26,4098.9296875,4131.251522639573,4051.4743678448162,4063.5718504032297,3552210
2024-07-29,4092.62548828125,4139.239719328842,4083.190434029873,4124.293243249117,1746803
2024-07-30,4077.911865234375,4108.411921630266,4042.3670091056038,4101.966346130687,1797906
2024-07-31,4096.5947265625,4123.358163060002,4058.9014994326476,4063.572272159268,2330091
2024-08-01,4107.5712890625,4128.309247535578,4077.6313604093743,4109.71966219366,2202244
2024-08-02,4001.031005859375,4108.412268405413,3988.840469779698,4077.585164072221,2811282
2024-08-05,3881.458984375,3959.881447438652,3839.842578366732,3959.881447438652,2787771
2024-08-06,3896.545654296875,3977.863625691211,3886.830082040627,3896.312115658603,2203067
2024-08-07,3923.869873046875,3965.439752757732,3905.0462929478185,3949.6056498315265,1237666
2024-08-08,3897.806640625,3953.342314714544,3886.083182706168,3905.7004295419442,2441283
2024-08-09,3950.305908203125,3973.5662644176555,3928.633340987178,3939.3295926438254,1302536
2024-08-12,3919.3857421875,3959.8814362113103,3910.698286669118,3951.4740446269975,936912
2024-08-13,3920.600341796875,3955.210587370805,3907.568702638658,3935.5933407163916,1495593
2024-08-14,4012.427490234375,4022.65666541517,3912.379442730103,3931.856657097139,3226545
2024-08-16,4125.27392578125,4135.5031028065905,4040.3128244424006,4063.573186629471,3457058
2024-08-19,4194.35400390625,4198.32416081418,4101.265592573427,4129.897338812813,2055210
2024-08-20,4225.46142578125,4264.415856031023,4203.695805507033,4208.366578624263,2212298
2024-08-21,4251.80419921875,4259.744512454685,4196.735609089243,4220.510023524182,1896990
2024-08-22,4205.56396484375,4260.63256038501,4201.080205263111,4259.744931072301,1829872
2024-08-23,4169.97216796875,4209.300163518819,4161.658284171403,4203.69523653677,1809253
2024-08-26,4205.984375,4252.411582886306,4189.683195499672,4193.419813734232,1844164
2024-08-27,4201.033203125,4213.0371807751935,4191.364611938651,4208.366407847505,930697
2024-08-28,4209.34716796875,4262.080377779873,4163.807131055486,4202.528021816373,1848058
2024-08-29,4214.71826171875,4256.008074746709,4166.329239106743,4166.329239106743,2133641
2024-08-30,4253.90673828125,4289.871692313383,4192.29905664945,4203.695925833791,3637222
2024-09-02,4223.35986328125,4285.901701999436,4214.905945819847,4274.691845760554,1216500
2024-09-03,4215.232421875,4255.914670528628,4199.865396904255,4223.35929287244,1717263
2024-09-04,4184.31201171875,4191.551709902781,4144.563915753981,4182.163638580721,1265505
2024-09-05,4181.2294921875,4202.761573408929,4160.864648093675,4185.946790496868,1688793
2024-09-06,4163.29296875,4221.397559718623,4147.645881247546,4179.360608219492,1649179
2024-09-09,4156.5673828125,4194.587657162911,4138.771920285124,4161.658707791496,1184938
2024-09-10,4211.029296875,4241.015753552719,4148.0673621993965,4149.935671573333,1385591
2024-09-11,4184.4052734375,4249.7960919167,4176.838530358877,4223.733271206021,1325919
2024-09-12,4220.23046875,4234.149281228469,4139.519145451951,4213.270834445676,2742216
2024-09-13,4224.80810546875,4247.601388750184,4208.366891647148,4231.720758970384,1458786
2024-09-16,4216.0732421875,4246.713330569917,4198.511318185657,4228.917867918421,1155120
2024-09-17,4208.9736328125,4237.138303114714,4171.934493703706,4216.0732990838,1699364
2024-09-18,4059.9755859375,4200.9394121289515,4036.4816909272813,4200.9394121289515,2961779
2024-09-19,4013.268310546875,4131.018774987293,3999.863100420091,4100.985338817707,2927551
2024-09-20,4002.75927734375,4045.5438351546454,3949.1388902025246,4032.652226956164,5447908
2024-09-23,3987.43896484375,4025.645797282258,3972.9595683449616,4016.864835147739,1702319
2024-09-24,3990.054443359375,4008.4574718134822,3960.8155862244616,3971.698396314348,3012026
2024-09-25,3993.27734375,4007.149630672786,3960.8154716650097,3972.352372106861,2713073
2024-09-26,4009.8583984375,4032.558171508336,3979.4983756188117,3979.4983756188117,3964251
2024-09-27,4024.991943359375,4089.7286720477664,4016.911141494716,4049.5600258855798,3012477
2024-09-30,3987.43896484375,4015.697141881708,3979.5451759133052,4004.6273184936945,2503416
2024-10-01,4005.5615234375,4012.894728466357,3963.571546741507,3975.3415301068503,1823365
2024-10-03,3954.042724609375,3997.2473731270484,3932.790708311492,3981.927329527354,3350119
2024-10-04,3972.25927734375,4014.996854376727,3945.915932654942,3946.8035620618125,2965463
2024-10-07,3991.502197265625,4014.295476129203,3950.9130012728624,3992.4828770510344,1472619
2024-10-08,3973.193115234375,3997.6211671843516,3927.1394751787057,3991.2690982560466,1541867
2024-10-09,3972.9130859375,4012.1941053785968,3967.0746195443417,3979.4986935769084,1082504
2024-10-10,3949.044921875,4011.1196752502233,3922.141452820864,3973.1929086369787,2378875
2024-10-11,3875.994384765625,3962.6372224848437,3841.6642037825386,3870.2024438892004,5759183
2024-10-14,3864.2705078125,3891.1274523744905,3850.772247615099,3867.4000169266274,2137590
2024-10-15,3845.7275390625,3895.378221785948,3825.3631508944272,3859.039242334843,2759474
2024-10-16,3825.316162109375,3844.046006612446,3799.3933731218913,3816.0213698692205,2359151
2024-10-17,3838.441162109375,3858.0118829761873,3823.447935515133,3841.990767054733,2522659
2024-10-18,3860.962158203125,3882.593864616222,3820.6488768482636,3830.013212330735,2361000
2024-10-21,3820.508544921875,3876.788293233767,3811.2845829224775,3869.905415130514,1595450
2024-10-22,3760.249267578125,3829.826332498303,3751.6809912522635,3807.539166224046,1928049
2024-10-23,3807.773193359375,3852.066320525731,3741.192671772974,3745.359984263881,1966476
2024-10-24,3790.58935546875,3819.7125309359994,3749.480013206115,3749.480013206115,2676744
2024-10-25,3799.626220703125,3831.8863126796623,3776.3557541640885,3799.1580039005003,1759676
2024-10-28,3830.809326171875,3871.2163428984345,3793.4923573008123,3810.301294003955,1532534
2024-10-29,3816.20068359375,3842.654930403522,3802.013807284174,3835.4913054593726,1445885
2024-10-30,3825.003173828125,3845.9325549291766,3801.967045880175,3815.966681601265,1935002
2024-10-31,3716.18994140625,3819.0572656752893,3708.2771230674366,3811.284820930421,3740372
2024-11-01,3730.93896484375,3744.751361411663,3723.307121917537,3736.22995222741,154895
2024-11-04,3712.162841796875,3738.148871941436,3664.498467142464,3714.176311035008,2269192
2024-11-05,3718.9052734375,3732.623932770423,3690.578160049064,3690.578160049064,967590
2024-11-06,3876.50732421875,3886.0120339656723,3722.5577293084234,3749.105713751395,3792017
2024-11-07,3887.042236328125,3938.452350809554,3825.3782193936936,3904.6474627956704,3724349
2024-11-08,3883.39013671875,3904.6940011051383,3855.905719127717,3890.881605513963,1648039
2024-11-11,3931.803466796875,3965.1401331569796,3855.905258290536,3865.784905929242,1406487
2024-11-12,3930.5859375,3949.8765593236603,3899.6369927808482,3948.0036922969543,1587640
2024-11-13,3886.527099609375,3929.977525148187,3868.4536576373816,3912.513130781797,1098813
2024-11-14,3882.359619140625,3895.5634231532636,3854.781926464299,3872.152585273737,1825432
2024-11-18,3763.994873046875,3945.194775506029,3736.5573227124837,3945.194775506029,3313944
2024-11-19,3782.770263671875,3869.48387485758,3758.9380751010713,3764.369206895897,1776233
2024-11-21,3813.953369140625,3832.3073290355883,3768.208500051012,3787.779869251299,2384347
2024-11-22,3974.7861328125,3984.4783119791628,3796.301797976082,3812.2211691072102,3096553
2024-11-25,4040.803955078125,4052.9775895772523,3981.9023842193856,4007.935050481905,4052167
2024-11-26,4076.014404296875,4089.0307389004984,4036.0285097141345,4046.3759173117037,2060669
2024-11-27,4057.145263671875,4099.1444026279705,4049.1855779681123,4081.8674768285296,1558993
2024-11-28,3975.067138671875,4064.0754321048016,3963.923669603517,4044.456964095816,2558544
2024-11-29,3999.3671875,4025.4469524620627,3928.9472039488446,3951.749451593235,2017425
2024-12-02,4004.79833984375,4015.6144213940793,3961.160446167199,3998.5711483563714,1670944
2024-12-03,4029.239990234375,4050.075639477932,3994.3111970963105,4040.1027122998416,2010905
2024-12-04,4077.60595703125,4108.087141922203,4016.4099361163426,4039.352556956816,3302642
2024-12-05,4180.28515625,4203.649351470417,4082.8494480755217,4121.055746252116,3746747
2024-12-06,4162.9150390625,4181.175491938829,4132.246842565077,4169.93829016878,1842087
2024-12-09,4169.14306640625,4185.296547190364,4134.8695026852665,4148.8227301424695,2066639
2024-12-10,4150.78857421875,4208.145132266229,4131.638781428679,4144.795490622383,2087828
2024-12-11,4146.01318359375,4165.86530184749,4126.862933306924,4150.13340004317,1635256
2024-12-12,4171.7646484375,4199.904292516949,4144.654715424752,4148.447088243233,1914642
2024-12-13,4189.5107421875,4209.175850371938,4115.064261203555,4153.036923019799,1967048
2024-12-16,4134.5419921875,4190.540540988883,4117.498717034216,4175.557602741771,1646224
2024-12-17,4053.352294921875,4151.162954243801,4043.519743438294,4129.6716231039545,3225027
2024-12-18,4071.472900390625,4084.723344320789,4016.9256434427375,4037.6209173556795,1575404
2024-12-19,4000.350341796875,4086.5959621440575,3991.0797412140178,4009.808411984614,3015763
2024-12-20,3905.20849609375,4103.451653679163,3888.5401624606857,4053.8206774936325,4116989
2024-12-23,3893.97119140625,3948.940020065292,3853.330069463599,3933.0672895418265,2195338
2024-12-24,3913.823974609375,3949.8766658457575,3893.971400693724,3893.971400693724,1181886
2024-12-26,3904.085205078125,3932.9742715466155,3879.784571556427,3913.824022550346,1208464
2024-12-27,3900.105224609375,3915.18189568121,3883.6239032620824,3898.372731154391,858100
2024-12-30,3894.439697265625,3932.3652563563705,3850.6147896579423,3887.135698411994,1527169
2024-12-31,3834.50830078125,3876.7884144403706,3775.7470931508838,3872.1528852838974,1555429
2025-01-01,3851.03662109375,3871.2165826951264,3825.752684747837,3834.133719917376,763161
2025-01-02,3910.312255859375,3917.1013988528443,3836.521477668905,3858.106087323385,1720835
2025-01-03,3839.28369140625,3914.2454689148967,3832.1669338378674,3914.2454689148967,1791953
2025-01-06,3834.6953125,3885.8713135613334,3807.9132220434763,3844.527864583333,2085593
2025-01-07,3772.2353515625,3877.162777576041,3756.5500894487573,3853.3774566252837,2669054
2025-01-08,3847.243408203125,3863.7247297154518,3762.355800488186,3778.4155440164827,2181277
2025-01-09,3782.114501953125,3874.727682896163,3769.4257824077367,3840.313752052967,2392472
2025-01-10,3994.498046875,4023.8553328042613,3904.92826106441,3933.021270136816,7894300
2025-01-13,4018.330078125,4048.155577994656,3958.6790783856877,3975.160400233359,4003771
2025-01-14,3963.9697265625,4039.680468057699,3950.8596572903593,4028.537000624965,3441709
2025-01-15,3979.46826171875,3985.882923236608,3939.9976774856577,3949.8768689287285,1653474
2025-01-16,3938.920166015625,4021.0455693202,3925.3889758814885,3989.2068293675015,2637705
2025-01-17,3933.197998046875,3967.816296035525,3910.0716357624865,3967.1485446760735,1761466
2025-01-20,3888.85302734375,3953.70197855909,3879.6025285384753,3953.70197855909,1287799
2025-01-21,3848.84716796875,3920.514965783352,3843.2681372189027,3905.5424789112035,1971591
2025-01-22,3964.002197265625,3970.2485138616216,3856.81016118588,3862.3414621912134,2409223
2025-01-23,3953.36865234375,3997.1417593700044,3948.218491564728,3974.87360036335,1822998
2025-01-24,3959.948974609375,3984.4103764893116,3913.839201798022,3913.839201798022,1910099
2025-01-27,3876.7890625,3963.7634492210204,3853.8058882600144,3911.9316916717908,1551782
2025-01-28,3853.09033203125,3911.93137910054,3841.646359201117,3882.1770963078384,2468272
2025-01-29,3909.83349609375,3917.5107746444246,3866.155848644477,3866.155848644477,1217089
2025-01-30,3910.072021484375,3938.539000483225,3870.447447016769,3909.929064937949,1531251
2025-01-31,3921.85009765625,3937.156693449871,3895.958197625441,3919.5613958118993,1492943
2025-02-01,3884.41845703125,3944.260904282812,3868.0632040212854,3922.4220804091583,437172
2025-02-03,3880.126953125,3888.0901447868278,3813.4181682881867,3844.1261184510477,1265713
2025-02-04,3916.747802734375,3928.0013238151814,3877.647789023421,3894.479875194974,2547132
2025-02-05,3901.536865234375,3957.707610233867,3887.136438388733,3957.707610233867,1693912
2025-02-06,3893.573486328125,3947.6939432135873,3863.8192024122486,3915.1738927290917,2284536
2025-02-07,3842.695556640625,3900.487717170586,3822.2872299314695,3900.487717170586,1548940
2025-02-10,3849.89599609375,3864.248693904035,3828.34331731039,3852.804719489709,1339511
2025-02-11,3779.89697265625,3852.8045770599656,3771.743094621823,3832.2053307443857,1810908
2025-02-12,3767.11767578125,3835.400146101803,3757.5810309224153,3787.097133023103,1678002
2025-02-13,3728.97119140625,3799.828511079361,3721.437334907012,3784.140776452309,2277310
2025-02-14,3752.52685546875,3765.0674505275315,3719.2915544724856,3743.133167001155,1681975
2025-02-17,3723.583251953125,3751.716356302624,3677.521207418633,3677.8073533505512,1799806
2025-02-18,3693.733642578125,3742.561223009311,3685.436807212675,3717.765943674978,2149879
2025-02-19,3608.761962890625,3695.402243866394,3593.5508277041968,3692.779666465734,4366672
2025-02-20,3604.279541015625,3612.4811488989126,3577.4817080927064,3587.209039488717,2888572
2025-02-21,3610.57373046875,3640.137329423988,3600.0834211620527,3601.1325452240194,1833931
2025-02-24,3505.289306640625,3588.8301766028944,3499.9486923438976,3569.7091569360205,2508516
2025-02-25,3461.373291015625,3488.505001501012,3453.4578285088955,3457.0340706509483,4101954
2025-02-27,3445.16064453125,3469.4313588459286,3433.8596273751255,3444.349936596485,3823856
2025-02-28,3321.8515625,3433.191882580923,3296.817871689514,3418.839186617266,7085018
2025-03-03,3331.19775390625,3359.9983745974937,3315.08068451919,3323.520708287026,4990439
2025-03-04,3368.390625,3386.462520072022,3303.7798574035824,3313.030356161702,2797737
2025-03-05,3382.695556640625,3433.5259187324127,3357.7095944485823,3357.7095944485823,2501894
2025-03-06,3434.718017578125,3442.204143903758,3372.2529953515404,3392.184489465064,2786513
2025-03-07,3443.873291015625,3457.033908045006,3408.778389880028,3433.1922948860747,2051315
2025-03-10,3423.32177734375,3454.2683775177134,3416.5986286887846,3439.391117760303,1004626
2025-03-11,3409.63671875,3422.4634596541796,3373.7311107824903,3393.138276405314,1995450
2025-03-12,3343.738525390625,3403.8671205164956,3325.2852564493496,3399.8140462677893,3174167
2025-03-13,3348.363525390625,3360.9995790197195,3322.6623157069057,3340.0189616732987,1693004
2025-03-17,3335.632080078125,3366.864590627224,3316.2251483346326,3327.3352459788202,2690906
2025-03-18,3335.632080078125,3335.632080078125,3335.632080078125,3335.632080078125,0
2025-03-19,3335.06005859375,3382.647821765271,3302.301591434365,3382.647821765271,3051244
2025-03-20,3398.049560546875,3413.117506170413,3349.269714639503,3349.269714639503,2845192
2025-03-21,3412.30712890625,3448.6893373916764,3304.4475780330895,3313.9842232799383,4161925
2025-03-24,3460.800537109375,3480.636804108051,3401.339698729423,3433.1919980242437,1834751
2025-03-25,3488.266357421875,3538.0953280117983,3469.4314833711383,3476.1071349334247,3135390
2025-03-26,3467.33349609375,3509.9622534210275,3457.8445807190283,3478.7297405017125,1734499
2025-03-27,3482.019775390625,3493.2730630548403,3443.2056768112207,3447.354210516991,2528474
2025-03-28,3439.056884765625,3491.3177419988115,3425.467166663208,3481.8288275034715,2051919
2025-04-01,3386.271728515625,3417.9333412495,3361.6671394822783,3407.156886548775,2618493
2025-04-02,3379.739013671875,3398.9554916534353,3366.4831712122864,3379.786743459071,1764313
2025-04-03,3245.46337890625,3339.733211605574,3238.7877271411903,3329.2429016890515,4537821
2025-04-04,3146.5205078125,3242.1253724074613,3142.80130945332,3206.7922895105216,5317367
2025-04-07,3122.345458984375,3138.891399190129,2914.446587584341,2956.3600978903933,6623955
2025-04-08,3140.36962890625,3193.8225734236476,3104.46425178094,3149.0480694302546,5557558
2025-04-09,3096.1669921875,3118.4826464343632,3063.217839984452,3109.470564251139,2990265
2025-04-11,3081.766845703125,3146.0914699537143,3057.44840084302,3137.1271167444256,7108961
2025-04-15,3097.693115234375,3160.8256612772952,3088.5380753385457,3160.8256612772952,3512160
2025-04-16,3122.107177734375,3126.207982032335,3079.3829575856194,3097.693271127009,2384391
2025-04-17,3146.043701171875,3150.526110549214,3068.8923368600476,3095.1181104037555,2932346
2025-04-21,3167.692138671875,3198.5907757535792,3131.929719443861,3137.6517065203434,2432946
2025-04-22,3160.825439453125,3179.421896695883,3142.3244417890623,3168.645674402416,2710498
2025-04-23,3254.85693359375,3262.390790001095,3182.6645776182195,3209.081037662751,3543923
2025-04-24,3243.985107421875,3254.379956863419,3230.7290317834236,3243.5082751937634,2252175
2025-04-25,3288.235107421875,3316.65435532197,3247.2275350265327,3261.532502141187,2742991
2025-04-28,3283.943603515625,3297.581052006719,3247.227521408655,3275.837455517982,1593296
2025-04-29,3311.60009765625,3333.0575496928996,3271.450727603039,3294.9109682944113,1578332
2025-04-30,3293.670654296875,3347.2665464023585,3210.0343339326632,3311.122759184256,2809332
2025-05-02,3272.022705078125,3329.7194038998173,3261.5323962014536,3311.122947254809,1721761
2025-05-05,3294.2431640625,3342.117073001106,3286.7090751925784,3290.142360352066,1284443
2025-05-06,3299.679443359375,3312.077082886448,3277.745158042246,3299.679443359375,1324763
2025-05-07,3285.469482421875,3299.202157339632,3262.104703449532,3262.104703449532,1477128
2025-05-08,3289.093505859375,3315.8915722956835,3269.829528910395,3288.235300913292,2543591
2025-05-09,3280.891845703125,3286.5183728127727,3240.6472525793256,3241.5054574508877,2531757
2025-05-12,3452.646728515625,3462.278832722667,3339.923635561146,3342.5939426230407,2228678
2025-05-13,3352.130615234375,3455.1263780922163,3347.8391251152984,3452.646757336565,3062887
2025-05-14,3384.269287109375,3395.999407449705,3346.0274789718064,3357.8528260686357,2119499
2025-05-15,3414.0234375,3433.192187008764,3351.272499900048,3398.8602651386764,3548330
2025-05-16,3396.28515625,3427.3744767433614,3381.7895035858132,3427.3744767433614,1666727
2025-05-19,3355.754638671875,3385.5089240585153,3341.3542118072583,3385.5089240585153,2537377
2025-05-20,3336.204833984375,3393.138562626365,3332.1040297404493,3368.1525972918466,2038374
2025-05-21,3362.43017578125,3373.111171091834,3336.2044033172906,3345.454901948022,1440153
2025-05-22,3315.89111328125,3335.7273793338804,3291.381984807686,3333.05707245268,2034383
2025-05-23,3351.74951171875,3371.204175356121,3305.0199488920316,3315.8916316020463,1274331
2025-05-26,3373.3974609375,3380.7406309750972,3347.457833268305,3357.8526831208233,967470
2025-05-27,3336.5859375,3375.972327891045,3321.708911006242,3368.3430118958113,2467680
2025-05-28,3335.632080078125,3365.481823748712,3331.149903755809,3356.8988437504863,1222933
2025-05-29,3336.013916015625,3368.8198820327834,3324.951314566822,3342.3079620855306,3188072
2025-05-30,3302.921630859375,3344.2153514588645,3293.0990724903722,3328.2892004179307,3404365
2025-06-02,3289.95166015625,3299.678990962806,3260.1973759363364,3290.142346480254,1877585
2025-06-03,3247.41796875,3312.5532938443826,3242.935792635043,3286.3275228408643,2848125
2025-06-04,3252.90234375,3266.2762443041534,3242.415101032151,3260.6957796433117,2544807
2025-06-05,3243.473388671875,3279.9384360226436,3236.353404838992,3279.9384360226436,3584683
2025-06-06,3256.077392578125,3262.523690035982,3231.542798077587,3243.4734869301915,2070390
2025-06-09,3292.350341796875,3303.992342378787,3262.5239694574043,3271.27954690969,1718678
2025-06-10,3331.7978515625,3353.831020585222,3293.6009022564963,3309.7649174374747,2419874
2025-06-11,3340.457275390625,3356.909980604606,3318.5206483022603,3338.629301432497,2847013
2025-06-12,3304.1845703125,3343.1512807546196,3293.6010193282204,3340.4572389790806,4060134
2025-06-13,3315.2490234375,3319.867346975648,3264.7366235777054,3264.7366235777054,2178493
2025-06-16,3363.93359375,3376.152737355931,3296.487416323079,3309.7650089781714,1934088
2025-06-17,3382.214111328125,3386.736126790608,3356.043924600645,3377.1147173394984,2111940
2025-06-18,3320.733154296875,3404.054653859175,3312.7475723939338,3385.8702840087717,2696327
2025-06-19,3294.37060546875,3320.3484110609393,3283.7870550423027,3319.3862701130806,2672768
2025-06-20,3305.627685546875,3315.826473793808,3281.7665424976394,3295.332824141505,2351248
2025-06-23,3265.12158203125,3295.3327135334735,3242.414961929286,3285.7113041508937,3123421
2025-06-24,3262.042724609375,3311.785601803136,3253.9608342374113,3304.569544364703,3403048
2025-06-25,3314.38330078125,3319.3863869066126,3271.2793378210094,3278.3030139670477,1757699
2025-06-26,3311.496826171875,3320.7332385135887,3286.000090554292,3314.3832490719788,2879106
2025-06-27,3310.82373046875,3335.1657116254887,3301.106011701098,3324.197397384813,1778433
2025-06-30,3330.931884765625,3333.721999491074,3300.143375143297,3309.66847634863,1468351
2025-07-01,3299.854736328125,3353.06117731207,3284.268100073099,3324.1969490999145,2375183
2025-07-02,3293.697265625,3357.7757139896216,3290.5221534097136,3355.1779803217332,3090585
2025-07-03,3272.049072265625,3305.242935877825,3268.9702681275116,3300.143541734672,2531870
2025-07-04,3290.329833984375,3297.257202194738,3261.7542933055606,3278.9765232213795,1109320
2025-07-07,3282.53662109375,3296.3915933540857,3279.361508602982,3288.8868460752856,1639174
2025-07-08,3277.244873046875,3295.333172183221,3264.9294203435506,3276.090350739815,2325242
2025-07-09,3255.692626953125,3284.749236961352,3239.528611847941,3280.9006731219124,2034938
2025-07-10,3253.9609375,3270.3173348795094,3228.9452709195743,3252.036655455352,3035012
2025-07-11,3142.352294921875,3208.740019462478,3137.6378982976325,3174.968778671878,7635550
2025-07-14,3100.691650390625,3148.1252470894524,3078.8510973979974,3142.352401281831,3924009
2025-07-15,3129.171142578125,3136.002202567695,3084.623968418985,3084.623968418985,2590889
2025-07-16,3121.2548828125,3132.6464874286985,3109.187305299685,3115.365810708297,2540733
2025-07-17,3098.181640625,3129.8470122556437,3093.2582102459683,3112.5663349360093,2947640
2025-07-18,3079.549072265625,3117.103513998714,3076.749488627971,3113.434923384125,3432645
2025-07-21,3048.946044921875,3086.9831935033963,3042.9605731669335,3079.6460115490218,3844346
2025-07-22,3050.297607421875,3070.0884350644405,3045.470576289542,3050.297607421875,3198036
2025-07-23,3069.122802734375,3071.92238630693,3048.3665703944635,3050.297382705153,1922875
2025-07-24,3039.098876953125,3063.909770455093,3031.3756269481614,3055.6074181166887,2934778
2025-07-25,3027.32080078125,3047.6907301283586,3017.47370470728,3031.375459671135,2568917
2025-07-28,2972.775390625,3010.1365638260077,2963.700430830921,3002.413314143324,3374473
2025-07-29,2950.281494140625,2967.658806606113,2935.993434530025,2954.1431191329557,4785312
2025-07-30,2947.96435546875,2962.831516110354,2941.7856146047457,2954.14286063789,2880121
2025-07-31,2931.74560546875,2953.9499481457733,2910.6997030967705,2936.47600158721,2968371
2025-08-01,2899.11474609375,2931.7455219766357,2896.2185275661836,2925.0840779463133,2053847
2025-08-04,2968.044677734375,2972.8717086542492,2888.1092342571515,2905.0038424767117,2519252
2025-08-05,2957.907958984375,2971.0375775693733,2936.7656575031788,2968.044724074376,1927996
2025-08-06,2927.401123046875,2960.7076353045086,2921.319017147813,2957.0390447864347,1487081
2025-08-07,2941.5927734375,2946.0337363593026,2906.741514367591,2911.665180402855,2543076
2025-08-08,2931.359130859375,2953.94977611907,2920.353595060068,2942.6545713366527,2762140
2025-08-11,2935.607177734375,2944.3922326106717,2916.78175710605,2931.3592490987544,1884215
2025-08-12,2930.393798828125,2989.2835752923374,2922.187846369997,2935.8001676667204,3358232
2025-08-13,2931.166259765625,2939.0825434733065,2923.8293140563796,2931.0698605624675,2148166
2025-08-14,2917.7470703125,2950.1845757137776,2914.6578177545016,2929.0422751905776,3342174
2025-08-18,2907.03125,2943.5236533530624,2899.501034118434,2941.1101377304376,2945609
2025-08-19,2911.858154296875,2920.353776057107,2906.9347240582983,2907.0311232620697,2650784
2025-08-20,2991.40771484375,2996.0414760002127,2906.741403418293,2906.741403418293,4952358
2025-08-21,2995.26953125,3021.721568272579,2976.444109339037,3021.721568272579,3230726
2025-08-22,2948.3505859375,2988.6079780367672,2944.4889610705222,2979.2435848733217,1593791
2025-08-25,3031.955078125,3042.960615514831,2970.6517789228456,2980.4988759076773,3448370
2025-08-26,3047.98046875,3052.6144657420946,3012.067404527304,3020.756060501902,5522097
2025-08-28,2986.67724609375,3037.6507428505593,2979.7263682848406,3036.2026334864163,3116051
2025-08-29,2977.988525390625,3007.2403810515466,2970.747978726777,2986.001444170926,2271789
2025-09-01,3004.92333984375,3022.7833539936464,2983.105066117822,2983.105066117822,1246862
2025-09-02,3003.861572265625,3045.856744495596,2995.752253975034,3013.1295666219185,2185229
2025-09-03,2990.345947265625,3033.209891747505,2981.1745876210657,3021.6250164070084,1799774
2025-09-04,2988.60791015625,3010.136515439645,2983.877514079595,3008.205703050011,1481391
2025-09-05,2942.84765625,2996.0413944584525,2923.8292019621163,2989.959524182405,2802055
2025-09-08,2914.56103515625,2958.8730811610762,2911.664816837115,2944.488624453979,2626187
2025-09-09,2943.909423828125,2954.1428233110028,2925.9530108288373,2927.208085964641,2489301
2025-09-10,3002.413330078125,3014.6739418754814,2947.7712440051832,2950.667462651561,2079428
2025-09-11,3016.1220703125,3030.4101295308183,3002.5099840051885,3030.4101295308183,2263446
2025-09-12,3025.003662109375,3039.774423958481,3013.0327196287853,3035.237062003493,1447167
2025-09-15,3004.24755859375,3025.583130595429,2988.8976937854013,3025.583130595429,1732539
2025-09-16,3036.878173828125,3041.0294675418386,3001.5444490507502,3019.790531578054,2573429
2025-09-17,3063.040771484375,3072.308529384687,3033.692282229551,3042.9602758247306,2418271
2025-09-18,3066.805908203125,3092.1961390627853,3052.035145819797,3074.8188270106057,2633138
2025-09-19,3059.565185546875,3070.474322402291,3035.2369972120114,3060.337557621526,4901694
2025-09-22,2967.465576171875,2999.420379452393,2958.96995461183,2987.93214013821,3634901
2025-09-23,2956.4599609375,2974.126942183857,2946.419830367542,2963.79714260431,3177741
2025-09-24,2930.393798828125,2951.2466664114318,2928.0769182943645,2944.4888232106205,1625714
2025-09-25,2855.092041015625,2924.794553291062,2848.913535961088,2917.4573723057974,4974361
2025-09-26,2798.809326171875,2852.5824066299083,2791.279110356836,2839.2597533717444,3934636
2025-09-29,2795.912841796875,2827.964278797825,2793.885394606466,2815.124329879908,3110035
2025-09-30,2788.479248046875,2814.448816935253,2785.2935960579534,2810.297523025748,2253458
2025-10-01,2813.38671875,2823.620118812873,2767.433524755383,2790.989341906879,1952902
2025-10-03,2801.51220703125,2822.8477787064007,2791.086008442819,2822.8477787064007,2899519
2025-10-06,2885.019775390625,2890.040076154485,2795.4302691582598,2801.608774520881,2112774
2025-10-07,2870.828125,2900.562680563452,2853.2577807972316,2891.3913224455114,3062943
2025-10-08,2922.477783203125,2937.7312492504684,2865.3257797487317,2872.083623568894,4121889
2025-10-09,2955.7841796875,2959.9354735767624,2915.5267874109013,2929.042474504859,3211304
2025-10-10,2923.53955078125,2963.7969409179377,2902.8797173331764,2944.4888175243354,8817365
2025-10-13,2903.16943359375,2930.4904757795234,2894.4807779251564,2922.2845232036298,2866865
2025-10-14,2857.89208984375,2922.477671901626,2853.2580928331454,2916.492200456414,3611416
2025-10-15,2877.756591796875,2887.349664986807,2859.539215693528,2878.9193527026337,4282226
2025-10-16,2878.628662109375,2882.7954389661986,2851.8842144350965,2877.8534092983937,3251495
2025-10-17,2870.391845703125,2896.1675207642234,2863.8025522629873,2877.950145926403,4374683
2025-10-20,2921.749267578125,2929.307567962745,2886.186765192536,2892.9698128193104,3133039
2025-10-21,2913.512939453125,2937.8351067763124,2903.1446131495227,2937.1568492749448,310644
2025-10-23,2977.951904296875,3001.9833223001874,2942.001890896718,2960.3160263483123,5564758
2025-10-24,2968.26171875,2994.231149497321,2963.513679841537,2984.541081052346,2684318
2025-10-27,2989.2890625,2998.300873295387,2965.3546412157716,2971.4594315335457,1946312
2025-10-28,2963.1259765625,2994.424945391891,2945.974602490029,2980.6650953225503,3470737
2025-10-29,2962.83544921875,2980.665080689528,2951.691870406029,2963.125962015583,2895420
2025-10-30,2941.226318359375,2968.8430115115416,2938.8038014162025,2954.598659200471,2241536
2025-10-31,2963.222900390625,2972.3314700068563,2931.342670159881,2940.9357431934422,1868085
2025-11-03,2923.2998046875,2963.2228381217715,2916.710511035491,2952.4667678534975,2194877
2025-11-04,2897.5244140625,2935.412678861251,2883.764563259587,2926.0133591519766,2670720
2025-11-06,2917.582763671875,2930.276848617888,2897.330614208824,2897.4276095278424,2542721
2025-11-07,2899.074951171875,2910.896788283535,2868.7449872547954,2907.989767522932,1830520
2025-11-10,2931.439453125,2953.4358611387806,2899.2684732632038,2900.237480105872,1556656
2025-11-11,2952.56396484375,2960.9942773891976,2924.462765309628,2950.6259510827763,2806868
2025-11-12,3034.735595703125,3039.192885115363,2962.3508338140637,2965.1608589527805,4460315
2025-11-13,3009.444580078125,3034.8325126833847,3005.859301984357,3034.7357539410323,1740435
2025-11-14,3009.7353515625,3016.6153949995773,2981.924901585002,2994.2312415737683,2210794
2025-11-17,3006.052978515625,3026.6928715689805,2990.93661372188,3009.7352518307202,2232853
2025-11-18,2991.421142578125,3008.7662705711664,2982.6030856096777,3005.8592500198897,2548350
2025-11-19,3050.142822265625,3057.216619603584,2987.932629650603,3001.0142221592077,3151053
2025-11-20,3047.3330078125,3066.422396812198,3040.8407087665255,3050.433782640164,2700767
2025-11-21,3052.952880859375,3071.7515179167412,3038.0300343800313,3047.3325941742696,4177037
2025-11-24,3043.84423828125,3080.375748831919,3033.960415828725,3060.1236005069036,6703764
2025-11-25,3022.526123046875,3052.1778273241375,3018.4563415864895,3047.817296493595,2737920
2025-11-26,3064.87158203125,3079.503679669953,3020.394263540353,3022.1385231343734,2508527
2025-11-27,3039.386962890625,3081.4417653096157,3028.1463888655812,3081.4417653096157,2836233
2025-11-28,3040.2587890625,3049.7551028737985,3028.146204245518,3042.6813060258964,1616690
2025-12-01,3036.285888671875,3056.2475238822894,3025.433059554359,3040.646419381282,1747647
2025-12-02,3038.5146484375,3046.557452385492,3023.688796726563,3033.96036368288,2512003
2025-12-03,3081.441650390625,3112.3528729457903,3041.7123712503685,3042.6813780586676,3952112
2025-12-04,3129.11669921875,3149.27208789607,3088.6121678196405,3095.00770730463,5025905
2025-12-05,3137.837890625,3170.2028609083113,3122.527535293584,3129.892081880524,5244013
2025-12-08,3136.190673828125,3158.8653395160463,3109.1554773099156,3142.489218360763,2544725
2025-12-09,3108.86474609375,3133.4774256277456,3082.604565643986,3129.8921475722495,2734893
2025-12-10,3090.356689453125,3125.0471830165943,3079.6008550466445,3125.0471830165943,1386849
2025-12-11,3092.972900390625,3108.9615135733166,3055.3756234989633,3105.6669848803986,1914362
2025-12-12,3120.6865234375,3123.1090405337873,3086.9650381423917,3098.5931202045713,1146554
2025-12-15,3130.0859375,3137.8379924435076,3098.2057061744017,3111.578048266741,1562190
2025-12-16,3105.763916015625,3120.202023295087,3092.197820262168,3120.202023295087,1734623
2025-12-17,3118.0703125,3136.5782015286727,3101.306446555184,3101.306446555184,1376350
2025-12-18,3179.117919921875,3185.9009682967376,3121.171259347543,3127.9543077224057,2307422
2025-12-19,3180.280517578125,3215.067769256,3177.179742937931,3196.753634213965,3902511
2025-12-22,3221.850830078125,3225.436344736965,3189.0015919916527,3207.4127224224762,2632816
2025-12-23,3207.41259765625,3217.005670614833,3191.423985009323,3217.005670614833,2365420
2025-12-24,3216.1337890625,3223.98283930865,3193.943626455098,3201.695681385047,1367708
2025-12-26,3178.342529296875,3217.102804044398,3170.3967202884214,3210.4167512800273,1176664
2025-12-29,3150.7255859375,3186.094333865139,3142.392032892103,3178.342279524835,2079473
2025-12-30,3146.17138671875,3166.229780553915,3139.097589626445,3149.2721612242462,2807593
